{"type": "FeatureCollection", "crs": {"type": "name", "properties": {"name": "urn:ogc:def:crs:OGC:1.3:CRS84"}}, "features": [{"type": "Feature", "properties": {"shapeName": "Sokcho-si", "shapeISO": "", "shapeID": "91817680B43621567480447", "shapeGroup": "KOR", "shapeType": "ADM2"}, "geometry": {"type": "Polygon", "coordinates": [[[128.59065077500009, 38.21203730700006], [128.55737318700005, 38.20668884000003], [128.53997808400004, 38.20668884000003], [128.51804512800004, 38.198368222000056], [128.50443157000007, 38.19658510900007], [128.4923306280001, 38.186479976000044], [128.481742305, 38.187668888000076], [128.46964136400004, 38.19182992700007], [128.45905304000007, 38.19242434100005], [128.44770840800004, 38.190046653000024], [128.44189646600012, 38.186493694000035], [128.42728807000003, 38.17756251700007], [128.4250191430001, 38.17102235400006], [128.4499773340001, 38.13652815200004], [128.46812874600005, 38.11629982900007], [128.47241884492172, 38.11485326390304], [128.4734229080001, 38.11451470700007], [128.4862801580001, 38.11986994000006], [128.50972573100012, 38.118084906000036], [128.52409559900002, 38.12046494200007], [128.54829748100008, 38.137717879000036], [128.56720520200008, 38.14128694300007], [128.57628090700007, 38.15139834300004], [128.59518862800007, 38.15139834300004], [128.60437849400012, 38.15346309600005], [128.60577695100005, 38.15377729200003], [128.6080458780001, 38.15972432600006], [128.60728956900005, 38.17102235400006], [128.60577695100005, 38.18053512400007], [128.60048279000011, 38.190046653000024], [128.59821386300007, 38.200151292000044], [128.59065077500009, 38.21203730700006]]]}}, {"type": "Feature", "properties": {"shapeName": "Goseong-gun", "shapeISO": "", "shapeID": "91817680B50485812736392", "shapeGroup": "KOR", "shapeType": "ADM2"}, "geometry": {"type": "Polygon", "coordinates": [[[128.59065077500009, 38.21203730700006], [128.56039842200005, 38.258968089000064], [128.54527224600008, 38.288655462000065], [128.550566408, 38.30171406100004], [128.5437596280001, 38.309429402000035], [128.5346839220001, 38.31595712500007], [128.5172888190001, 38.34324851200006], [128.51350727500005, 38.35214565500007], [128.51350727500005, 38.36044866900005], [128.506700496, 38.377051840000036], [128.49006170200005, 38.39068731000003], [128.48022968700002, 38.40135675400006], [128.459809349, 38.429800906000025], [128.45451518700008, 38.44046457600007], [128.4673724370001, 38.44757281400007], [128.4514899520001, 38.470077616000026], [128.4265317610001, 38.497310877000075], [128.40686773200002, 38.54524007900005], [128.40686773200002, 38.56061799400004], [128.36829598200006, 38.59845730700005], [128.33199315900004, 38.59845730700005], [128.319135909, 38.59077281000003], [128.31459805600002, 38.58426990100003], [128.3123291290001, 38.51506615400007], [128.30400973200005, 38.496127036000075], [128.29342140900008, 38.45645712700008], [128.2798078500001, 38.433948076000036], [128.2593875120001, 38.417950537000024], [128.23367301200005, 38.39365120200006], [128.22308468900007, 38.38594482900004], [128.21779052700003, 38.37942341100006], [128.21779052700003, 38.37112257300004], [128.226866233, 38.356297281000025], [128.24123610000004, 38.35214565500007], [128.26014382100004, 38.343841689000044], [128.2624127470001, 38.31536372000005], [128.272244762, 38.31239662200005], [128.2858583210001, 38.31951745400005], [128.29947187900007, 38.317143921000024], [128.31686698200008, 38.30468159700007], [128.32291745300006, 38.29043631900004], [128.32594268800005, 38.26193737300008], [128.33879993800008, 38.25837421800003], [128.3561950410001, 38.24827766400006], [128.36678336400007, 38.23402131800003], [128.38569108500008, 38.23045679400008], [128.3985483350001, 38.23283316200008], [128.411405585, 38.23877374400007], [128.42804437900008, 38.236397569000076], [128.436363776, 38.22986269000006], [128.44189646600012, 38.186493694000035], [128.44770840800004, 38.190046653000024], [128.45905304000007, 38.19242434100005], [128.46964136400004, 38.19182992700007], [128.481742305, 38.187668888000076], [128.4923306280001, 38.186479976000044], [128.50443157000007, 38.19658510900007], [128.51804512800004, 38.198368222000056], [128.53997808400004, 38.20668884000003], [128.55737318700005, 38.20668884000003], [128.59065077500009, 38.21203730700006]]]}}, {"type": "Feature", "properties": {"shapeName": "Yangyang-gun", "shapeISO": "", "shapeID": "91817680B9940099959324", "shapeGroup": "KOR", "shapeType": "ADM2"}, "geometry": {"type": "Polygon", "coordinates": [[[128.47241884492172, 38.11485326390304], [128.46056565800006, 38.10677867800007], [128.4159434380001, 38.099637001000076], [128.41216189300007, 38.09070892300008], [128.411405585, 38.07642172900006], [128.41291820200001, 38.062131744000055], [128.4159434380001, 38.05319908600006], [128.42275021700004, 38.04426533800006], [128.48249861400006, 38.037713229000076], [128.49308693700004, 38.032351977000076], [128.50216264300002, 38.021628296000074], [128.50518787800002, 38.01328657000005], [128.51501989300004, 38.003156054000044], [128.50594418700007, 37.99183205700007], [128.50216264300002, 37.982294704000026], [128.49989371700008, 37.969178818000046], [128.4938432460001, 37.96083112600007], [128.47796076100008, 37.951289743000075], [128.4688850550001, 37.94234357200003], [128.46812874600005, 37.93279978800007], [128.47871707000002, 37.880286831000035], [128.48380570955538, 37.87980485234986], [128.49762479000003, 37.87849595600005], [128.53241499600006, 37.87491407600004], [128.55359164300012, 37.87073499500008], [128.5656925840001, 37.86177902400004], [128.58006245100012, 37.85461346300008], [128.58838184900003, 37.853419135000024], [128.60275171600006, 37.85759919800006], [128.6314914510001, 37.87312307000008], [128.6549370250001, 37.87670503800007], [128.67006320100006, 37.87670503800007], [128.70560971600003, 37.88386845100007], [128.71695434800006, 37.89103116700005], [128.739643612, 37.89759637800006], [128.7971230830001, 37.90654799400005], [128.80241724400003, 37.91490185400005], [128.75250086200003, 37.982294704000026], [128.70787864200008, 38.034139105000065], [128.68443306900008, 38.05736779500006], [128.6768699800001, 38.06808624400003], [128.6753573630001, 38.075826369000026], [128.66552534800007, 38.089518430000055], [128.6519117890001, 38.10142248600005], [128.60437849400012, 38.15346309600005], [128.59518862800007, 38.15139834300004], [128.57628090700007, 38.15139834300004], [128.56720520200008, 38.14128694300007], [128.54829748100008, 38.137717879000036], [128.52409559900002, 38.12046494200007], [128.50972573100012, 38.118084906000036], [128.4862801580001, 38.11986994000006], [128.4734229080001, 38.11451470700007], [128.47241884492172, 38.11485326390304]]]}}, {"type": "Feature", "properties": {"shapeName": "Gangneung-si", "shapeISO": "", "shapeID": "91817680B99242230797556", "shapeGroup": "KOR", "shapeType": "ADM2"}, "geometry": {"type": "Polygon", "coordinates": [[[128.58838184900003, 37.853419135000024], [128.58233137800005, 37.813995463000026], [128.58233137800005, 37.803874817000064], [128.58233137800005, 37.803239896000036], [128.59518862800007, 37.79487337300003], [128.598970172, 37.77574633200004], [128.598970172, 37.76438730900003], [128.6035080250001, 37.75721229100003], [128.61485265700003, 37.75541842700005], [128.6299788340001, 37.76558307800008], [128.647373936, 37.76618095500004], [128.67308843600006, 37.75781023500008], [128.68443306900008, 37.75721229100003], [128.69653401000005, 37.75362452000007], [128.72981159800008, 37.73448680700005], [128.73586206800007, 37.72671069800003], [128.7472067010001, 37.70038550100003], [128.75476978900008, 37.69200734000003], [128.761576568, 37.67824116400004], [128.75930764200007, 37.67165643800007], [128.75098824500003, 37.66327503100007], [128.739643612, 37.65609021600005], [128.73283683300008, 37.646509380000055], [128.72981159800008, 37.63333371300007], [128.73586206800007, 37.610570239000026], [128.72300481800005, 37.59439195600004], [128.71166018600002, 37.58420382500003], [128.68670199500002, 37.58060768100006], [128.6814078330001, 37.57221600300005], [128.6768699800001, 37.55063306000005], [128.6771236223238, 37.54994930249419], [128.68065152500003, 37.54043894200004], [128.7018281710001, 37.52364559000006], [128.71241649500007, 37.52424541800008], [128.7426688480001, 37.532042739000076], [128.76233287700006, 37.532642499000076], [128.78426583300006, 37.528444077000074], [128.7971230830001, 37.52064638000007], [128.80241724400003, 37.50804837900006], [128.80846771500012, 37.506248491000065], [128.81829973000004, 37.49304798600008], [128.83115698000006, 37.493648059000066], [128.84703946500008, 37.50024855000004], [128.86065302400004, 37.51644728200006], [128.86216564100005, 37.54463668900007], [128.8598967150001, 37.560226251000074], [128.86519087700003, 37.569818207000026], [128.8848549060001, 37.57880954400008], [128.89393061200008, 37.57041766300006], [128.91208202300004, 37.541038634000074], [128.92947712600005, 37.529643650000025], [128.94006545000002, 37.52604487200006], [128.9521663910001, 37.532042739000076], [128.96577995000007, 37.533842005000054], [128.9783461897544, 37.52719827834623], [128.98393136100003, 37.52424541800008], [128.99981384600005, 37.52904386600005], [129.038385596, 37.533842005000054], [129.0474613020001, 37.541038634000074], [129.05124284600004, 37.56562187800006], [129.05124284600004, 37.58240577500004], [129.06561271400005, 37.596788960000026], [129.0648564050001, 37.604578692000075], [129.04519237600005, 37.634531597000034], [129.04519237600005, 37.64471283600005], [129.0489739200001, 37.65249754700005], [129.05653700800008, 37.65848523200003], [129.05653700800008, 37.66566981600005], [129.05275546400003, 37.674649567000074], [129.04519237600005, 37.68243114000006], [128.99149444900002, 37.72551430100003], [128.98846921400002, 37.737477401000035], [128.9831750520001, 37.74345822600003], [128.8848549060001, 37.825944255000024], [128.87351027400007, 37.84565553300007], [128.83720745000005, 37.87849595600005], [128.830400671, 37.892224885000076], [128.830400671, 37.89938678800007], [128.80123674000004, 37.91649638400003], [128.80241724400003, 37.91490185400005], [128.7971230830001, 37.90654799400005], [128.739643612, 37.89759637800006], [128.71695434800006, 37.89103116700005], [128.70560971600003, 37.88386845100007], [128.67006320100006, 37.87670503800007], [128.6549370250001, 37.87670503800007], [128.6314914510001, 37.87312307000008], [128.60275171600006, 37.85759919800006], [128.58838184900003, 37.853419135000024]]]}}, {"type": "Feature", "properties": {"shapeName": "Donghae-si", "shapeISO": "", "shapeID": "91817680B21216327036282", "shapeGroup": "KOR", "shapeType": "ADM2"}, "geometry": {"type": "Polygon", "coordinates": [[[128.9783461897544, 37.52719827834623], [128.97183042000006, 37.52364559000006], [128.96577995000007, 37.515247497000075], [128.96275471400008, 37.49784843900005], [128.9816624350001, 37.47984514700005], [128.98090612600004, 37.464839090000055], [128.96199840500003, 37.45283207400007], [128.95897317000004, 37.44502648100007], [128.95897317000004, 37.44142362400004], [128.95897317000004, 37.43782059500006], [128.96275471400008, 37.430013435000035], [128.971074111, 37.424608001000024], [128.98241874400003, 37.420403505000024], [128.9975449200001, 37.41800083000004], [129.01720894900006, 37.427010464000034], [129.0504865370001, 37.44742828900007], [129.0693942580001, 37.44862916400007], [129.12460480200002, 37.44802872900004], [129.13443681600006, 37.454032863000066], [129.1677144040001, 37.46363847500004], [129.1662017870001, 37.47084187400003], [129.15712608100011, 37.47924496300004], [129.152588228, 37.48704698500006], [129.14653775800002, 37.49124773600005], [129.12989896300007, 37.48824722300003], [129.1223358750001, 37.49484819200006], [129.130655272, 37.49664835500005], [129.130655272, 37.505648518000044], [129.11401647800005, 37.54043894200004], [129.1208232580001, 37.55602938200008], [129.12006694900003, 37.56322387000006], [129.1132601690001, 37.57821015500008], [129.10494077200008, 37.58600183200008], [129.06498097300005, 37.60329573400003], [129.06561271400005, 37.596788960000026], [129.05124284600004, 37.58240577500004], [129.05124284600004, 37.56562187800006], [129.0474613020001, 37.541038634000074], [129.038385596, 37.533842005000054], [128.99981384600005, 37.52904386600005], [128.98393136100003, 37.52424541800008], [128.9783461897544, 37.52719827834623]]]}}, {"type": "Feature", "properties": {"shapeName": "Samcheok-si", "shapeISO": "", "shapeID": "91817680B11339106619066", "shapeGroup": "KOR", "shapeType": "ADM2"}, "geometry": {"type": "Polygon", "coordinates": [[[128.95897317000004, 37.44142362400004], [128.90376262600012, 37.433016285000065], [128.89619953800002, 37.427010464000034], [128.89241799400008, 37.39997830900006], [128.8848549060001, 37.392768087000036], [128.87426658200002, 37.38615810700003], [128.852333627, 37.36452137100008], [128.85006470000008, 37.350694634000035], [128.853846244, 37.327844879000054], [128.86670349400003, 37.31521440100005], [128.86065302400004, 37.301980195000056], [128.8659471850001, 37.28332804100006], [128.8848549060001, 37.26828261400004], [128.897712156, 37.25383617500006], [128.9022500090001, 37.23456994700007], [128.91056940600004, 37.218310236000036], [128.91888880300007, 37.22011704300007], [128.93401497900004, 37.24902008000004], [128.9347712880001, 37.28152274900003], [128.94687222900006, 37.30378499600005], [128.971074111, 37.321229179000056], [128.98544397900002, 37.32543923700007], [129.01040217000002, 37.32664206800007], [129.00586431700003, 37.24841804600004], [128.99603230200012, 37.22433276000004], [129.0005701550001, 37.209877894000044], [129.00283908200004, 37.18758788400004], [129.0225031110001, 37.168304730000045], [129.0489739200001, 37.16408588400003], [129.0678816400001, 37.16348317300003], [129.07620103700003, 37.16167500900008], [129.08754567000005, 37.14781098700007], [129.09359614000005, 37.12429661700003], [129.08678936100011, 37.09956850300006], [129.09117594416733, 37.08907168713507], [129.0913272140001, 37.08870970800007], [129.10267184600002, 37.09051961500006], [129.12611741900002, 37.08508976300004], [129.14502514000003, 37.07543573300006], [129.17527749300007, 37.05069167100004], [129.18756180348907, 37.03569555018354], [129.1881347430001, 37.03499613200006], [129.221412331, 37.034392393000076], [129.23275696300004, 37.03741104200003], [129.2335132720001, 37.06879787500003], [129.2365385070001, 37.07603914600003], [129.24712683100006, 37.086899757000026], [129.26452193300008, 37.09836204700008], [129.2819170360001, 37.104394135000064], [129.30914415400002, 37.12188447400007], [129.33712758000001, 37.134547369000074], [129.3522537560001, 37.13695910900003], [129.36359838900012, 37.14298812200008], [129.36284208000006, 37.148413823000055], [129.35679160900008, 37.15685302900005], [129.34998483000004, 37.171318048000046], [129.34393435900006, 37.18879291800005], [129.34393435900006, 37.194215331000066], [129.3492285210001, 37.212889553000025], [129.34393435900006, 37.22553720700006], [129.35301006500003, 37.23336564400006], [129.3537663740001, 37.23697849500007], [129.35149744800003, 37.24239744600004], [129.34166543300012, 37.25203017600006], [129.33485865400007, 37.25624410800003], [129.3318334180001, 37.26166167400004], [129.32956449200003, 37.275504795000074], [129.32653925700004, 37.28152274900003], [129.3038499920001, 37.29295553700007], [129.29477428600012, 37.30799603200006], [129.29023643300002, 37.31100377000007], [129.2773791830001, 37.31280835500007], [129.2743539480001, 37.31641739500003], [129.27057240400006, 37.323634956000035], [129.26452193300008, 37.346485991000065], [129.2509083750001, 37.36933007400006], [129.24939575700012, 37.380749508000065], [129.2100676980001, 37.402982363000035], [129.20174830100007, 37.410792342000036], [129.19569783100007, 37.419202177000045], [129.19040366900003, 37.43421739100006], [129.1896473600001, 37.44742828900007], [129.18737843400004, 37.454032863000066], [129.1677144040001, 37.46363847500004], [129.13443681600006, 37.454032863000066], [129.12460480200002, 37.44802872900004], [129.0693942580001, 37.44862916400007], [129.0504865370001, 37.44742828900007], [129.01720894900006, 37.427010464000034], [128.9975449200001, 37.41800083000004], [128.98241874400003, 37.420403505000024], [128.971074111, 37.424608001000024], [128.96275471400008, 37.430013435000035], [128.95897317000004, 37.43782059500006], [128.95897317000004, 37.44142362400004]]]}}, {"type": "Feature", "properties": {"shapeName": "Taebaek-si", "shapeISO": "", "shapeID": "91817680B55715776787208", "shapeGroup": "KOR", "shapeType": "ADM2"}, "geometry": {"type": "Polygon", "coordinates": [[[128.91056940600004, 37.218310236000036], [128.9113257150001, 37.15323634200007], [128.9106485420001, 37.152372781000054], [128.90754417000005, 37.148413823000055], [128.89014906800003, 37.13635618100005], [128.8863675230001, 37.11826611400005], [128.878804435, 37.111632007000026], [128.87426658200002, 37.10499731800007], [128.88107336200005, 37.09534582300006], [128.8818296710001, 37.07543573300006], [128.8757792, 37.05129528000003], [128.878804435, 37.04103326200004], [128.88589156963567, 37.038461855522705], [128.88712383200004, 37.03801475700004], [128.91359464100003, 37.05914177000005], [128.92342665600006, 37.082073011000034], [128.94082175900007, 37.08327972600006], [128.94762853800012, 37.079056139000045], [128.9521663910001, 37.07060825700006], [128.96199840500003, 37.06940134000007], [128.9975449200001, 37.07543573300006], [129.01720894900006, 37.06759092900006], [129.0225031110001, 37.06819440400005], [129.0429234490001, 37.06396997600007], [129.05124284600004, 37.060348850000025], [129.060318552, 37.06396997600007], [129.06410009600006, 37.06879787500003], [129.09117594416733, 37.08907168713507], [129.08678936100011, 37.09956850300006], [129.09359614000005, 37.12429661700003], [129.08754567000005, 37.14781098700007], [129.07620103700003, 37.16167500900008], [129.0678816400001, 37.16348317300003], [129.0489739200001, 37.16408588400003], [129.0225031110001, 37.168304730000045], [129.00283908200004, 37.18758788400004], [129.0005701550001, 37.209877894000044], [128.99603230200012, 37.22433276000004], [129.00586431700003, 37.24841804600004], [129.01040217000002, 37.32664206800007], [128.98544397900002, 37.32543923700007], [128.971074111, 37.321229179000056], [128.94687222900006, 37.30378499600005], [128.9347712880001, 37.28152274900003], [128.93401497900004, 37.24902008000004], [128.91888880300007, 37.22011704300007], [128.91056940600004, 37.218310236000036]]]}}, {"type": "Feature", "properties": {"shapeName": "Uljin-gun", "shapeISO": "", "shapeID": "91817680B88731995383072", "shapeGroup": "KOR", "shapeType": "ADM2"}, "geometry": {"type": "Polygon", "coordinates": [[[129.18756180348907, 37.03569555018354], [129.17527749300007, 37.017485742000076], [129.1601513160001, 37.01567409200004], [129.1442688310001, 37.018089616000054], [129.12536111100007, 37.02533572600004], [129.11855433100004, 37.025939538000046], [129.10115922800003, 37.01386239900006], [129.0898145960001, 37.00057532900007], [129.08830197800012, 36.98607769500006], [129.0898145960001, 36.93773229200008], [129.09662137500004, 36.932896063000044], [129.12611741900002, 36.919594853000035], [129.14199990500003, 36.90568656100004], [129.14805037500003, 36.87786236900007], [129.15229294257804, 36.8765897012065], [129.1601513160001, 36.874232379000034], [129.1911599780001, 36.86939212400006], [129.19872306600007, 36.863341373000026], [129.247883139, 36.84458100300003], [129.26225300700003, 36.863341373000026], [129.26905978600007, 36.86576173100008], [129.27662287500004, 36.86092093900004], [129.27662287500004, 36.848817618000055], [129.27057240400006, 36.83852828800008], [129.27284133000012, 36.82460522700006], [129.27662287500004, 36.81855093200005], [129.28948012400008, 36.810679632000074], [129.29023643300002, 36.79251200400006], [129.3038499920001, 36.78342657500008], [129.30914415400002, 36.77434006800007], [129.30838784500008, 36.76404072400004], [129.27511025700005, 36.739801519000025], [129.26830347700002, 36.71555465600005], [129.28267334500003, 36.710704365000026], [129.28569858000003, 36.69857729700004], [129.27813549200005, 36.67553059800008], [129.26754716900007, 36.66764461500003], [129.2758665660001, 36.661577925000074], [129.291749051, 36.65975782400005], [129.30838784500008, 36.661577925000074], [129.32956449200003, 36.65793768100008], [129.34393435900006, 36.65187022500004], [129.37343040300004, 36.65490401300008], [129.38250610900002, 36.66218461500006], [129.39385074200004, 36.65854440000004], [129.40519537400007, 36.64944310900006], [129.41371475402178, 36.644886217604586], [129.41427108000005, 36.644588647000035], [129.4210778590001, 36.65126345300007], [129.42939725600002, 36.668251258000055], [129.44527974100004, 36.67735032500008], [129.47326316800002, 36.70039647900006], [129.47250685900008, 36.71858593300004], [129.47704471200007, 36.72707287000003], [129.47250685900008, 36.740407592000054], [129.47023793200003, 36.75555787300004], [129.476288403, 36.76646422400006], [129.46116222700005, 36.795540241000026], [129.45662437400006, 36.814312640000026], [129.44074188800005, 36.83550175100004], [129.42485940300003, 36.851238436000074], [129.4165400060001, 36.88391196900005], [129.41578369700005, 36.91415278000005], [129.4210778590001, 36.94196374000006], [129.41880893300004, 36.96311745600008], [129.4104895360001, 36.97761946500003], [129.4104895360001, 36.983057006000024], [129.4165400060001, 36.990910547000055], [129.4180526240001, 36.996951179000064], [129.4150273890001, 37.01386239900006], [129.408976918, 37.02714714600006], [129.4135147710001, 37.034392393000076], [129.41427108000005, 37.03982587400003], [129.41200215300012, 37.05008805600005], [129.4150273890001, 37.05431325700005], [129.42788463800002, 37.059745313000064], [129.42637202100002, 37.064573480000035], [129.42183416800003, 37.06879787500003], [129.40292644700003, 37.078452750000054], [129.38553134500012, 37.09594907800005], [129.37494302100004, 37.111028877000024], [129.3741867120001, 37.129723659000035], [129.36359838900012, 37.14298812200008], [129.3522537560001, 37.13695910900003], [129.33712758000001, 37.134547369000074], [129.30914415400002, 37.12188447400007], [129.2819170360001, 37.104394135000064], [129.26452193300008, 37.09836204700008], [129.24712683100006, 37.086899757000026], [129.2365385070001, 37.07603914600003], [129.2335132720001, 37.06879787500003], [129.23275696300004, 37.03741104200003], [129.221412331, 37.034392393000076], [129.1881347430001, 37.03499613200006], [129.18756180348907, 37.03569555018354]]]}}, {"type": "Feature", "properties": {"shapeName": "Yeongdeok-gun", "shapeISO": "", "shapeID": "91817680B91067436457746", "shapeGroup": "KOR", "shapeType": "ADM2"}, "geometry": {"type": "Polygon", "coordinates": [[[129.26754716900007, 36.66764461500003], [129.23426958100004, 36.65789976100007], [129.23072438300005, 36.64747102100006], [129.23190611600012, 36.61712483900004], [129.22836091800002, 36.607639207000034], [129.22363398800007, 36.60194726700007], [129.222452255, 36.592459768000026], [129.23308784800008, 36.567786811000076], [129.2354513130001, 36.54405537900004], [129.23426958100004, 36.526014617000044], [129.23190611600012, 36.516517789000034], [129.2259974530001, 36.50512005600007], [129.2200887900001, 36.49752063500006], [129.20945319700002, 36.49752063500006], [129.19527240700006, 36.500370506000024], [129.16691082600005, 36.500370506000024], [129.15036657100006, 36.49847060400003], [129.14796834900005, 36.49525742800006], [129.14682137300008, 36.49372064500005], [129.14682137300008, 36.459512345000064], [129.17636468700005, 36.42338720500004], [129.18581854700005, 36.41863264500006], [129.1976358720001, 36.41577976900004], [129.22127052300004, 36.39295299200006], [129.22127052300004, 36.384391221000044], [129.21181666300004, 36.36536169000004], [129.21063493000008, 36.353941736000024], [129.22481572000004, 36.33776060100007], [129.23190611600012, 36.33300080400005], [129.24372344100004, 36.32824071500005], [129.2615734035997, 36.32485696654413], [129.263812894, 36.32443243500006], [129.2744484870001, 36.32443243500006], [129.2898110100001, 36.32157610300004], [129.29808313700005, 36.310149728000056], [129.29099274200007, 36.293007025000065], [129.29099274200007, 36.277765904000034], [129.3028100670001, 36.26538030200004], [129.32289952000008, 36.26252180700004], [129.36189669400005, 36.26252180700004], [129.36650545100008, 36.263760501000036], [129.372532287, 36.26538030200004], [129.376077484, 36.27681323500008], [129.3701688220001, 36.297769265000056], [129.37135055400006, 36.323480336000046], [129.37725921700007, 36.336808665000035], [129.42807371600009, 36.41958358000005], [129.43280064600003, 36.43384621200005], [129.43280064600003, 36.456660972000066], [129.43516411100006, 36.47756860700008], [129.44107277400008, 36.48516998600007], [129.4434362390001, 36.49562066400006], [129.44461797100007, 36.526014617000044], [129.43516411100006, 36.55449810700003], [129.41625639000006, 36.57727734300005], [129.4115294600001, 36.586766709000074], [129.41271119300006, 36.615227806000064], [129.41034772800003, 36.62376408800003], [129.41034772800003, 36.63229942400005], [129.41371475402178, 36.644886217604586], [129.40519537400007, 36.64944310900006], [129.39385074200004, 36.65854440000004], [129.38250610900002, 36.66218461500006], [129.37343040300004, 36.65490401300008], [129.34393435900006, 36.65187022500004], [129.32956449200003, 36.65793768100008], [129.30838784500008, 36.661577925000074], [129.291749051, 36.65975782400005], [129.2758665660001, 36.661577925000074], [129.26754716900007, 36.66764461500003]]]}}, {"type": "Feature", "properties": {"shapeName": "Pohang-si", "shapeISO": "", "shapeID": "91817680B48442195707238", "shapeGroup": "KOR", "shapeType": "ADM2"}, "geometry": {"type": "Polygon", "coordinates": [[[129.2615734035997, 36.32485696654413], [129.23308784800008, 36.30443591200003], [129.218907058, 36.288244494000025], [129.218907058, 36.275860555000065], [129.2070897320001, 36.258710317000066], [129.19645414000001, 36.23679064500004], [129.1846368140001, 36.22821170800006], [129.17281948900006, 36.223445225000034], [129.15391176800006, 36.234884296000075], [129.14091271100006, 36.251086781000026], [129.1267319200001, 36.26156895200006], [129.08300781700007, 36.26919146500006], [129.065281829, 36.26823869200007], [129.05582796800002, 36.26252180700004], [129.06173663100003, 36.25013378600005], [129.068827026, 36.24441557600005], [129.0723722240001, 36.23869694700005], [129.06410009600006, 36.21677166200004], [129.04519237600005, 36.207237011000075], [129.03810198000008, 36.19579389800003], [129.00974040000006, 36.17576442500007], [128.99201441200012, 36.170040777000054], [128.98492401700003, 36.162408597000024], [128.98643214263836, 36.16098802455731], [128.99201441200012, 36.15572983000004], [129.02628465500004, 36.152867327000024], [129.0440106430001, 36.14714200800006], [129.05110103800007, 36.141416270000036], [129.06055489900007, 36.12137289900005], [129.07119049100004, 36.11278131600005], [129.07709915400005, 36.11850914200005], [129.0948251420001, 36.11278131600005], [129.10191553700008, 36.10227921500007], [129.10191553700008, 36.08700092600003], [129.10900593200006, 36.07840558400005], [129.1397309780001, 36.06312265400004], [129.1491848380001, 36.05356931600005], [129.16336562900005, 36.048792211000034], [129.17400122200002, 36.033503530000075], [129.19645414000001, 36.03541477700003], [129.22363398800007, 36.03923713300003], [129.24017824300006, 36.04783675600004], [129.241359976, 36.06025677400004], [129.24372344100004, 36.06598843000006], [129.2709032890001, 36.068854101000056], [129.2803571490001, 36.06025677400004], [129.2839023470001, 36.04401481700006], [129.28272061400003, 36.03254788900006], [129.27917541700003, 36.022990839000045], [129.30162833500003, 35.983794818000035], [129.31344566000007, 35.94649271900005], [129.32408125300003, 35.93309792500003], [129.32644471800006, 35.92352882500006], [129.32644471800006, 35.910130139000046], [129.33235338100008, 35.89289992300007], [129.3512611010001, 35.88141102800006], [129.36307842600002, 35.85938598900003], [129.37725921700007, 35.85747047900003], [129.3926217400001, 35.85268150100006], [129.40443906500002, 35.85268150100006], [129.4115294600001, 35.86130145300007], [129.41625639000006, 35.87279326400005], [129.42689198300002, 35.874708404000046], [129.43870930800006, 35.86608991000003], [129.4434362390001, 35.85172367000007], [129.45052663400008, 35.84789223400003], [129.4788882140001, 35.84118677400005], [129.50937691320652, 35.832947841374256], [129.5107949930001, 35.83256463500004], [129.5273392480001, 35.85747047900003], [129.52497578300006, 35.873750839000024], [129.52497578300006, 35.90151550000007], [129.5202488530001, 35.92352882500006], [129.5273392480001, 35.93309792500003], [129.54152003900003, 35.94362259700006], [129.548610434, 35.95605904000007], [129.5497921660001, 35.98188231800003], [129.5557008290001, 35.99048820000007], [129.57342681700004, 36.00769714900008], [129.57933548000005, 36.02012349800003], [129.5781537470001, 36.04592581000003], [129.56397295700003, 36.07936066800005], [129.55924602700009, 36.08413591600004], [129.5497921660001, 36.085090931000025], [129.53442964300007, 36.07840558400005], [129.53088444600007, 36.07362998700006], [129.51906712100003, 36.04401481700006], [129.49661420200005, 36.018211880000024], [129.4658891570001, 35.99813708600004], [129.44816316900005, 35.99240049100007], [129.42571025100005, 36.00865309100004], [129.40089386700004, 36.01247674600006], [129.394985205, 36.021079290000046], [129.4056207980001, 36.024902342000075], [129.42876195700012, 36.026887197000065], [129.421017354, 36.033933182000055], [129.40068777300007, 36.03863015500008], [129.39149105800004, 36.03080171100004], [129.38132626800007, 36.033150326000055], [129.37793800400004, 36.04410960400003], [129.37987415500004, 36.060936953000066], [129.39681547200007, 36.06602358300006], [129.4040760370001, 36.071501124000065], [129.415208903, 36.07463097600004], [129.42004927900007, 36.07776070400007], [129.4195652410001, 36.08793145900006], [129.42585773100006, 36.094971980000025], [129.436506559, 36.09418973100003], [129.43844271000012, 36.106313715000056], [129.432634258, 36.112570524000034], [129.42246946700004, 36.11452567400005], [129.4002037360001, 36.132510773000035], [129.3963314340001, 36.13759277200006], [129.39536335900004, 36.143065326000055], [129.40068777300007, 36.14814664100004], [129.38671307700008, 36.176718325000024], [129.37489575200004, 36.190071714000055], [129.37135055400006, 36.19960845500003], [129.37725921700007, 36.208190529000035], [129.38434961200005, 36.21391138800004], [129.38553134500012, 36.229164970000056], [129.3831678790001, 36.23869694700005], [129.3737140190001, 36.251086781000026], [129.36650545100008, 36.263760501000036], [129.36189669400005, 36.26252180700004], [129.32289952000008, 36.26252180700004], [129.3028100670001, 36.26538030200004], [129.29099274200007, 36.277765904000034], [129.29099274200007, 36.293007025000065], [129.29808313700005, 36.310149728000056], [129.2898110100001, 36.32157610300004], [129.2744484870001, 36.32443243500006], [129.263812894, 36.32443243500006], [129.2615734035997, 36.32485696654413]]]}}, {"type": "Feature", "properties": {"shapeName": "Gyeongju-si", "shapeISO": "", "shapeID": "91817680B5353031397212", "shapeGroup": "KOR", "shapeType": "ADM2"}, "geometry": {"type": "Polygon", "coordinates": [[[129.1491848380001, 36.05356931600005], [129.13854924600003, 36.04019269300005], [129.1361857810001, 36.03159223600005], [129.13854924600003, 36.00865309100004], [129.1338223150001, 36.005785229000026], [129.11491459500007, 36.00291726200004], [129.11255113000004, 35.99048820000007], [129.11255113000004, 35.97423185700006], [129.12318672300012, 35.94936273700006], [129.12909538500003, 35.94362259700006], [129.13145885000006, 35.92735660400007], [129.12555018800003, 35.916829766000035], [129.1078242000001, 35.92161486600003], [129.09718860700002, 35.934054771000035], [129.07473568900002, 35.938838829000076], [129.04873757300004, 35.920657869000024], [129.0404654460001, 35.90534434400007], [129.0310115850001, 35.89385725600005], [129.02510292300008, 35.87853854400004], [129.0310115850001, 35.86225916700005], [129.0274663880001, 35.854597127000034], [129.0140866370001, 35.839103658000056], [129.01092213200002, 35.835438785000065], [129.00383173700004, 35.803817406000064], [128.99437787700003, 35.77505977000004], [128.97547015600003, 35.74916900100004], [128.97547015600003, 35.73670007100003], [128.98492401700003, 35.725188555000045], [128.99083267900005, 35.71271587000007], [128.9991048070001, 35.70120088800007], [129.0215577250001, 35.67528610000005], [129.04164717800006, 35.66184548800004], [129.04282891100002, 35.65128342000003], [129.0499193060001, 35.63879917500003], [129.07000875900007, 35.64456137600007], [129.07119049100004, 35.65896506300004], [129.07000875900007, 35.67240615900005], [129.07946261900008, 35.69256356100004], [129.091279944, 35.699281563000056], [129.10191553700008, 35.703120167000066], [129.14209444300002, 35.71271587000007], [129.16336562900005, 35.709837280000045], [129.1810916170001, 35.709837280000045], [129.19172720900008, 35.711756351000076], [129.205908, 35.71079682200008], [129.24608690600007, 35.699281563000056], [129.2709032890001, 35.68872444900006], [129.2744484870001, 35.67912585900007], [129.263812894, 35.67336615100004], [129.26026769600003, 35.665685894000035], [129.2709032890001, 35.64840261300003], [129.27799368400008, 35.64648201800003], [129.29690140500009, 35.64648201800003], [129.3063552650001, 35.65512433400005], [129.32171778800011, 35.66376571400008], [129.3477159040001, 35.67240615900005], [129.38553134500012, 35.665685894000035], [129.40089386700004, 35.65896506300004], [129.4434362390001, 35.64648201800003], [129.44579970400002, 35.65608453300007], [129.4658891570001, 35.67912585900007], [129.47061608700005, 35.69256356100004], [129.47179781900002, 35.70407979000004], [129.48597861000007, 35.725188555000045], [129.48597861000007, 35.744373490000044], [129.4918872720001, 35.75971810900006], [129.49070554000002, 35.78752269000006], [129.49661420200005, 35.79519120800006], [129.50606806300004, 35.80285898600005], [129.50843152800007, 35.80956768500005], [129.50937691320652, 35.832947841374256], [129.4788882140001, 35.84118677400005], [129.45052663400008, 35.84789223400003], [129.4434362390001, 35.85172367000007], [129.43870930800006, 35.86608991000003], [129.42689198300002, 35.874708404000046], [129.41625639000006, 35.87279326400005], [129.4115294600001, 35.86130145300007], [129.40443906500002, 35.85268150100006], [129.3926217400001, 35.85268150100006], [129.37725921700007, 35.85747047900003], [129.36307842600002, 35.85938598900003], [129.3512611010001, 35.88141102800006], [129.33235338100008, 35.89289992300007], [129.32644471800006, 35.910130139000046], [129.32644471800006, 35.92352882500006], [129.32408125300003, 35.93309792500003], [129.31344566000007, 35.94649271900005], [129.30162833500003, 35.983794818000035], [129.27917541700003, 36.022990839000045], [129.28272061400003, 36.03254788900006], [129.2839023470001, 36.04401481700006], [129.2803571490001, 36.06025677400004], [129.2709032890001, 36.068854101000056], [129.24372344100004, 36.06598843000006], [129.241359976, 36.06025677400004], [129.24017824300006, 36.04783675600004], [129.22363398800007, 36.03923713300003], [129.19645414000001, 36.03541477700003], [129.17400122200002, 36.033503530000075], [129.16336562900005, 36.048792211000034], [129.1491848380001, 36.05356931600005]]]}}, {"type": "Feature", "properties": {"shapeName": "Buk-gu", "shapeISO": "", "shapeID": "91817680B63178832268751", "shapeGroup": "KOR", "shapeType": "ADM2"}, "geometry": {"type": "Polygon", "coordinates": [[[129.29690140500009, 35.64648201800003], [129.29423144100008, 35.58948956000006], [129.2941994910001, 35.58880732700004], [129.3033962070001, 35.58526461100007], [129.31452907300002, 35.584477320000076], [129.34260325600007, 35.587626439000076], [129.34937978300002, 35.58408367100003], [129.35325208400002, 35.55376691300006], [129.35615631000007, 35.550222647000055], [129.35731798070654, 35.54975006647092], [129.358286076, 35.54935624700005], [129.36390091200008, 35.54707205700004], [129.37358166500007, 35.542739794000056], [129.3943952840001, 35.51713527800007], [129.39778354700002, 35.51713527800007], [129.4021398860001, 35.51713527800007], [129.4098844890001, 35.54470903300006], [129.41617697800007, 35.55337311300008], [129.422953505, 35.558886132000055], [129.43941078500006, 35.56400502300005], [129.45102768800007, 35.56282376900003], [129.45732017800003, 35.56361127400004], [129.45344787700003, 35.573060723000026], [129.4544159520001, 35.58093441200003], [129.463612667, 35.591562665000026], [129.46264459200006, 35.59746664000005], [129.45538402700004, 35.61556944900008], [129.4427990480001, 35.629734007000025], [129.44037886, 35.64153588800008], [129.4434362390001, 35.64648201800003], [129.40089386700004, 35.65896506300004], [129.38553134500012, 35.665685894000035], [129.3477159040001, 35.67240615900005], [129.32171778800011, 35.66376571400008], [129.3063552650001, 35.65512433400005], [129.29690140500009, 35.64648201800003]]]}}, {"type": "Feature", "properties": {"shapeName": "Ulju-gun", "shapeISO": "", "shapeID": "91817680B44823551048989", "shapeGroup": "KOR", "shapeType": "ADM2"}, "geometry": {"type": "Polygon", "coordinates": [[[129.0499193060001, 35.63879917500003], [129.02477203800004, 35.627619319000075], [129.01115847900007, 35.61778282600005], [129.0081332430001, 35.60978978500003], [129.0255283460001, 35.59626128000008], [129.0255283460001, 35.59011120400004], [129.01796525800012, 35.580885204000026], [128.98544397900002, 35.56550617400006], [128.9771245820001, 35.55381613800006], [128.989981832, 35.539047339000035], [128.99678861100006, 35.53350833800005], [128.99864154451612, 35.530492477446735], [129.0005701550001, 35.52735344400003], [129.03989821400012, 35.51134851000006], [129.07468842000003, 35.50334484700005], [129.0928398310001, 35.49718764000005], [129.11401647800005, 35.481176693000066], [129.12687372800008, 35.45530611700008], [129.15788239000005, 35.433124715000076], [129.16695809600003, 35.42819468500005], [129.20250461000012, 35.42819468500005], [129.2100676980001, 35.41895006400006], [129.21233662500003, 35.40477291900004], [129.2100676980001, 35.39675864600008], [129.199479375, 35.385660647000066], [129.199479375, 35.37887778400005], [129.20237083595757, 35.377074879241135], [129.21233662500003, 35.37086093800008], [129.2335132720001, 35.37456112000007], [129.247883139, 35.37949443100007], [129.25922777200003, 35.37887778400005], [129.26527824200002, 35.375177800000074], [129.28116072700004, 35.35544168900003], [129.29401797700007, 35.322743142000036], [129.30006844800005, 35.32397729000007], [129.31065677100003, 35.32891369200007], [129.32351402100005, 35.34310416900007], [129.32653925700004, 35.34989003800007], [129.33485865400007, 35.35482485700004], [129.35754791800002, 35.35605851500003], [129.35906053600002, 35.36469359200004], [129.34695959500004, 35.372094351000044], [129.34090912400006, 35.380727712000066], [129.35149744800003, 35.389976717000025], [129.365111006, 35.397375157000056], [129.35906053600002, 35.42326435200005], [129.36359838900012, 35.43435717600005], [129.36132946200007, 35.44175154200008], [129.35149744800003, 35.44852911500004], [129.31746355100006, 35.47871318700004], [129.291749051, 35.492877314000054], [129.28421651551832, 35.50820808924732], [129.28418596300003, 35.50827027200006], [129.2841492923756, 35.50830385211612], [129.27208502200006, 35.51935137600003], [129.2509083750001, 35.52612240800005], [129.2498495035348, 35.52698413500008], [129.24258897800007, 35.53289287000007], [129.24602262000008, 35.53848114800007], [129.24863944800006, 35.542739794000056], [129.2539336100001, 35.555662046000066], [129.29423144100008, 35.58948956000006], [129.29690140500009, 35.64648201800003], [129.27799368400008, 35.64648201800003], [129.2709032890001, 35.64840261300003], [129.26026769600003, 35.665685894000035], [129.263812894, 35.67336615100004], [129.2744484870001, 35.67912585900007], [129.2709032890001, 35.68872444900006], [129.24608690600007, 35.699281563000056], [129.205908, 35.71079682200008], [129.19172720900008, 35.711756351000076], [129.1810916170001, 35.709837280000045], [129.16336562900005, 35.709837280000045], [129.14209444300002, 35.71271587000007], [129.10191553700008, 35.703120167000066], [129.091279944, 35.699281563000056], [129.07946261900008, 35.69256356100004], [129.07000875900007, 35.67240615900005], [129.07119049100004, 35.65896506300004], [129.07000875900007, 35.64456137600007], [129.0499193060001, 35.63879917500003]]]}}, {"type": "Feature", "properties": {"shapeName": "Gijang-gun", "shapeISO": "", "shapeID": "91817680B54012703126739", "shapeGroup": "KOR", "shapeType": "ADM2"}, "geometry": {"type": "Polygon", "coordinates": [[[129.20237083595757, 35.377074879241135], [129.19645414000001, 35.35667533700007], [129.19267259600008, 35.34742251500006], [129.1677144040001, 35.34495491700005], [129.152588228, 35.35605851500003], [129.1397309780001, 35.357908966000025], [129.13292419900006, 35.34618872500005], [129.12763003700002, 35.32397729000007], [129.1208232580001, 35.31163496600004], [129.11616071100002, 35.30275677100008], [129.11401647800005, 35.29867349800003], [129.130655272, 35.28077091500006], [129.129142655, 35.26903949000007], [129.13141158100007, 35.25977663900005], [129.1382183600001, 35.249895097000035], [129.1440427993028, 35.24445878297897], [129.14880668400008, 35.240012351000075], [129.1586386990001, 35.22642160800007], [129.16393286000005, 35.21530021600006], [129.16998333100003, 35.194288984000025], [129.19645414000001, 35.19305286000008], [129.20931139000004, 35.187490069000035], [129.21557362594965, 35.18578406811904], [129.21611816900008, 35.18563572000005], [129.222924948, 35.187490069000035], [129.2320006540001, 35.20170533400005], [129.22443756600012, 35.211592746000065], [129.22443756600012, 35.22086110200007], [129.2365385070001, 35.22703941800006], [129.2509083750001, 35.24433620100007], [129.25166468300006, 35.25483601900004], [129.24712683100006, 35.25854151200008], [129.23805112500008, 35.25854151200008], [129.23729481600003, 35.26533447700007], [129.25317730100005, 35.271509405000074], [129.2569588450001, 35.278301283000076], [129.2599840800001, 35.31163496600004], [129.26527824200002, 35.31842347700007], [129.27813549200005, 35.32706257600006], [129.29401797700007, 35.322743142000036], [129.28116072700004, 35.35544168900003], [129.26527824200002, 35.375177800000074], [129.25922777200003, 35.37887778400005], [129.247883139, 35.37949443100007], [129.2335132720001, 35.37456112000007], [129.21233662500003, 35.37086093800008], [129.20237083595757, 35.377074879241135]]]}}, {"type": "Feature", "properties": {"shapeName": "Yangsan-si", "shapeISO": "", "shapeID": "91817680B11624916188823", "shapeGroup": "KOR", "shapeType": "ADM2"}, "geometry": {"type": "Polygon", "coordinates": [[[128.99864154451612, 35.530492477446735], [128.98635154900012, 35.51871117600007], [128.97909098500008, 35.50413293500003], [128.96553793100009, 35.50255675000005], [128.95827736600006, 35.50019241600006], [128.9558571780001, 35.494675364000045], [128.96456985500004, 35.48403426500005], [128.96602196800006, 35.46669019600006], [128.96505389300012, 35.45959381600005], [128.96166563000008, 35.455651113000044], [128.9326233710001, 35.45486254900004], [128.9151980160001, 35.44697648500005], [128.90793745100007, 35.43948400900007], [128.9113257150001, 35.43041323600005], [128.918586279, 35.42607467900007], [128.92149050500007, 35.42055254100006], [128.9171341660001, 35.41187413100005], [128.91374590300006, 35.40990163500004], [128.89486843500003, 35.40792909000004], [128.883735569, 35.39688194900003], [128.8765773990001, 35.388493631000074], [128.87599096600002, 35.38780637900004], [128.8764750040001, 35.37162565600005], [128.8822834560001, 35.367283934000056], [128.89680458500004, 35.36294197900003], [128.9055172630001, 35.362152508000065], [128.9268149190001, 35.35386259100005], [128.93117125800006, 35.34675627100006], [128.93891586000007, 35.34043901700005], [128.96021351700006, 35.331751987000075], [128.96505389300012, 35.327408121000076], [128.97763887200006, 35.301735061000045], [128.98877173800008, 35.291068471000074], [129.00571305500011, 35.27842476600006], [129.00910131900002, 35.27052144800007], [129.01433498584376, 35.2706560373587], [129.0310115850001, 35.27108489400007], [129.0428466527436, 35.27548703912438], [129.11616071100002, 35.30275677100008], [129.1208232580001, 35.31163496600004], [129.12763003700002, 35.32397729000007], [129.13292419900006, 35.34618872500005], [129.1397309780001, 35.357908966000025], [129.152588228, 35.35605851500003], [129.1677144040001, 35.34495491700005], [129.19267259600008, 35.34742251500006], [129.19645414000001, 35.35667533700007], [129.20237083595757, 35.377074879241135], [129.199479375, 35.37887778400005], [129.199479375, 35.385660647000066], [129.2100676980001, 35.39675864600008], [129.21233662500003, 35.40477291900004], [129.2100676980001, 35.41895006400006], [129.20250461000012, 35.42819468500005], [129.16695809600003, 35.42819468500005], [129.15788239000005, 35.433124715000076], [129.12687372800008, 35.45530611700008], [129.11401647800005, 35.481176693000066], [129.0928398310001, 35.49718764000005], [129.07468842000003, 35.50334484700005], [129.03989821400012, 35.51134851000006], [129.0005701550001, 35.52735344400003], [128.99864154451612, 35.530492477446735]]]}}, {"type": "Feature", "properties": {"shapeName": "Inje-gun", "shapeISO": "", "shapeID": "91817680B61474779558203", "shapeGroup": "KOR", "shapeType": "ADM2"}, "geometry": {"type": "Polygon", "coordinates": [[[128.44189646600012, 38.186493694000035], [128.436363776, 38.22986269000006], [128.42804437900008, 38.236397569000076], [128.411405585, 38.23877374400007], [128.3985483350001, 38.23283316200008], [128.38569108500008, 38.23045679400008], [128.36678336400007, 38.23402131800003], [128.3561950410001, 38.24827766400006], [128.33879993800008, 38.25837421800003], [128.32594268800005, 38.26193737300008], [128.32291745300006, 38.29043631900004], [128.31686698200008, 38.30468159700007], [128.29947187900007, 38.317143921000024], [128.2858583210001, 38.31951745400005], [128.272244762, 38.31239662200005], [128.2624127470001, 38.31536372000005], [128.26014382100004, 38.343841689000044], [128.24123610000004, 38.35214565500007], [128.226866233, 38.356297281000025], [128.21779052700003, 38.37112257300004], [128.21779052700003, 38.37942341100006], [128.19349788800002, 38.360092845000054], [128.15090257500003, 38.34035373900008], [128.13202510700012, 38.335038445000066], [128.126216655, 38.33048216900005], [128.130088956, 38.313393580000024], [128.1607394350001, 38.306003039000075], [128.1607394350001, 38.261072117000026], [128.1533536060001, 38.24947252700008], [128.13119612100002, 38.23787108500005], [128.1108850930001, 38.22336667900004], [128.11273155000003, 38.19580033900007], [128.0998063510001, 38.18709301100006], [128.0961134370001, 38.17403006600006], [128.0961134370001, 38.15806106400004], [128.09057406600004, 38.14789715000006], [128.0887276080001, 38.13192242500003], [128.1034992650001, 38.10722733400007], [128.10165280800004, 38.102868510000064], [128.08688115100006, 38.085430614000074], [128.11273155000003, 38.060719805000076], [128.11827092200008, 38.03890921900006], [128.1071921790001, 38.021456071000046], [128.08318823700006, 38.02872872100005], [128.06841658100006, 38.041817672000036], [128.06287720900002, 38.03454632200004], [128.06287720900002, 38.02436521800007], [128.05179846700003, 38.01418269900006], [128.0425661810001, 38.00981832900004], [128.02040869600012, 37.99090305800007], [127.98347955500003, 37.97634953000005], [127.98901892600009, 37.94140928600007], [128.001944126, 37.93267162800004], [128.02964098200005, 37.931215251000026], [128.05179846700003, 37.919563194000034], [128.05918429500002, 37.91082294000006], [128.07949532300006, 37.89625354100008], [128.10165280800004, 37.89333931500005], [128.1570465200001, 37.89042497400004], [128.1681252630001, 37.88168125900006], [128.17735754800003, 37.86710609200003], [128.1792040050001, 37.83065556100007], [128.19397566200007, 37.810235394000074], [128.20136149000007, 37.80585890900005], [128.22721188900005, 37.81461162000005], [128.25860166000007, 37.83794710900003], [128.26598748800006, 37.85107007800008], [128.28814497300004, 37.85835960800006], [128.30845600100008, 37.85690176000003], [128.30845600100008, 37.83794710900003], [128.31768828600002, 37.82336329300006], [128.35277097100004, 37.81752895900007], [128.36754262700003, 37.82773874000003], [128.37677491300008, 37.84232169200004], [128.4044717690001, 37.852528042000074], [128.4192434260001, 37.87439403600007], [128.43586153900003, 37.86127521800006], [128.48380570955538, 37.87980485234986], [128.47871707000002, 37.880286831000035], [128.46812874600005, 37.93279978800007], [128.4688850550001, 37.94234357200003], [128.47796076100008, 37.951289743000075], [128.4938432460001, 37.96083112600007], [128.49989371700008, 37.969178818000046], [128.50216264300002, 37.982294704000026], [128.50594418700007, 37.99183205700007], [128.51501989300004, 38.003156054000044], [128.50518787800002, 38.01328657000005], [128.50216264300002, 38.021628296000074], [128.49308693700004, 38.032351977000076], [128.48249861400006, 38.037713229000076], [128.42275021700004, 38.04426533800006], [128.4159434380001, 38.05319908600006], [128.41291820200001, 38.062131744000055], [128.411405585, 38.07642172900006], [128.41216189300007, 38.09070892300008], [128.4159434380001, 38.099637001000076], [128.46056565800006, 38.10677867800007], [128.47241884492172, 38.11485326390304], [128.46812874600005, 38.11629982900007], [128.4499773340001, 38.13652815200004], [128.4250191430001, 38.17102235400006], [128.42728807000003, 38.17756251700007], [128.44189646600012, 38.186493694000035]]]}}, {"type": "Feature", "properties": {"shapeName": "Pyeongchang-gun", "shapeISO": "", "shapeID": "91817680B93219729656421", "shapeGroup": "KOR", "shapeType": "ADM2"}, "geometry": {"type": "Polygon", "coordinates": [[[128.58233137800005, 37.803874817000064], [128.54650124800003, 37.78800016200006], [128.53941085200006, 37.781462548000036], [128.53113872500012, 37.76651725900007], [128.521684864, 37.72259800300003], [128.45905304000007, 37.717924208000056], [128.44487225000012, 37.702966083000035], [128.43778185500003, 37.68426418000007], [128.42360106400008, 37.67771740000006], [128.4035116110001, 37.676782099000036], [128.37987696100004, 37.67771740000006], [128.3656961700001, 37.688940098000046], [128.345606717, 37.68800493800006], [128.3266989970001, 37.68145848800003], [128.31960860200002, 37.68052323400008], [128.31251820600005, 37.68987524600004], [128.28415662600003, 37.65900913100006], [128.27470276500003, 37.634681331000024], [128.26761237000005, 37.62157844700005], [128.26914972889378, 37.619295081296336], [128.27706623100005, 37.60753707900005], [128.27706623100005, 37.589747540000076], [128.2947922190001, 37.55134509700008], [128.300700881, 37.50261108400008], [128.27470276500003, 37.48760959900005], [128.2439777200001, 37.459473693000064], [128.24634118500012, 37.44352531200008], [128.25815851000004, 37.43226558400005], [128.26879410300012, 37.41537281600006], [128.26879410300012, 37.404108853000025], [128.27200477358457, 37.39518144682303], [128.27352103300007, 37.39096542300007], [128.3042460790001, 37.37875874500003], [128.31960860200002, 37.36842846600007], [128.32788072900007, 37.301716991000035], [128.35742404300004, 37.29419649100004], [128.3716048330001, 37.28479481000005], [128.3905125540001, 37.28479481000005], [128.40587507600003, 37.29701676700006], [128.41060200700008, 37.324273977000075], [128.41769240200006, 37.33461033400005], [128.43778185500003, 37.33836865600006], [128.4578713080001, 37.31299633000003], [128.47323383100002, 37.300776969000026], [128.4968684810001, 37.293256376000045], [128.51104927200004, 37.28479481000005], [128.52995699200005, 37.28197407600004], [128.55004644500002, 37.28197407600004], [128.56777243300007, 37.26222598100003], [128.58786188600004, 37.26316648400007], [128.59022535100007, 37.27727261900003], [128.5890436190001, 37.292316249000066], [128.585498421, 37.302657], [128.56895416600003, 37.32897249700005], [128.5606820380001, 37.336489518000064], [128.55240991000005, 37.34776364000004], [128.54531951500007, 37.383453856000074], [128.52995699200005, 37.39190431500003], [128.51459446900003, 37.403170113000044], [128.5122310040001, 37.41537281600006], [128.51695793400006, 37.440710539000065], [128.52404833000003, 37.44727817800003], [128.540592585, 37.452907124000035], [128.55359164300012, 37.45384524100007], [128.55950030500003, 37.458535647000076], [128.55950030500003, 37.466039685000055], [128.5665907010001, 37.48198326500005], [128.57249936300002, 37.48760959900005], [128.5795897580001, 37.49042260700003], [128.58195322400002, 37.512922858000024], [128.58786188600004, 37.519484153000064], [128.5890436190001, 37.55134509700008], [128.59731574600005, 37.560713372000066], [128.61267826900007, 37.56539706800004], [128.62213213000007, 37.561650135000036], [128.6339494550001, 37.53447923400006], [128.64103985000008, 37.53447923400006], [128.66231103600012, 37.54947130100004], [128.6771236223238, 37.54994930249419], [128.6768699800001, 37.55063306000005], [128.6814078330001, 37.57221600300005], [128.68670199500002, 37.58060768100006], [128.71166018600002, 37.58420382500003], [128.72300481800005, 37.59439195600004], [128.73586206800007, 37.610570239000026], [128.72981159800008, 37.63333371300007], [128.73283683300008, 37.646509380000055], [128.739643612, 37.65609021600005], [128.75098824500003, 37.66327503100007], [128.75930764200007, 37.67165643800007], [128.761576568, 37.67824116400004], [128.75476978900008, 37.69200734000003], [128.7472067010001, 37.70038550100003], [128.73586206800007, 37.72671069800003], [128.72981159800008, 37.73448680700005], [128.69653401000005, 37.75362452000007], [128.68443306900008, 37.75721229100003], [128.67308843600006, 37.75781023500008], [128.647373936, 37.76618095500004], [128.6299788340001, 37.76558307800008], [128.61485265700003, 37.75541842700005], [128.6035080250001, 37.75721229100003], [128.598970172, 37.76438730900003], [128.598970172, 37.77574633200004], [128.59518862800007, 37.79487337300003], [128.58233137800005, 37.803239896000036], [128.58233137800005, 37.803874817000064]]]}}, {"type": "Feature", "properties": {"shapeName": "Jeongseon-gun", "shapeISO": "", "shapeID": "91817680B94972366910411", "shapeGroup": "KOR", "shapeType": "ADM2"}, "geometry": {"type": "Polygon", "coordinates": [[[128.6771236223238, 37.54994930249419], [128.66231103600012, 37.54947130100004], [128.64103985000008, 37.53447923400006], [128.6339494550001, 37.53447923400006], [128.62213213000007, 37.561650135000036], [128.61267826900007, 37.56539706800004], [128.59731574600005, 37.560713372000066], [128.5890436190001, 37.55134509700008], [128.58786188600004, 37.519484153000064], [128.58195322400002, 37.512922858000024], [128.5795897580001, 37.49042260700003], [128.57249936300002, 37.48760959900005], [128.5665907010001, 37.48198326500005], [128.55950030500003, 37.466039685000055], [128.55950030500003, 37.458535647000076], [128.55359164300012, 37.45384524100007], [128.540592585, 37.452907124000035], [128.52404833000003, 37.44727817800003], [128.51695793400006, 37.440710539000065], [128.5122310040001, 37.41537281600006], [128.51459446900003, 37.403170113000044], [128.52995699200005, 37.39190431500003], [128.54531951500007, 37.383453856000074], [128.55240991000005, 37.34776364000004], [128.5606820380001, 37.336489518000064], [128.56895416600003, 37.32897249700005], [128.585498421, 37.302657], [128.5890436190001, 37.292316249000066], [128.59022535100007, 37.27727261900003], [128.58786188600004, 37.26316648400007], [128.56777243300007, 37.26222598100003], [128.57249936300002, 37.24341345600004], [128.5795897580001, 37.23400543200006], [128.58077149100006, 37.217068030000064], [128.5890436190001, 37.212362521000045], [128.61622346700005, 37.21048023600008], [128.62331386200003, 37.208597903000054], [128.62685906000002, 37.20577431600003], [128.63276772200004, 37.18318181600006], [128.6599475710001, 37.17470788600008], [128.68594568600008, 37.17470788600008], [128.70367167400002, 37.17941574200006], [128.72139766200007, 37.186947702000055], [128.7462140450001, 37.20106810300007], [128.7556679060001, 37.20106810300007], [128.77221216100008, 37.19165479600008], [128.82775359000004, 37.16811639400004], [128.84429784500003, 37.154931685000065], [128.9106485420001, 37.152372781000054], [128.9113257150001, 37.15323634200007], [128.91056940600004, 37.218310236000036], [128.9022500090001, 37.23456994700007], [128.897712156, 37.25383617500006], [128.8848549060001, 37.26828261400004], [128.8659471850001, 37.28332804100006], [128.86065302400004, 37.301980195000056], [128.86670349400003, 37.31521440100005], [128.853846244, 37.327844879000054], [128.85006470000008, 37.350694634000035], [128.852333627, 37.36452137100008], [128.87426658200002, 37.38615810700003], [128.8848549060001, 37.392768087000036], [128.89241799400008, 37.39997830900006], [128.89619953800002, 37.427010464000034], [128.90376262600012, 37.433016285000065], [128.95897317000004, 37.44142362400004], [128.95897317000004, 37.44502648100007], [128.96199840500003, 37.45283207400007], [128.98090612600004, 37.464839090000055], [128.9816624350001, 37.47984514700005], [128.96275471400008, 37.49784843900005], [128.96577995000007, 37.515247497000075], [128.97183042000006, 37.52364559000006], [128.9783461897544, 37.52719827834623], [128.96577995000007, 37.533842005000054], [128.9521663910001, 37.532042739000076], [128.94006545000002, 37.52604487200006], [128.92947712600005, 37.529643650000025], [128.91208202300004, 37.541038634000074], [128.89393061200008, 37.57041766300006], [128.8848549060001, 37.57880954400008], [128.86519087700003, 37.569818207000026], [128.8598967150001, 37.560226251000074], [128.86216564100005, 37.54463668900007], [128.86065302400004, 37.51644728200006], [128.84703946500008, 37.50024855000004], [128.83115698000006, 37.493648059000066], [128.81829973000004, 37.49304798600008], [128.80846771500012, 37.506248491000065], [128.80241724400003, 37.50804837900006], [128.7971230830001, 37.52064638000007], [128.78426583300006, 37.528444077000074], [128.76233287700006, 37.532642499000076], [128.7426688480001, 37.532042739000076], [128.71241649500007, 37.52424541800008], [128.7018281710001, 37.52364559000006], [128.68065152500003, 37.54043894200004], [128.6771236223238, 37.54994930249419]]]}}, {"type": "Feature", "properties": {"shapeName": "Yanggu-gun", "shapeISO": "", "shapeID": "91817680B23922363914919", "shapeGroup": "KOR", "shapeType": "ADM2"}, "geometry": {"type": "Polygon", "coordinates": [[[128.126216655, 38.33048216900005], [128.09602480700005, 38.318924078000066], [128.08770541, 38.31120974800007], [128.07409185100005, 38.30646206000006], [128.06123460100002, 38.30468159700007], [128.03173855700004, 38.310616304000064], [128.00375513100005, 38.31417689500006], [127.96140183700004, 38.32426428700006], [127.9387125720001, 38.32663758700005], [127.89711558700003, 38.333757021000054], [127.87518263100003, 38.333757021000054], [127.86459430800005, 38.33197722800003], [127.83391653100011, 38.31933202500005], [127.83627999700002, 38.30171406100004], [127.84337039200011, 38.28687456200004], [127.84455212400007, 38.27481523500006], [127.85164251900005, 38.25718646100006], [127.8563694500001, 38.204274473000055], [127.8788223680001, 38.181984227000044], [127.88354929800005, 38.17083654500004], [127.88354929800005, 38.156899545000044], [127.87291370500009, 38.13180623200003], [127.87409543800004, 38.11786177400006], [127.89536662300009, 38.09461509100004], [127.9048204830001, 38.087174591000064], [127.91072914600011, 38.076942666000036], [127.91072914600011, 38.05089130500005], [127.90363875100002, 38.041585], [127.9038060620968, 38.03960828856534], [127.9048204830001, 38.027623325000036], [127.91309261100002, 38.01272793800007], [127.92845513400005, 38.00714138700005], [127.94381765700007, 38.014590027000054], [127.95208978500011, 38.02669245200008], [127.9686340400001, 38.025761567000075], [127.98636002800004, 38.009003618000065], [127.98517829500008, 38.004347952000046], [127.98729785100011, 37.999770958000056], [127.99407437800005, 37.99786379300008], [128.0008509050001, 38.00129665500003], [128.00714339400008, 38.01121290800006], [128.01585607200002, 38.01388243900004], [128.0221485610001, 38.01388243900004], [128.0425661810001, 38.00981832900004], [128.05179846700003, 38.01418269900006], [128.06287720900002, 38.02436521800007], [128.06287720900002, 38.03454632200004], [128.06841658100006, 38.041817672000036], [128.08318823700006, 38.02872872100005], [128.1071921790001, 38.021456071000046], [128.11827092200008, 38.03890921900006], [128.11273155000003, 38.060719805000076], [128.08688115100006, 38.085430614000074], [128.10165280800004, 38.102868510000064], [128.1034992650001, 38.10722733400007], [128.0887276080001, 38.13192242500003], [128.09057406600004, 38.14789715000006], [128.0961134370001, 38.15806106400004], [128.0961134370001, 38.17403006600006], [128.0998063510001, 38.18709301100006], [128.11273155000003, 38.19580033900007], [128.1108850930001, 38.22336667900004], [128.13119612100002, 38.23787108500005], [128.1533536060001, 38.24947252700008], [128.1607394350001, 38.261072117000026], [128.1607394350001, 38.306003039000075], [128.130088956, 38.313393580000024], [128.126216655, 38.33048216900005]]]}}, {"type": "Feature", "properties": {"shapeName": "Hwacheon-gun", "shapeISO": "", "shapeID": "91817680B86395324328742", "shapeGroup": "KOR", "shapeType": "ADM2"}, "geometry": {"type": "Polygon", "coordinates": [[[127.83391653100011, 38.31933202500005], [127.81207622400007, 38.31529251100005], [127.80045932000007, 38.31681162000007], [127.79368279300002, 38.32326747800005], [127.78884241700007, 38.33731647600007], [127.78497011500008, 38.341872323000075], [127.77528936300007, 38.343770508000034], [127.74479499100005, 38.335797797000055], [127.73608231300011, 38.33010246600003], [127.68816258600009, 38.32174850400003], [127.60702388600009, 38.31376892000003], [127.58693443300001, 38.28872966600005], [127.59047963000012, 38.27481523500006], [127.5975700250001, 38.26553746600007], [127.5940248280001, 38.25347459500006], [127.5751171070001, 38.231199418000074], [127.5526641890001, 38.215417038000055], [127.54202859600002, 38.204274473000055], [127.52548434100004, 38.19313020300007], [127.51130355100008, 38.18755742800005], [127.50184969000009, 38.155970317000026], [127.49712276000002, 38.128087970000024], [127.49003236500005, 38.121580556000026], [127.47348811000006, 38.11786177400006], [127.45812558700004, 38.11228324500007], [127.45103519100007, 38.10112490800003], [127.45103519100007, 38.09740508400006], [127.45103519100007, 38.08252389300003], [127.44748999400008, 38.03134669900004], [127.4663977140001, 38.00621025400005], [127.48294197000007, 37.99782952400005], [127.5077583530001, 37.99410444700004], [127.52666607300011, 37.99410444700004], [127.53942878500004, 37.99913325600005], [127.54084686400006, 37.99969199100008], [127.55975458400007, 38.016452069000024], [127.5751171070001, 38.02389976200004], [127.58338923500003, 38.04065430500003], [127.58102577000011, 38.05275242400006], [127.56920844500007, 38.06112687500007], [127.56802671200012, 38.07508216200006], [127.59047963000012, 38.076942666000036], [127.61293254800012, 38.073221611000065], [127.61411428100007, 38.06112687500007], [127.61884121100002, 38.05275242400006], [127.64129412900002, 38.04809953800003], [127.66256531400006, 38.02669245200008], [127.69092689500008, 38.027623325000036], [127.70747115100005, 38.02669245200008], [127.71337981300007, 38.01924504200008], [127.73110580100001, 38.02110696600005], [127.73583273100007, 38.027623325000036], [127.75237698700005, 38.016452069000024], [127.76655777700012, 38.01086580200007], [127.7925558930001, 37.99317314800004], [127.82682613600002, 37.998760763000064], [127.84455212400007, 38.004347952000046], [127.85518771700004, 38.041585], [127.9038060620968, 38.03960828856534], [127.90363875100002, 38.041585], [127.91072914600011, 38.05089130500005], [127.91072914600011, 38.076942666000036], [127.9048204830001, 38.087174591000064], [127.89536662300009, 38.09461509100004], [127.87409543800004, 38.11786177400006], [127.87291370500009, 38.13180623200003], [127.88354929800005, 38.156899545000044], [127.88354929800005, 38.17083654500004], [127.8788223680001, 38.181984227000044], [127.8563694500001, 38.204274473000055], [127.85164251900005, 38.25718646100006], [127.84455212400007, 38.27481523500006], [127.84337039200011, 38.28687456200004], [127.83627999700002, 38.30171406100004], [127.83391653100011, 38.31933202500005]]]}}, {"type": "Feature", "properties": {"shapeName": "Chuncheon-si", "shapeISO": "", "shapeID": "91817680B67839742247787", "shapeGroup": "KOR", "shapeType": "ADM2"}, "geometry": {"type": "Polygon", "coordinates": [[[128.0425661810001, 38.00981832900004], [128.0221485610001, 38.01388243900004], [128.01585607200002, 38.01388243900004], [128.00714339400008, 38.01121290800006], [128.0008509050001, 38.00129665500003], [127.99407437800005, 37.99786379300008], [127.98729785100011, 37.999770958000056], [127.98517829500008, 38.004347952000046], [127.98636002800004, 38.009003618000065], [127.9686340400001, 38.025761567000075], [127.95208978500011, 38.02669245200008], [127.94381765700007, 38.014590027000054], [127.92845513400005, 38.00714138700005], [127.91309261100002, 38.01272793800007], [127.9048204830001, 38.027623325000036], [127.9038060620968, 38.03960828856534], [127.85518771700004, 38.041585], [127.84455212400007, 38.004347952000046], [127.82682613600002, 37.998760763000064], [127.7925558930001, 37.99317314800004], [127.76655777700012, 38.01086580200007], [127.75237698700005, 38.016452069000024], [127.73583273100007, 38.027623325000036], [127.73110580100001, 38.02110696600005], [127.71337981300007, 38.01924504200008], [127.70747115100005, 38.02669245200008], [127.69092689500008, 38.027623325000036], [127.66256531400006, 38.02669245200008], [127.64129412900002, 38.04809953800003], [127.61884121100002, 38.05275242400006], [127.61411428100007, 38.06112687500007], [127.61293254800012, 38.073221611000065], [127.59047963000012, 38.076942666000036], [127.56802671200012, 38.07508216200006], [127.56920844500007, 38.06112687500007], [127.58102577000011, 38.05275242400006], [127.58338923500003, 38.04065430500003], [127.5751171070001, 38.02389976200004], [127.55975458400007, 38.016452069000024], [127.54084686400006, 37.99969199100008], [127.53942878500004, 37.99913325600005], [127.54439206100005, 37.96150195700005], [127.55975458400007, 37.955911505000074], [127.58575270000006, 37.952184301000045], [127.60702388600009, 37.94193351300004], [127.6200229430001, 37.92795286100005], [127.61884121100002, 37.90184853100004], [127.61529601300003, 37.894388450000065], [127.609387351, 37.872003670000026], [127.56920844500007, 37.85427756000007], [127.53257473600002, 37.83094723700003], [127.53375646900008, 37.803874817000064], [127.52193914300005, 37.78613233100003], [127.52430260800008, 37.77492435600004], [127.54439206100005, 37.76091199600006], [127.5396651310001, 37.74689698200007], [127.52075741100009, 37.73287931300007], [127.51366701600011, 37.716054607000046], [127.53611993400011, 37.71138039900006], [127.55524948100003, 37.713160781000056], [127.55620938700008, 37.713250118000076], [127.56920844500007, 37.71885899000006], [127.58575270000006, 37.70764082100004], [127.60702388600009, 37.67023465900007], [127.6200229430001, 37.66929926300003], [127.62947680400009, 37.683328962000076], [127.6389306640001, 37.688940098000046], [127.65074798900002, 37.67584678600008], [127.654293187, 37.68519938800006], [127.66611051200005, 37.68613458300007], [127.67792783700008, 37.695485888000064], [127.68974516300011, 37.713250118000076], [127.71337981300007, 37.72633682600008], [127.73465099900011, 37.73194470800007], [127.76183084700006, 37.73287931300007], [127.785465498, 37.73194470800007], [127.81382707800003, 37.73381390700007], [127.83509826400007, 37.73755216500007], [127.85164251900005, 37.74596255300003], [127.85873291500002, 37.76091199600006], [127.85282425200012, 37.77492435600004], [127.83273479900004, 37.79173568200008], [127.82800786900009, 37.80107365500004], [127.82091747400011, 37.82908049200006], [127.82328093900003, 37.83748047100005], [127.83982519400001, 37.836547188000054], [127.85164251900005, 37.82908049200006], [127.88000410000006, 37.833747265000056], [127.88709449500004, 37.84401312700004], [127.88709449500004, 37.852411406000044], [127.90363875100002, 37.84867895600007], [127.916637809, 37.83841374300005], [127.92254647100003, 37.82908049200006], [127.9331820640001, 37.82067955700006], [127.94381765700007, 37.82814710200006], [127.95090805200005, 37.84867895600007], [127.96036191200005, 37.86827221200008], [127.97099750500001, 37.87666772700004], [127.98045136500002, 37.89998358200006], [128.001944126, 37.93267162800004], [127.98901892600009, 37.94140928600007], [127.98347955500003, 37.97634953000005], [128.02040869600012, 37.99090305800007], [128.0425661810001, 38.00981832900004]]]}}, {"type": "Feature", "properties": {"shapeName": "Cheorwon-gun", "shapeISO": "", "shapeID": "91817680B73346878676901", "shapeGroup": "KOR", "shapeType": "ADM2"}, "geometry": {"type": "Polygon", "coordinates": [[[127.60702388600009, 38.31376892000003], [127.58693443300001, 38.32118629800004], [127.56920844500007, 38.31840487000005], [127.55030072400007, 38.310059946000024], [127.51721221300011, 38.28965720000008], [127.49948622500006, 38.28780212000004], [127.47821504, 38.29707704400005], [127.44276306400002, 38.315623335000055], [127.42621880800004, 38.32118629800004], [127.3990389600001, 38.325821774000076], [127.37067737900009, 38.325821774000076], [127.32458981100001, 38.30820538800003], [127.30804555500004, 38.30635078200004], [127.27613877700003, 38.31840487000005], [127.24423199900002, 38.32489470300004], [127.23241467300011, 38.32304052400008], [127.20641655800011, 38.310059946000024], [127.18041844200002, 38.30635078200004], [127.15678379100007, 38.325821774000076], [127.11542315300005, 38.29058472200006], [127.11896835000005, 38.22562955700005], [127.13787607100005, 38.22841454100006], [127.16741938400003, 38.213560062000056], [127.1686011170001, 38.19870255100005], [127.17332804700004, 38.183842008000056], [127.1816001740001, 38.16897843300006], [127.19083715195724, 38.15203141769914], [127.19223576700006, 38.149465389000056], [127.20759829000008, 38.13180623200003], [127.21823388300004, 38.13087668500003], [127.24186853300012, 38.14110105800006], [127.28441090500007, 38.169907495000075], [127.30213689300001, 38.16247466500005], [127.29622823000011, 38.14760673200004], [127.28441090500007, 38.13738327000004], [127.27613877700003, 38.11414280200006], [127.28559263700004, 38.10670428900005], [127.30450035800004, 38.10484454300007], [127.32104461300003, 38.092755037000074], [127.32577154300009, 38.07880312200007], [127.33995233400003, 38.08252389300003], [127.36595044900002, 38.100194970000075], [127.38249470500011, 38.10391465200007], [127.40258415800008, 38.100194970000075], [127.45103519100007, 38.09740508400006], [127.45103519100007, 38.10112490800003], [127.45812558700004, 38.11228324500007], [127.47348811000006, 38.11786177400006], [127.49003236500005, 38.121580556000026], [127.49712276000002, 38.128087970000024], [127.50184969000009, 38.155970317000026], [127.51130355100008, 38.18755742800005], [127.52548434100004, 38.19313020300007], [127.54202859600002, 38.204274473000055], [127.5526641890001, 38.215417038000055], [127.5751171070001, 38.231199418000074], [127.5940248280001, 38.25347459500006], [127.5975700250001, 38.26553746600007], [127.59047963000012, 38.27481523500006], [127.58693443300001, 38.28872966600005], [127.60702388600009, 38.31376892000003]]]}}, {"type": "Feature", "properties": {"shapeName": "Yeoncheon-gun", "shapeISO": "", "shapeID": "91817680B98224083425041", "shapeGroup": "KOR", "shapeType": "ADM2"}, "geometry": {"type": "Polygon", "coordinates": [[[127.11542315300005, 38.29058472200006], [127.09694085600006, 38.27737569000004], [127.07576420900011, 38.26787557600005], [127.01677212100003, 38.24708974200007], [127.00088963600001, 38.23758566600003], [126.98425084200005, 38.22154472100004], [126.97441882700002, 38.19242434100005], [126.96761204800009, 38.188263336000034], [126.95702372400001, 38.19301875100007], [126.95324218000007, 38.200151292000044], [126.94719171000008, 38.20074563900005], [126.94341016500005, 38.19599072800003], [126.92752768000003, 38.19182992700007], [126.90559472400003, 38.18945221900003], [126.88819962200012, 38.20431161800008], [126.87458606300004, 38.207877422000024], [126.85114048900004, 38.19896258400007], [126.75584557800005, 38.126414691000036], [126.75735819600004, 38.11451470700007], [126.77399699000011, 38.099637001000076], [126.7845853130001, 38.07642172900006], [126.79668625400006, 38.07225410500007], [126.80954350400009, 38.07463563400006], [126.81786290100001, 38.071063312000035], [126.83298907800008, 38.06868166700008], [126.8458463280001, 38.08118443700005], [126.8723171360001, 38.07404025900007], [126.89198116600005, 38.061536268000054], [126.89651901900004, 38.051412423000045], [126.8942500920001, 38.04307408900007], [126.886687004, 38.035330499000054], [126.88441807800007, 38.02222409700005], [126.86929190100011, 38.01447830300003], [126.85567834200003, 38.024607254000045], [126.84962787200004, 38.02222409700005], [126.83677062200002, 37.99898425900005], [126.83147646000009, 37.99362017300007], [126.82088813700011, 37.987659618000066], [126.81786290100001, 37.98169857800008], [126.81710659300006, 37.97454469100006], [126.81105612200008, 37.96023482600003], [126.83072015100004, 37.95069336600005], [126.83603446997836, 37.950394039166525], [126.84130847500012, 37.95009698300004], [126.8458463280001, 37.953675205000025], [126.84735894500011, 37.96798634900006], [126.84962787200004, 37.97335230900006], [126.86248512200007, 37.96619760800007], [126.86929190100011, 37.95844589600006], [126.88441807800007, 37.95248248400003], [126.8942500920001, 37.953675205000025], [126.89349378300005, 37.97692939800004], [126.89803163600004, 37.98646744800004], [126.91240150400006, 37.98110244700007], [126.92525875400008, 37.972756110000034], [126.96156157700011, 37.969178818000046], [126.9880323860001, 37.99183205700007], [127.00920903300005, 37.987659618000066], [127.01828473900002, 37.980506312000045], [127.01979735600003, 37.969178818000046], [126.99408285600009, 37.956656923000025], [126.98425084200005, 37.947711405000064], [126.98198191500012, 37.93757183500003], [126.98479679444517, 37.93281431218079], [126.98727607700005, 37.92862399300003], [127.00542748900011, 37.92504455200003], [127.00863117900008, 37.92562773100008], [127.01525950300004, 37.92683429400006], [127.02509151800007, 37.93220326100004], [127.03416722400004, 37.941150667000045], [127.04626816500001, 37.96023482600003], [127.05610018000004, 37.96679386000005], [127.07122635600001, 37.96500509100008], [127.0833272970001, 37.957253252000044], [127.09315931200001, 37.96023482600003], [127.09240300300007, 37.97156369900006], [127.10072240000011, 37.98527526000004], [127.11433595900007, 37.978121722000026], [127.14307569400012, 37.975737054000035], [127.14685723800005, 37.980506312000045], [127.14383200300006, 38.018649217000075], [127.12038642900006, 38.02579880300004], [127.118117503, 38.03473480400004], [127.12189904700006, 38.048434556000075], [127.13097475300003, 38.05319908600006], [127.1536640170001, 38.048434556000075], [127.17710959100009, 38.051412423000045], [127.18467267900007, 38.063322683000024], [127.18542898800001, 38.08475626500007], [127.18316006100008, 38.10499332400008], [127.17937851700003, 38.10975417100008], [127.1755969730001, 38.11986994000006], [127.17937851700003, 38.12284489900003], [127.17710959100009, 38.135933281000064], [127.17937851700003, 38.14069211100008], [127.18618529700007, 38.14604542300003], [127.19083715195724, 38.15203141769914], [127.1816001740001, 38.16897843300006], [127.17332804700004, 38.183842008000056], [127.1686011170001, 38.19870255100005], [127.16741938400003, 38.213560062000056], [127.13787607100005, 38.22841454100006], [127.11896835000005, 38.22562955700005], [127.11542315300005, 38.29058472200006]]]}}, {"type": "Feature", "properties": {"shapeName": "Dongducheon-si", "shapeISO": "", "shapeID": "91817680B11345954741605", "shapeGroup": "KOR", "shapeType": "ADM2"}, "geometry": {"type": "Polygon", "coordinates": [[[127.00863117900008, 37.92562773100008], [127.01374688600004, 37.90177393400006], [127.0129905770001, 37.89819318600007], [127.01828473900002, 37.892224885000076], [127.02736044400001, 37.88744989600008], [127.04551185600008, 37.88864367200006], [127.05231863600011, 37.88386845100007], [127.05307494400006, 37.86834684300004], [127.06366326800003, 37.861181920000035], [127.1022350180001, 37.86058481200007], [127.11405055900002, 37.85540215900005], [127.11584857600008, 37.85461346300008], [127.1256805910001, 37.85879345800004], [127.13173106200009, 37.86476446900008], [127.14231938500006, 37.87133202100006], [127.1506387820001, 37.88267459700006], [127.15290770900003, 37.89043430000004], [127.1506387820001, 37.89878999000007], [127.13551260600002, 37.902370709000024], [127.1287058260001, 37.90595125400006], [127.09920978200012, 37.93936127300003], [127.09315931200001, 37.96023482600003], [127.0833272970001, 37.957253252000044], [127.07122635600001, 37.96500509100008], [127.05610018000004, 37.96679386000005], [127.04626816500001, 37.96023482600003], [127.03416722400004, 37.941150667000045], [127.02509151800007, 37.93220326100004], [127.01525950300004, 37.92683429400006], [127.00863117900008, 37.92562773100008]]]}}, {"type": "Feature", "properties": {"shapeName": "Pocheon-si", "shapeISO": "", "shapeID": "91817680B75483661313195", "shapeGroup": "KOR", "shapeType": "ADM2"}, "geometry": {"type": "Polygon", "coordinates": [[[127.45103519100007, 38.09740508400006], [127.40258415800008, 38.100194970000075], [127.38249470500011, 38.10391465200007], [127.36595044900002, 38.100194970000075], [127.33995233400003, 38.08252389300003], [127.32577154300009, 38.07880312200007], [127.32104461300003, 38.092755037000074], [127.30450035800004, 38.10484454300007], [127.28559263700004, 38.10670428900005], [127.27613877700003, 38.11414280200006], [127.28441090500007, 38.13738327000004], [127.29622823000011, 38.14760673200004], [127.30213689300001, 38.16247466500005], [127.28441090500007, 38.169907495000075], [127.24186853300012, 38.14110105800006], [127.21823388300004, 38.13087668500003], [127.20759829000008, 38.13180623200003], [127.19223576700006, 38.149465389000056], [127.19083715195724, 38.15203141769914], [127.18618529700007, 38.14604542300003], [127.17937851700003, 38.14069211100008], [127.17710959100009, 38.135933281000064], [127.17937851700003, 38.12284489900003], [127.1755969730001, 38.11986994000006], [127.17937851700003, 38.10975417100008], [127.18316006100008, 38.10499332400008], [127.18542898800001, 38.08475626500007], [127.18467267900007, 38.063322683000024], [127.17710959100009, 38.051412423000045], [127.1536640170001, 38.048434556000075], [127.13097475300003, 38.05319908600006], [127.12189904700006, 38.048434556000075], [127.118117503, 38.03473480400004], [127.12038642900006, 38.02579880300004], [127.14383200300006, 38.018649217000075], [127.14685723800005, 37.980506312000045], [127.14307569400012, 37.975737054000035], [127.11433595900007, 37.978121722000026], [127.10072240000011, 37.98527526000004], [127.09240300300007, 37.97156369900006], [127.09315931200001, 37.96023482600003], [127.09920978200012, 37.93936127300003], [127.1287058260001, 37.90595125400006], [127.13551260600002, 37.902370709000024], [127.1506387820001, 37.89878999000007], [127.15290770900003, 37.89043430000004], [127.1506387820001, 37.88267459700006], [127.14231938500006, 37.87133202100006], [127.13173106200009, 37.86476446900008], [127.1256805910001, 37.85879345800004], [127.11584857600008, 37.85461346300008], [127.11405055900002, 37.85540215900005], [127.11509226800001, 37.84207205600006], [127.11660488500002, 37.836099207000075], [127.12189904700006, 37.83191792500003], [127.1256805910001, 37.80981292900003], [127.12341166500005, 37.785908188000064], [127.11660488500002, 37.77275728400008], [127.11963012000001, 37.76797455700006], [127.1287058260001, 37.763789417000055], [127.1331491410001, 37.75343765300005], [127.14417043619154, 37.74835425032353], [127.14732993100006, 37.74689698200007], [127.1591472560001, 37.74315919700007], [127.17569151200007, 37.74409366100008], [127.18987230200003, 37.751568949000045], [127.19341750000001, 37.75997774500007], [127.19932616200003, 37.76184623600005], [127.21823388300004, 37.74783139900006], [127.23595987100009, 37.74783139900006], [127.26668491700002, 37.77212209600003], [127.27220338300003, 37.77997344000005], [127.27259357900004, 37.780528556000036], [127.27613877700003, 37.79266953200005], [127.28441090500007, 37.84307992600003], [127.2903195670001, 37.85427756000007], [127.29740996200007, 37.857076703000075], [127.32931674100007, 37.86080872800005], [127.32931674100007, 37.902780988000075], [127.33758886800001, 37.91210490900005], [127.35767832200008, 37.915834146000066], [127.37067737900009, 37.919563194000034], [127.37776777500005, 37.92329205300007], [127.38485817000003, 37.933545441000035], [127.38840336700002, 37.945661237000024], [127.38840336700002, 37.969886838000036], [127.39431203000004, 37.97827076100003], [127.41558321600007, 37.995035734000055], [127.41912841300007, 38.00621025400005], [127.42858227300007, 38.016452069000024], [127.44748999400008, 38.03134669900004], [127.45103519100007, 38.08252389300003], [127.45103519100007, 38.09740508400006]]]}}, {"type": "Feature", "properties": {"shapeName": "Hongcheon-gun", "shapeISO": "", "shapeID": "91817680B15226656503507", "shapeGroup": "KOR", "shapeType": "ADM2"}, "geometry": {"type": "Polygon", "coordinates": [[[128.48380570955538, 37.87980485234986], [128.43586153900003, 37.86127521800006], [128.4192434260001, 37.87439403600007], [128.4044717690001, 37.852528042000074], [128.37677491300008, 37.84232169200004], [128.36754262700003, 37.82773874000003], [128.35277097100004, 37.81752895900007], [128.31768828600002, 37.82336329300006], [128.30845600100008, 37.83794710900003], [128.30845600100008, 37.85690176000003], [128.28814497300004, 37.85835960800006], [128.26598748800006, 37.85107007800008], [128.25860166000007, 37.83794710900003], [128.22721188900005, 37.81461162000005], [128.20136149000007, 37.80585890900005], [128.19397566200007, 37.810235394000074], [128.1792040050001, 37.83065556100007], [128.17735754800003, 37.86710609200003], [128.1681252630001, 37.88168125900006], [128.1570465200001, 37.89042497400004], [128.10165280800004, 37.89333931500005], [128.07949532300006, 37.89625354100008], [128.05918429500002, 37.91082294000006], [128.05179846700003, 37.919563194000034], [128.02964098200005, 37.931215251000026], [128.001944126, 37.93267162800004], [127.98045136500002, 37.89998358200006], [127.97099750500001, 37.87666772700004], [127.96036191200005, 37.86827221200008], [127.95090805200005, 37.84867895600007], [127.94381765700007, 37.82814710200006], [127.9331820640001, 37.82067955700006], [127.92254647100003, 37.82908049200006], [127.916637809, 37.83841374300005], [127.90363875100002, 37.84867895600007], [127.88709449500004, 37.852411406000044], [127.88709449500004, 37.84401312700004], [127.88000410000006, 37.833747265000056], [127.85164251900005, 37.82908049200006], [127.83982519400001, 37.836547188000054], [127.82328093900003, 37.83748047100005], [127.82091747400011, 37.82908049200006], [127.82800786900009, 37.80107365500004], [127.83273479900004, 37.79173568200008], [127.85282425200012, 37.77492435600004], [127.85873291500002, 37.76091199600006], [127.85164251900005, 37.74596255300003], [127.83509826400007, 37.73755216500007], [127.81382707800003, 37.73381390700007], [127.785465498, 37.73194470800007], [127.76183084700006, 37.73287931300007], [127.73465099900011, 37.73194470800007], [127.71337981300007, 37.72633682600008], [127.68974516300011, 37.713250118000076], [127.67792783700008, 37.695485888000064], [127.66611051200005, 37.68613458300007], [127.654293187, 37.68519938800006], [127.65074798900002, 37.67584678600008], [127.6389306640001, 37.688940098000046], [127.62947680400009, 37.683328962000076], [127.6200229430001, 37.66929926300003], [127.60702388600009, 37.67023465900007], [127.58575270000006, 37.70764082100004], [127.56920844500007, 37.71885899000006], [127.55620938700008, 37.713250118000076], [127.55524948100003, 37.713160781000056], [127.55620938700008, 37.68987524600004], [127.55384592200005, 37.68145848800003], [127.5491189920001, 37.673976124000035], [127.55148245700002, 37.66555756200006], [127.5526641890001, 37.648717573000056], [127.54439206100005, 37.643103395000026], [127.54202859600002, 37.625322364000056], [127.56093631700003, 37.61877038500006], [127.56549072791574, 37.62008217106784], [127.57393537500002, 37.622514444000046], [127.58811616500009, 37.63000199500004], [127.59520656000007, 37.637488792000056], [127.609387351, 37.63842458800008], [127.62947680400009, 37.63000199500004], [127.6389306640001, 37.622514444000046], [127.68029130200011, 37.605664696000076], [127.70983461600008, 37.579446389000054], [127.7287423360001, 37.57663673700006], [127.75474045200008, 37.57663673700006], [127.78192030000002, 37.571017115000075], [127.80673668300005, 37.56820714400004], [127.82564440400006, 37.55509254900005], [127.85755118200007, 37.54291264300008], [127.87645890300007, 37.55415570300005], [127.894184891, 37.57757329900005], [127.9048204830001, 37.58600183200008], [127.9461811220001, 37.60379226600003], [127.97099750500001, 37.62345042900006], [127.98163309800009, 37.622514444000046], [127.99935908600003, 37.61221782900003], [128.00881294600003, 37.60847325200007], [128.0359927940001, 37.61221782900003], [128.0643543750001, 37.62625831400004], [128.07617170000003, 37.639360373000045], [128.10453328100004, 37.646846227000026], [128.11989580400007, 37.66649300500006], [128.13644005900005, 37.67023465900007], [128.1541660470001, 37.653395731000046], [128.16243817500003, 37.648717573000056], [128.1766189650001, 37.646846227000026], [128.20734401100003, 37.639360373000045], [128.214434406, 37.63280963200003], [128.22034306900002, 37.622514444000046], [128.23216039400006, 37.61877038500006], [128.26914972889378, 37.619295081296336], [128.26761237000005, 37.62157844700005], [128.27470276500003, 37.634681331000024], [128.28415662600003, 37.65900913100006], [128.31251820600005, 37.68987524600004], [128.31960860200002, 37.68052323400008], [128.3266989970001, 37.68145848800003], [128.345606717, 37.68800493800006], [128.3656961700001, 37.688940098000046], [128.37987696100004, 37.67771740000006], [128.4035116110001, 37.676782099000036], [128.42360106400008, 37.67771740000006], [128.43778185500003, 37.68426418000007], [128.44487225000012, 37.702966083000035], [128.45905304000007, 37.717924208000056], [128.521684864, 37.72259800300003], [128.53113872500012, 37.76651725900007], [128.53941085200006, 37.781462548000036], [128.54650124800003, 37.78800016200006], [128.58233137800005, 37.803874817000064], [128.58233137800005, 37.813995463000026], [128.58838184900003, 37.853419135000024], [128.58006245100012, 37.85461346300008], [128.5656925840001, 37.86177902400004], [128.55359164300012, 37.87073499500008], [128.53241499600006, 37.87491407600004], [128.49762479000003, 37.87849595600005], [128.48380570955538, 37.87980485234986]]]}}, {"type": "Feature", "properties": {"shapeName": "Gapyeong-gun", "shapeISO": "", "shapeID": "91817680B96761005572442", "shapeGroup": "KOR", "shapeType": "ADM2"}, "geometry": {"type": "Polygon", "coordinates": [[[127.44748999400008, 38.03134669900004], [127.42858227300007, 38.016452069000024], [127.41912841300007, 38.00621025400005], [127.41558321600007, 37.995035734000055], [127.39431203000004, 37.97827076100003], [127.38840336700002, 37.969886838000036], [127.38840336700002, 37.945661237000024], [127.38485817000003, 37.933545441000035], [127.37776777500005, 37.92329205300007], [127.37067737900009, 37.919563194000034], [127.35767832200008, 37.915834146000066], [127.33758886800001, 37.91210490900005], [127.32931674100007, 37.902780988000075], [127.32931674100007, 37.86080872800005], [127.29740996200007, 37.857076703000075], [127.2903195670001, 37.85427756000007], [127.28441090500007, 37.84307992600003], [127.27613877700003, 37.79266953200005], [127.27259357900004, 37.780528556000036], [127.27220338300003, 37.77997344000005], [127.2997734270001, 37.76558307800008], [127.33049847300003, 37.750634579000064], [127.347042729, 37.729140820000055], [127.35767832200008, 37.68987524600004], [127.36831391400005, 37.68052323400008], [127.38477094434349, 37.656767833791385], [127.38840336700002, 37.651524503000076], [127.39785722800002, 37.641231907000076], [127.41203801800009, 37.64497483400004], [127.42976400600003, 37.65807359400003], [127.4403995990001, 37.65526691100007], [127.44630826100001, 37.637488792000056], [127.4628525170001, 37.62438640200003], [127.46994291200008, 37.615026138000076], [127.47112464400004, 37.60379226600003], [127.46994291200008, 37.579446389000054], [127.47585157500009, 37.571953748000055], [127.4888506320001, 37.56446035300007], [127.51484874800008, 37.574763577000056], [127.55620938700008, 37.57289036900005], [127.56329978200006, 37.57663673700006], [127.5621180490001, 37.59162032300003], [127.56566324700009, 37.59817469400008], [127.56329978200006, 37.60379226600003], [127.56549072791574, 37.62008217106784], [127.56093631700003, 37.61877038500006], [127.54202859600002, 37.625322364000056], [127.54439206100005, 37.643103395000026], [127.5526641890001, 37.648717573000056], [127.55148245700002, 37.66555756200006], [127.5491189920001, 37.673976124000035], [127.55384592200005, 37.68145848800003], [127.55620938700008, 37.68987524600004], [127.55524948100003, 37.713160781000056], [127.53611993400011, 37.71138039900006], [127.51366701600011, 37.716054607000046], [127.52075741100009, 37.73287931300007], [127.5396651310001, 37.74689698200007], [127.54439206100005, 37.76091199600006], [127.52430260800008, 37.77492435600004], [127.52193914300005, 37.78613233100003], [127.53375646900008, 37.803874817000064], [127.53257473600002, 37.83094723700003], [127.56920844500007, 37.85427756000007], [127.609387351, 37.872003670000026], [127.61529601300003, 37.894388450000065], [127.61884121100002, 37.90184853100004], [127.6200229430001, 37.92795286100005], [127.60702388600009, 37.94193351300004], [127.58575270000006, 37.952184301000045], [127.55975458400007, 37.955911505000074], [127.54439206100005, 37.96150195700005], [127.53942878500004, 37.99913325600005], [127.52666607300011, 37.99410444700004], [127.5077583530001, 37.99410444700004], [127.48294197000007, 37.99782952400005], [127.4663977140001, 38.00621025400005], [127.44748999400008, 38.03134669900004]]]}}, {"type": "Feature", "properties": {"shapeName": "Hoengseong-gun", "shapeISO": "", "shapeID": "91817680B58418421780923", "shapeGroup": "KOR", "shapeType": "ADM2"}, "geometry": {"type": "Polygon", "coordinates": [[[128.26914972889378, 37.619295081296336], [128.23216039400006, 37.61877038500006], [128.22034306900002, 37.622514444000046], [128.214434406, 37.63280963200003], [128.20734401100003, 37.639360373000045], [128.1766189650001, 37.646846227000026], [128.16243817500003, 37.648717573000056], [128.1541660470001, 37.653395731000046], [128.13644005900005, 37.67023465900007], [128.11989580400007, 37.66649300500006], [128.10453328100004, 37.646846227000026], [128.07617170000003, 37.639360373000045], [128.0643543750001, 37.62625831400004], [128.0359927940001, 37.61221782900003], [128.00881294600003, 37.60847325200007], [127.99935908600003, 37.61221782900003], [127.98163309800009, 37.622514444000046], [127.97099750500001, 37.62345042900006], [127.9461811220001, 37.60379226600003], [127.9048204830001, 37.58600183200008], [127.894184891, 37.57757329900005], [127.87645890300007, 37.55415570300005], [127.85755118200007, 37.54291264300008], [127.83982519400001, 37.53166788600004], [127.82800786900009, 37.527919257000065], [127.81737227600001, 37.527919257000065], [127.81146361300011, 37.52604487200006], [127.79846455600011, 37.51386022100007], [127.77246644000002, 37.50073606400008], [127.76773951000007, 37.495110718000035], [127.76655777700012, 37.488547280000034], [127.77719337000008, 37.47916993900003], [127.79019242800007, 37.474480828000026], [127.79846455600011, 37.46885350500003], [127.79964628800008, 37.45384524100007], [127.80673668300005, 37.438833964000025], [127.80910013722301, 37.43789564015807], [127.81855400900008, 37.43414232300006], [127.83273479900004, 37.42851196500004], [127.83982519400001, 37.42100416200003], [127.85518771700004, 37.383453856000074], [127.87055024000006, 37.39753742600004], [127.87173197200002, 37.40786369500006], [127.8693685070001, 37.43414232300006], [127.87291370500009, 37.44727817800003], [127.87764063500003, 37.45196899600006], [127.9012752860001, 37.45665952000007], [127.90836568100008, 37.466039685000055], [127.91427434400009, 37.482921017000024], [127.92136473900007, 37.49042260700003], [127.92963686600001, 37.49417312000003], [127.94381765700007, 37.486671906000026], [127.94263592400011, 37.46885350500003], [127.9461811220001, 37.45572143900006], [127.95327151700008, 37.44727817800003], [127.98754176000011, 37.451030856000045], [128.00526774800005, 37.440710539000065], [128.02772066700004, 37.441648808000025], [128.04662838700006, 37.43977225700007], [128.0549005150001, 37.436957343000074], [128.06199091000008, 37.43132719700003], [128.0773534330001, 37.42381967600005], [128.092715956, 37.40880237600004], [128.0808986300001, 37.39753742600004], [128.07853516500006, 37.39284319700005], [128.07971689800002, 37.36748927900004], [128.07262650300004, 37.36091464200007], [128.0549005150001, 37.35903606800008], [128.04662838700006, 37.35058190600006], [128.04899185200009, 37.339308207000045], [128.04899185200009, 37.321454724000034], [128.05253705000007, 37.30735687200007], [128.06553610800006, 37.301716991000035], [128.08917075800002, 37.29607668700004], [128.1128054090001, 37.29419649100004], [128.11516887400012, 37.30735687200007], [128.12698619900004, 37.31205645000006], [128.16952857, 37.31205645000006], [128.16952857, 37.319575163000025], [128.1766189650001, 37.32521370500007], [128.18134589600004, 37.332731102000025], [128.17898243000002, 37.375002444000074], [128.191981488, 37.377819687000056], [128.23216039400006, 37.377819687000056], [128.24515945200005, 37.37969779100007], [128.25224984700003, 37.383453856000074], [128.27200477358457, 37.39518144682303], [128.26879410300012, 37.404108853000025], [128.26879410300012, 37.41537281600006], [128.25815851000004, 37.43226558400005], [128.24634118500012, 37.44352531200008], [128.2439777200001, 37.459473693000064], [128.27470276500003, 37.48760959900005], [128.300700881, 37.50261108400008], [128.2947922190001, 37.55134509700008], [128.27706623100005, 37.589747540000076], [128.27706623100005, 37.60753707900005], [128.26914972889378, 37.619295081296336]]]}}, {"type": "Feature", "properties": {"shapeName": "Yangpyeong-gun", "shapeISO": "", "shapeID": "91817680B89058224266184", "shapeGroup": "KOR", "shapeType": "ADM2"}, "geometry": {"type": "Polygon", "coordinates": [[[127.56549072791574, 37.62008217106784], [127.56329978200006, 37.60379226600003], [127.56566324700009, 37.59817469400008], [127.5621180490001, 37.59162032300003], [127.56329978200006, 37.57663673700006], [127.55620938700008, 37.57289036900005], [127.51484874800008, 37.574763577000056], [127.4888506320001, 37.56446035300007], [127.47585157500009, 37.571953748000055], [127.46994291200008, 37.579446389000054], [127.47112464400004, 37.60379226600003], [127.46994291200008, 37.615026138000076], [127.4628525170001, 37.62438640200003], [127.44630826100001, 37.637488792000056], [127.4403995990001, 37.65526691100007], [127.42976400600003, 37.65807359400003], [127.41203801800009, 37.64497483400004], [127.39785722800002, 37.641231907000076], [127.38840336700002, 37.651524503000076], [127.38477094434349, 37.656767833791385], [127.36595044900002, 37.62064243800006], [127.35767832200008, 37.61596221800005], [127.35295139100003, 37.60847325200007], [127.35176965900007, 37.584128907000036], [127.34231579900006, 37.573826979000046], [127.33995233400003, 37.55883981200003], [127.33049847300003, 37.55228197800005], [127.32104461300003, 37.539164579000044], [127.32104461300003, 37.52698207100008], [127.32371240942538, 37.52618865337687], [127.33049847300003, 37.524170440000034], [127.34113406600011, 37.52698207100008], [127.36122351900008, 37.52604487200006], [127.36713218200009, 37.52135870300003], [127.37894950700002, 37.498860996000076], [127.39431203000004, 37.48479648500006], [127.39313029700008, 37.460411727000064], [127.38485817000003, 37.44540176800007], [127.3765860420001, 37.43508067500005], [127.38131297200005, 37.42663508500004], [127.38840336700002, 37.41912709300004], [127.39785722800002, 37.41537281600006], [127.40367498900002, 37.416296963000036], [127.40967455300006, 37.41724997800003], [127.42385534300001, 37.42288118300007], [127.42976400600003, 37.42851196500004], [127.4439447960001, 37.42663508500004], [127.46403424900006, 37.413495606000026], [127.47821504, 37.410679704000074], [127.49239583000008, 37.414434217000064], [127.49594102800006, 37.42288118300007], [127.51721221300011, 37.42663508500004], [127.52902953800003, 37.42100416200003], [127.52902953800003, 37.40786369500006], [127.54084686400006, 37.405047581000076], [127.56802671200012, 37.40598629800007], [127.59520656000007, 37.410679704000074], [127.61765947800006, 37.40880237600004], [127.631840269, 37.404108853000025], [127.64129412900002, 37.403170113000044], [127.65783838400012, 37.396598604000076], [127.66847397700008, 37.395659769000076], [127.68974516300011, 37.39941503500006], [127.70392595300007, 37.39190431500003], [127.70156248800004, 37.38063682500007], [127.70747115100005, 37.363732414000026], [127.75710391700011, 37.363732414000026], [127.76436724897908, 37.36437383801542], [127.77837510300003, 37.36561087000007], [127.78073856800006, 37.37969779100007], [127.78782896300004, 37.395659769000076], [127.79964628800008, 37.40598629800007], [127.79846455600011, 37.416311403000066], [127.80910013722301, 37.43789564015807], [127.80673668300005, 37.438833964000025], [127.79964628800008, 37.45384524100007], [127.79846455600011, 37.46885350500003], [127.79019242800007, 37.474480828000026], [127.77719337000008, 37.47916993900003], [127.76655777700012, 37.488547280000034], [127.76773951000007, 37.495110718000035], [127.77246644000002, 37.50073606400008], [127.79846455600011, 37.51386022100007], [127.81146361300011, 37.52604487200006], [127.81737227600001, 37.527919257000065], [127.82800786900009, 37.527919257000065], [127.83982519400001, 37.53166788600004], [127.85755118200007, 37.54291264300008], [127.82564440400006, 37.55509254900005], [127.80673668300005, 37.56820714400004], [127.78192030000002, 37.571017115000075], [127.75474045200008, 37.57663673700006], [127.7287423360001, 37.57663673700006], [127.70983461600008, 37.579446389000054], [127.68029130200011, 37.605664696000076], [127.6389306640001, 37.622514444000046], [127.62947680400009, 37.63000199500004], [127.609387351, 37.63842458800008], [127.59520656000007, 37.637488792000056], [127.58811616500009, 37.63000199500004], [127.57393537500002, 37.622514444000046], [127.56549072791574, 37.62008217106784]]]}}, {"type": "Feature", "properties": {"shapeName": "Gwangju-si", "shapeISO": "", "shapeID": "91817680B33140835215225", "shapeGroup": "KOR", "shapeType": "ADM2"}, "geometry": {"type": "Polygon", "coordinates": [[[127.32371240942538, 37.52618865337687], [127.31702672200004, 37.51464759700008], [127.3132451780001, 37.51224794900003], [127.3117325610001, 37.506848458000036], [127.30719470800011, 37.50084856600006], [127.29887531100007, 37.49964853000006], [127.2858534610001, 37.49875017800008], [127.28148020800006, 37.49844847400004], [127.26550318400007, 37.495110718000035], [127.25841278900009, 37.48479648500006], [127.2548675910001, 37.47354297000004], [127.24659546400005, 37.46885350500003], [127.23123294100003, 37.46697763700007], [127.21232522000003, 37.472605101000056], [127.19341750000001, 37.472605101000056], [127.17923670900007, 37.46697763700007], [127.17907308400004, 37.46593867400003], [127.1780549770001, 37.459473693000064], [127.1816001740001, 37.451030856000045], [127.19696269700012, 37.438833964000025], [127.19578096500004, 37.41537281600006], [127.19105403500009, 37.405047581000076], [127.17923670900007, 37.396598604000076], [127.17923670900007, 37.383453856000074], [127.17687324400003, 37.37124595600005], [127.16978284900006, 37.35997536100007], [127.15796552400002, 37.35152130400007], [127.13551260600002, 37.34494526800006], [127.13433087300007, 37.33461033400005], [127.14120308023001, 37.33148788878789], [127.14260300100011, 37.330851823000046], [127.16269245400008, 37.332731102000025], [127.18041844200002, 37.339308207000045], [127.18750883700011, 37.33836865600006], [127.19578096500004, 37.330851823000046], [127.21114348800006, 37.324273977000075], [127.2229608130001, 37.328032817000064], [127.23241467300011, 37.34682419400008], [127.2454137310001, 37.35152130400007], [127.260776254, 37.34400578700007], [127.26550318400007, 37.33461033400005], [127.28559263700004, 37.33461033400005], [127.28913783500002, 37.30923673800004], [127.28322917200012, 37.27915323700006], [127.29150130000005, 37.26598792200008], [127.33995233400003, 37.26598792200008], [127.35295139100003, 37.27069008500007], [127.35767832200008, 37.27821293400007], [127.35767832200008, 37.293256376000045], [127.36122351900008, 37.301716991000035], [127.37185911200004, 37.30923673800004], [127.391948565, 37.31299633000003], [127.4179466810001, 37.32333423800003], [127.42740054100011, 37.33179146800006], [127.44630826100001, 37.34494526800006], [127.44743132200006, 37.34892432400005], [127.45013707500004, 37.358510059000025], [127.45164969200005, 37.374739496000075], [127.43425459000002, 37.374739496000075], [127.42366626600005, 37.37654255000007], [127.419884722, 37.380749508000065], [127.42064103100006, 37.38796088600003], [127.41156532500008, 37.39637328400005], [127.40627116300004, 37.40538552000004], [127.40367498900002, 37.416296963000036], [127.39785722800002, 37.41537281600006], [127.38840336700002, 37.41912709300004], [127.38131297200005, 37.42663508500004], [127.3765860420001, 37.43508067500005], [127.38485817000003, 37.44540176800007], [127.39313029700008, 37.460411727000064], [127.39431203000004, 37.48479648500006], [127.37894950700002, 37.498860996000076], [127.36713218200009, 37.52135870300003], [127.36122351900008, 37.52604487200006], [127.34113406600011, 37.52698207100008], [127.33049847300003, 37.524170440000034], [127.32371240942538, 37.52618865337687]]]}}, {"type": "Feature", "properties": {"shapeName": "Yeoju", "shapeISO": "", "shapeID": "91817680B81929081090334", "shapeGroup": "KOR", "shapeType": "ADM2"}, "geometry": {"type": "Polygon", "coordinates": [[[127.40367498900002, 37.416296963000036], [127.40627116300004, 37.40538552000004], [127.41156532500008, 37.39637328400005], [127.42064103100006, 37.38796088600003], [127.419884722, 37.380749508000065], [127.42366626600005, 37.37654255000007], [127.43425459000002, 37.374739496000075], [127.45164969200005, 37.374739496000075], [127.45013707500004, 37.358510059000025], [127.44743132200006, 37.34892432400005], [127.46876117900001, 37.348703073000024], [127.47585157500009, 37.35246069100003], [127.48294197000007, 37.34964249500007], [127.50184969000009, 37.332731102000025], [127.51957567800002, 37.326153420000026], [127.52666607300011, 37.319575163000025], [127.53139300400005, 37.30829681100005], [127.545573794, 37.292316249000066], [127.54321032900009, 37.27915323700006], [127.53493820100005, 37.271630482000035], [127.53139300400005, 37.26410697500006], [127.5396651310001, 37.251879674000065], [127.54084686400006, 37.24059117200005], [127.53493820100005, 37.23024189400007], [127.53375646900008, 37.221773246000055], [127.53611993400011, 37.18318181600006], [127.51957567800002, 37.17376627900006], [127.5302112710001, 37.163407834000054], [127.54675552600008, 37.16152432700005], [127.56802671200012, 37.16434956900008], [127.58929789800004, 37.17941574200006], [127.60466042000007, 37.178474194000046], [127.6200229430001, 37.167174705000036], [127.62829507100003, 37.154931685000065], [127.63656719900007, 37.14645458700005], [127.676746105, 37.123844346000055], [127.70156248800004, 37.12572879100003], [127.7062894180001, 37.14457065800008], [127.7027442210001, 37.15304796800007], [127.7062894180001, 37.16434956900008], [127.71219808100011, 37.17094138900006], [127.72637887100007, 37.17941574200006], [127.72992406900005, 37.19071340000005], [127.7381961960001, 37.20106810300007], [127.74883178900006, 37.20671552300007], [127.75308602600012, 37.20840966700007], [127.75828564900007, 37.21048023600008], [127.75355871900001, 37.216126952000025], [127.74883178900006, 37.22647816800003], [127.75001352200002, 37.23494628700007], [127.75710391700011, 37.24717633700004], [127.75592218400004, 37.27915323700006], [127.76419431200009, 37.32333423800003], [127.76436724897908, 37.36437383801542], [127.75710391700011, 37.363732414000026], [127.70747115100005, 37.363732414000026], [127.70156248800004, 37.38063682500007], [127.70392595300007, 37.39190431500003], [127.68974516300011, 37.39941503500006], [127.66847397700008, 37.395659769000076], [127.65783838400012, 37.396598604000076], [127.64129412900002, 37.403170113000044], [127.631840269, 37.404108853000025], [127.61765947800006, 37.40880237600004], [127.59520656000007, 37.410679704000074], [127.56802671200012, 37.40598629800007], [127.54084686400006, 37.405047581000076], [127.52902953800003, 37.40786369500006], [127.52902953800003, 37.42100416200003], [127.51721221300011, 37.42663508500004], [127.49594102800006, 37.42288118300007], [127.49239583000008, 37.414434217000064], [127.47821504, 37.410679704000074], [127.46403424900006, 37.413495606000026], [127.4439447960001, 37.42663508500004], [127.42976400600003, 37.42851196500004], [127.42385534300001, 37.42288118300007], [127.40967455300006, 37.41724997800003], [127.40367498900002, 37.416296963000036]]]}}, {"type": "Feature", "properties": {"shapeName": "Wonju-si", "shapeISO": "", "shapeID": "91817680B41990583973423", "shapeGroup": "KOR", "shapeType": "ADM2"}, "geometry": {"type": "Polygon", "coordinates": [[[127.80910013722301, 37.43789564015807], [127.79846455600011, 37.416311403000066], [127.79964628800008, 37.40598629800007], [127.78782896300004, 37.395659769000076], [127.78073856800006, 37.37969779100007], [127.77837510300003, 37.36561087000007], [127.76436724897908, 37.36437383801542], [127.76419431200009, 37.32333423800003], [127.75592218400004, 37.27915323700006], [127.75710391700011, 37.24717633700004], [127.75001352200002, 37.23494628700007], [127.74883178900006, 37.22647816800003], [127.75355871900001, 37.216126952000025], [127.75828564900007, 37.21048023600008], [127.75308602600012, 37.20840966700007], [127.75946738200003, 37.17376627900006], [127.76301258, 37.16529129300005], [127.77601163700001, 37.14645458700005], [127.78664723000009, 37.13797653800003], [127.8020097530001, 37.13609239900006], [127.81737227600001, 37.13797653800003], [127.84100692700008, 37.14551262900005], [127.84927905400002, 37.14645458700005], [127.87291370500009, 37.159640774000025], [127.89300315800006, 37.15304796800007], [127.89654835600004, 37.14739653400005], [127.91072914600011, 37.14551262900005], [127.916637809, 37.16246608600005], [127.93672726200009, 37.16811639400004], [127.939090727, 37.17470788600008], [127.93436379700006, 37.19071340000005], [127.94263592400011, 37.19824423400007], [127.94027245900008, 37.20295062300005], [127.93081859900008, 37.207656719000056], [127.92490993600006, 37.215185862000055], [127.9272734010001, 37.221773246000055], [127.939090727, 37.22930098000006], [127.9556349820001, 37.23400543200006], [127.96508884200011, 37.24059117200005], [127.97217923800008, 37.248117028000024], [127.98399656300012, 37.24905770700008], [127.99817735300007, 37.24623563400007], [128.0099946790001, 37.237768783000035], [128.01708507400008, 37.22836005400006], [128.01826680600004, 37.21989119500006], [128.02890239900012, 37.21048023600008], [128.03362932900006, 37.19918553500003], [128.03362932900006, 37.18412330500007], [128.0773534330001, 37.18412330500007], [128.08917075800002, 37.186947702000055], [128.11162367600002, 37.19918553500003], [128.1222592690001, 37.21048023600008], [128.12934966400007, 37.22083222600003], [128.1411669900001, 37.223655250000036], [128.1541660470001, 37.215185862000055], [128.16007471000012, 37.207656719000056], [128.1730737680001, 37.207656719000056], [128.18134589600004, 37.216126952000025], [128.18252762800012, 37.22647816800003], [128.18843629100002, 37.23494628700007], [128.2085257440001, 37.24341345600004], [128.21325267400005, 37.26410697500006], [128.21679787100004, 37.27069008500007], [128.21088920900002, 37.27915323700006], [128.20025361600005, 37.287615438000046], [128.19079975600005, 37.288555623000036], [128.18252762800012, 37.28479481000005], [128.1766189650001, 37.274451603000045], [128.16125644300007, 37.266928378000046], [128.13289486200006, 37.26316648400007], [128.11516887400012, 37.27727261900003], [128.1128054090001, 37.29419649100004], [128.08917075800002, 37.29607668700004], [128.06553610800006, 37.301716991000035], [128.05253705000007, 37.30735687200007], [128.04899185200009, 37.321454724000034], [128.04899185200009, 37.339308207000045], [128.04662838700006, 37.35058190600006], [128.0549005150001, 37.35903606800008], [128.07262650300004, 37.36091464200007], [128.07971689800002, 37.36748927900004], [128.07853516500006, 37.39284319700005], [128.0808986300001, 37.39753742600004], [128.092715956, 37.40880237600004], [128.0773534330001, 37.42381967600005], [128.06199091000008, 37.43132719700003], [128.0549005150001, 37.436957343000074], [128.04662838700006, 37.43977225700007], [128.02772066700004, 37.441648808000025], [128.00526774800005, 37.440710539000065], [127.98754176000011, 37.451030856000045], [127.95327151700008, 37.44727817800003], [127.9461811220001, 37.45572143900006], [127.94263592400011, 37.46885350500003], [127.94381765700007, 37.486671906000026], [127.92963686600001, 37.49417312000003], [127.92136473900007, 37.49042260700003], [127.91427434400009, 37.482921017000024], [127.90836568100008, 37.466039685000055], [127.9012752860001, 37.45665952000007], [127.87764063500003, 37.45196899600006], [127.87291370500009, 37.44727817800003], [127.8693685070001, 37.43414232300006], [127.87173197200002, 37.40786369500006], [127.87055024000006, 37.39753742600004], [127.85518771700004, 37.383453856000074], [127.83982519400001, 37.42100416200003], [127.83273479900004, 37.42851196500004], [127.81855400900008, 37.43414232300006], [127.80910013722301, 37.43789564015807]]]}}, {"type": "Feature", "properties": {"shapeName": "Yeongwol-gun", "shapeISO": "", "shapeID": "91817680B79863718076959", "shapeGroup": "KOR", "shapeType": "ADM2"}, "geometry": {"type": "Polygon", "coordinates": [[[128.9106485420001, 37.152372781000054], [128.84429784500003, 37.154931685000065], [128.82775359000004, 37.16811639400004], [128.77221216100008, 37.19165479600008], [128.7556679060001, 37.20106810300007], [128.7462140450001, 37.20106810300007], [128.72139766200007, 37.186947702000055], [128.70367167400002, 37.17941574200006], [128.68594568600008, 37.17470788600008], [128.6599475710001, 37.17470788600008], [128.63276772200004, 37.18318181600006], [128.62685906000002, 37.20577431600003], [128.62331386200003, 37.208597903000054], [128.61622346700005, 37.21048023600008], [128.5890436190001, 37.212362521000045], [128.58077149100006, 37.217068030000064], [128.5795897580001, 37.23400543200006], [128.57249936300002, 37.24341345600004], [128.56777243300007, 37.26222598100003], [128.55004644500002, 37.28197407600004], [128.52995699200005, 37.28197407600004], [128.51104927200004, 37.28479481000005], [128.4968684810001, 37.293256376000045], [128.47323383100002, 37.300776969000026], [128.4578713080001, 37.31299633000003], [128.43778185500003, 37.33836865600006], [128.41769240200006, 37.33461033400005], [128.41060200700008, 37.324273977000075], [128.40587507600003, 37.29701676700006], [128.3905125540001, 37.28479481000005], [128.3716048330001, 37.28479481000005], [128.35742404300004, 37.29419649100004], [128.32788072900007, 37.301716991000035], [128.31960860200002, 37.36842846600007], [128.3042460790001, 37.37875874500003], [128.27352103300007, 37.39096542300007], [128.27200477358457, 37.39518144682303], [128.25224984700003, 37.383453856000074], [128.24515945200005, 37.37969779100007], [128.23216039400006, 37.377819687000056], [128.191981488, 37.377819687000056], [128.17898243000002, 37.375002444000074], [128.18134589600004, 37.332731102000025], [128.1766189650001, 37.32521370500007], [128.16952857, 37.319575163000025], [128.16952857, 37.31205645000006], [128.12698619900004, 37.31205645000006], [128.11516887400012, 37.30735687200007], [128.1128054090001, 37.29419649100004], [128.11516887400012, 37.27727261900003], [128.13289486200006, 37.26316648400007], [128.16125644300007, 37.266928378000046], [128.1766189650001, 37.274451603000045], [128.18252762800012, 37.28479481000005], [128.19079975600005, 37.288555623000036], [128.20025361600005, 37.287615438000046], [128.21088920900002, 37.27915323700006], [128.21679787100004, 37.27069008500007], [128.21325267400005, 37.26410697500006], [128.2085257440001, 37.24341345600004], [128.22506999900008, 37.22836005400006], [128.22979692900003, 37.22083222600003], [128.24870465000004, 37.21800909700005], [128.255795045, 37.215185862000055], [128.2593402430001, 37.20483309700006], [128.27470276500003, 37.20106810300007], [128.28415662600003, 37.20389186600005], [128.29597395100006, 37.21048023600008], [128.31251820600005, 37.21142138400006], [128.32788072900007, 37.209539075000066], [128.3302441940001, 37.20106810300007], [128.32788072900007, 37.19165479600008], [128.3172451370001, 37.186947702000055], [128.30188261400008, 37.167174705000036], [128.2723393000001, 37.16152432700005], [128.26879410300012, 37.14645458700005], [128.28652009100006, 37.132323978000045], [128.29597395100006, 37.12855537000007], [128.305701626985, 37.129417110805925], [128.30660954400003, 37.129497540000045], [128.31369993900012, 37.13609239900006], [128.323153799, 37.14174467700008], [128.3881490880001, 37.14362867600005], [128.40232987900004, 37.132323978000045], [128.40232987900004, 37.122902106000026], [128.41769240200006, 37.11347906100008], [128.42123759900005, 37.091801607000036], [128.4354183900001, 37.092744234000065], [128.4389635870001, 37.101227349000055], [128.4838694230001, 37.10311235700004], [128.48977808600011, 37.108767098000044], [128.5063223420001, 37.10782467100006], [128.51459446900003, 37.09557204400005], [128.5417743170001, 37.08614559800003], [128.54650124800003, 37.08048916800004], [128.56777243300007, 37.08048916800004], [128.5795897580001, 37.073889466000026], [128.59140708400002, 37.07106084600008], [128.62922252500005, 37.073889466000026], [128.63867638500005, 37.06917504100005], [128.64931197800001, 37.059745313000064], [128.6883091510001, 37.049371257000075], [128.69658127900004, 37.04182559900005], [128.70154455216334, 37.036543116951336], [128.70367167400002, 37.03427919100005], [128.7237611270001, 37.03427919100005], [128.73203325500003, 37.03144909500003], [128.7367601850001, 37.02390165500003], [128.7462140450001, 37.02012765400008], [128.7556679060001, 37.02107117200006], [128.7592131030001, 37.02673203300003], [128.75212270800012, 37.04465530900006], [128.76275830100008, 37.05408691300005], [128.76748523100002, 37.07106084600008], [128.7781208240001, 37.07671798000007], [128.806482404, 37.07766079500004], [128.8194814620001, 37.06446032300005], [128.83011705500007, 37.06163135200006], [128.84429784500003, 37.04371208400005], [128.85375170600003, 37.039939068000024], [128.86202383300008, 37.038995784000065], [128.88589156963567, 37.038461855522705], [128.878804435, 37.04103326200004], [128.8757792, 37.05129528000003], [128.8818296710001, 37.07543573300006], [128.88107336200005, 37.09534582300006], [128.87426658200002, 37.10499731800007], [128.878804435, 37.111632007000026], [128.8863675230001, 37.11826611400005], [128.89014906800003, 37.13635618100005], [128.90754417000005, 37.148413823000055], [128.9106485420001, 37.152372781000054]]]}}, {"type": "Feature", "properties": {"shapeName": "Icheon-si", "shapeISO": "", "shapeID": "91817680B6202152929023", "shapeGroup": "KOR", "shapeType": "ADM2"}, "geometry": {"type": "Polygon", "coordinates": [[[127.33995233400003, 37.26598792200008], [127.3352254030001, 37.22930098000006], [127.34586099600006, 37.20671552300007], [127.36476871700006, 37.19447891100003], [127.37894950700002, 37.18788914400005], [127.3860399020001, 37.177532635000034], [127.42385534300001, 37.17094138900006], [127.42740054100011, 37.14362867600005], [127.43365675792938, 37.140636374320735], [127.43921786600004, 37.13797653800003], [127.46167078400003, 37.12195985400007], [127.4888506320001, 37.11724842000007], [127.500667958, 37.11347906100008], [127.51248528300005, 37.10216985900007], [127.51248528300005, 37.092744234000065], [127.51957567800002, 37.08048916800004], [127.51721221300011, 37.06823212100005], [127.51130355100008, 37.05503000900006], [127.51012181800002, 37.046541724000065], [127.52902953800003, 37.05125755500006], [127.54675552600008, 37.03805248900005], [127.56566324700009, 37.03427919100005], [127.56920844500007, 37.04371208400005], [127.56920844500007, 37.05314380500005], [127.5751171070001, 37.05880227500006], [127.59166136300007, 37.059745313000064], [127.60466042000007, 37.06351734500004], [127.60820561800006, 37.073889466000026], [127.61884121100002, 37.07954638900003], [127.631840269, 37.08331743600007], [127.6424758610001, 37.089916317000075], [127.63656719900007, 37.14645458700005], [127.62829507100003, 37.154931685000065], [127.6200229430001, 37.167174705000036], [127.60466042000007, 37.178474194000046], [127.58929789800004, 37.17941574200006], [127.56802671200012, 37.16434956900008], [127.54675552600008, 37.16152432700005], [127.5302112710001, 37.163407834000054], [127.51957567800002, 37.17376627900006], [127.53611993400011, 37.18318181600006], [127.53375646900008, 37.221773246000055], [127.53493820100005, 37.23024189400007], [127.54084686400006, 37.24059117200005], [127.5396651310001, 37.251879674000065], [127.53139300400005, 37.26410697500006], [127.53493820100005, 37.271630482000035], [127.54321032900009, 37.27915323700006], [127.545573794, 37.292316249000066], [127.53139300400005, 37.30829681100005], [127.52666607300011, 37.319575163000025], [127.51957567800002, 37.326153420000026], [127.50184969000009, 37.332731102000025], [127.48294197000007, 37.34964249500007], [127.47585157500009, 37.35246069100003], [127.46876117900001, 37.348703073000024], [127.44743132200006, 37.34892432400005], [127.44630826100001, 37.34494526800006], [127.42740054100011, 37.33179146800006], [127.4179466810001, 37.32333423800003], [127.391948565, 37.31299633000003], [127.37185911200004, 37.30923673800004], [127.36122351900008, 37.301716991000035], [127.35767832200008, 37.293256376000045], [127.35767832200008, 37.27821293400007], [127.35295139100003, 37.27069008500007], [127.33995233400003, 37.26598792200008]]]}}, {"type": "Feature", "properties": {"shapeName": "Eumseong-gun", "shapeISO": "", "shapeID": "91817680B44245642839981", "shapeGroup": "KOR", "shapeType": "ADM2"}, "geometry": {"type": "Polygon", "coordinates": [[[127.63656719900007, 37.14645458700005], [127.6424758610001, 37.089916317000075], [127.631840269, 37.08331743600007], [127.61884121100002, 37.07954638900003], [127.60820561800006, 37.073889466000026], [127.60466042000007, 37.06351734500004], [127.59166136300007, 37.059745313000064], [127.5751171070001, 37.05880227500006], [127.56920844500007, 37.05314380500005], [127.56920844500007, 37.04371208400005], [127.56566324700009, 37.03427919100005], [127.54675552600008, 37.03805248900005], [127.52902953800003, 37.05125755500006], [127.51012181800002, 37.046541724000065], [127.48057850500004, 37.04465530900006], [127.47230637700011, 37.04276884800004], [127.46167078400003, 37.03710918200005], [127.45694385400009, 37.00408605900003], [127.44867172600004, 36.998423511000055], [127.45458038900006, 36.97104858500006], [127.46167078400003, 36.95877386900003], [127.45103519100007, 36.94933043300006], [127.45458038900006, 36.93988582600008], [127.46403424900006, 36.93610765600005], [127.47230637700011, 36.930440049000026], [127.48412370200003, 36.92760608700007], [127.49594102800006, 36.92760608700007], [127.50657662000003, 36.92382730800006], [127.51839394600006, 36.91343469900005], [127.52075741100009, 36.90587554900003], [127.53375646900008, 36.902095693000035], [127.545573794, 36.89359033200003], [127.5526641890001, 36.88508402400004], [127.58220750200007, 36.867123149000065], [127.58575270000006, 36.85955941100008], [127.58693443300001, 36.84915805000003], [127.59520656000007, 36.847266742000045], [127.60820561800006, 36.847266742000045], [127.61765947800006, 36.84253826500003], [127.6164777460001, 36.83497209500007], [127.6200229430001, 36.82835108200004], [127.63302200100009, 36.82835108200004], [127.64011239600006, 36.83213458800003], [127.6424758610001, 36.83875527400005], [127.64838452400011, 36.84537538600006], [127.65665665200004, 36.84821240200006], [127.68265476800002, 36.846321070000045], [127.68856343000004, 36.85483169500003], [127.68738169800008, 36.86428683500003], [127.69447209300006, 36.87279546000008], [127.72401540600004, 36.87279546000008], [127.75474045200008, 36.867123149000065], [127.79019242800007, 36.87374080400008], [127.79137416000003, 36.89737061000005], [127.78782896300004, 36.917213994000065], [127.78361958000005, 36.92646833600003], [127.78310203300009, 36.92760608700007], [127.76064911500009, 36.93705221600004], [127.75828564900007, 36.944608276000054], [127.74646832400003, 36.94933043300006], [127.73465099900011, 36.94649717400006], [127.72283367400007, 36.94838602500005], [127.70747115100005, 36.96349514800005], [127.6932903600001, 36.97482502200006], [127.68265476800002, 36.977657227000066], [127.67201917500006, 36.97199271200003], [127.66256531400006, 36.973880930000064], [127.65902011700007, 36.979545306000034], [127.66020184900003, 37.00408605900003], [127.66492878000008, 37.01540988900007], [127.66965571000003, 37.02484512600006], [127.67910957000004, 37.03050570600004], [127.68501823300005, 37.036165863000065], [127.69092689500008, 37.04748491300006], [127.69092689500008, 37.056916166000065], [127.69447209300006, 37.07106084600008], [127.69683555800009, 37.091801607000036], [127.71101634800004, 37.10216985900007], [127.72401540600004, 37.10593978000003], [127.7251971390001, 37.11065191900008], [127.71810674300002, 37.11819073000004], [127.70156248800004, 37.12572879100003], [127.676746105, 37.123844346000055], [127.63656719900007, 37.14645458700005]]]}}, {"type": "Feature", "properties": {"shapeName": "Chungju-si", "shapeISO": "", "shapeID": "91817680B87543439372548", "shapeGroup": "KOR", "shapeType": "ADM2"}, "geometry": {"type": "Polygon", "coordinates": [[[127.70156248800004, 37.12572879100003], [127.71810674300002, 37.11819073000004], [127.7251971390001, 37.11065191900008], [127.72401540600004, 37.10593978000003], [127.71101634800004, 37.10216985900007], [127.69683555800009, 37.091801607000036], [127.69447209300006, 37.07106084600008], [127.69092689500008, 37.056916166000065], [127.69092689500008, 37.04748491300006], [127.68501823300005, 37.036165863000065], [127.67910957000004, 37.03050570600004], [127.66965571000003, 37.02484512600006], [127.66492878000008, 37.01540988900007], [127.66020184900003, 37.00408605900003], [127.65902011700007, 36.979545306000034], [127.66256531400006, 36.973880930000064], [127.67201917500006, 36.97199271200003], [127.68265476800002, 36.977657227000066], [127.6932903600001, 36.97482502200006], [127.70747115100005, 36.96349514800005], [127.72283367400007, 36.94838602500005], [127.73465099900011, 36.94649717400006], [127.74646832400003, 36.94933043300006], [127.75828564900007, 36.944608276000054], [127.76064911500009, 36.93705221600004], [127.78310203300009, 36.92760608700007], [127.78361958000005, 36.92646833600003], [127.79373762500006, 36.93705221600004], [127.82091747400011, 36.93799676400005], [127.83391653100011, 36.93327390500008], [127.84100692700008, 36.92382730800006], [127.84455212400007, 36.91060010600006], [127.86109638000005, 36.88697439600003], [127.90363875100002, 36.88224837700005], [127.9237282040001, 36.874686137000026], [127.94499938900003, 36.88130313800008], [127.95681671500006, 36.86050491900005], [127.97572443500007, 36.83875527400005], [127.98045136500002, 36.82456738900004], [127.98163309800009, 36.81037687300005], [127.98990522600002, 36.80186130100003], [128.00763121400007, 36.79996882300003], [128.0265389340001, 36.808484606000036], [128.03126586400003, 36.82078350900008], [128.05017358500004, 36.817945476000034], [128.0584457120001, 36.81037687300005], [128.06908130500005, 36.812269094000044], [128.07085387591727, 36.81084988935101], [128.07971689800002, 36.803753732000075], [128.08208036300005, 36.79334478100003], [128.09389768800008, 36.79050573100005], [128.10335154900008, 36.80091506800005], [128.1092602110001, 36.81037687300005], [128.12698619900004, 36.81605339500004], [128.12431515900005, 36.820757591000074], [128.12107753600003, 36.826459259000046], [128.11044194400006, 36.82929697600008], [128.1057150140001, 36.83780949700008], [128.092715956, 36.84537538600006], [128.07853516500006, 36.84253826500003], [128.06908130500005, 36.83497209500007], [128.0454466540001, 36.83686370800007], [128.03953799200008, 36.84821240200006], [128.0454466540001, 36.862395900000024], [128.05135531700012, 36.86995935700003], [128.06199091000008, 36.87846735000005], [128.07262650300004, 36.89170012300008], [128.070263038, 36.902095693000035], [128.07262650300004, 36.91060010600006], [128.0643543750001, 36.91437954000003], [128.05608224700006, 36.92193784800003], [128.04899185200009, 36.92949540700005], [128.0454466540001, 36.93799676400005], [128.05135531700012, 36.94555273100008], [128.06908130500005, 36.94744160500005], [128.083262095, 36.94649717400006], [128.08917075800002, 36.95121921400005], [128.0903524910001, 36.96349514800005], [128.08798902600006, 36.973880930000064], [128.08444382800008, 36.98332132200005], [128.07853516500006, 36.99181667200003], [128.07853516500006, 37.000311074000024], [128.08798902600006, 37.00597348100007], [128.09389768800008, 37.017297031000055], [128.09153422300005, 37.03710918200005], [128.08444382800008, 37.07011795000005], [128.07971689800002, 37.07671798000007], [128.0549005150001, 37.088973655000075], [128.04662838700006, 37.10405484300003], [128.0265389340001, 37.10782467100006], [128.01708507400008, 37.10593978000003], [128.00881294600003, 37.092744234000065], [127.99817735300007, 37.09368684900005], [127.98872349300007, 37.101227349000055], [127.98636002800004, 37.11536376400005], [127.98872349300007, 37.12572879100003], [127.98517829500008, 37.13609239900006], [127.97926963300006, 37.14362867600005], [127.96981577300005, 37.151164204000054], [127.95445325000003, 37.15681535600004], [127.93672726200009, 37.16811639400004], [127.916637809, 37.16246608600005], [127.91072914600011, 37.14551262900005], [127.89654835600004, 37.14739653400005], [127.89300315800006, 37.15304796800007], [127.87291370500009, 37.159640774000025], [127.84927905400002, 37.14645458700005], [127.84100692700008, 37.14551262900005], [127.81737227600001, 37.13797653800003], [127.8020097530001, 37.13609239900006], [127.78664723000009, 37.13797653800003], [127.77601163700001, 37.14645458700005], [127.76301258, 37.16529129300005], [127.75946738200003, 37.17376627900006], [127.75308602600012, 37.20840966700007], [127.74883178900006, 37.20671552300007], [127.7381961960001, 37.20106810300007], [127.72992406900005, 37.19071340000005], [127.72637887100007, 37.17941574200006], [127.71219808100011, 37.17094138900006], [127.7062894180001, 37.16434956900008], [127.7027442210001, 37.15304796800007], [127.7062894180001, 37.14457065800008], [127.70156248800004, 37.12572879100003]]]}}, {"type": "Feature", "properties": {"shapeName": "Jecheon-si", "shapeISO": "", "shapeID": "91817680B41858032192319", "shapeGroup": "KOR", "shapeType": "ADM2"}, "geometry": {"type": "Polygon", "coordinates": [[[127.93672726200009, 37.16811639400004], [127.95445325000003, 37.15681535600004], [127.96981577300005, 37.151164204000054], [127.97926963300006, 37.14362867600005], [127.98517829500008, 37.13609239900006], [127.98872349300007, 37.12572879100003], [127.98636002800004, 37.11536376400005], [127.98872349300007, 37.101227349000055], [127.99817735300007, 37.09368684900005], [128.00881294600003, 37.092744234000065], [128.01708507400008, 37.10593978000003], [128.0265389340001, 37.10782467100006], [128.04662838700006, 37.10405484300003], [128.0549005150001, 37.088973655000075], [128.07971689800002, 37.07671798000007], [128.08444382800008, 37.07011795000005], [128.09153422300005, 37.03710918200005], [128.09389768800008, 37.017297031000055], [128.08798902600006, 37.00597348100007], [128.07853516500006, 37.000311074000024], [128.07853516500006, 36.99181667200003], [128.08444382800008, 36.98332132200005], [128.08798902600006, 36.973880930000064], [128.0903524910001, 36.96349514800005], [128.08917075800002, 36.95121921400005], [128.083262095, 36.94649717400006], [128.06908130500005, 36.94744160500005], [128.05135531700012, 36.94555273100008], [128.0454466540001, 36.93799676400005], [128.04899185200009, 36.92949540700005], [128.05608224700006, 36.92193784800003], [128.0643543750001, 36.91437954000003], [128.07262650300004, 36.91060010600006], [128.070263038, 36.902095693000035], [128.07262650300004, 36.89170012300008], [128.06199091000008, 36.87846735000005], [128.05135531700012, 36.86995935700003], [128.0454466540001, 36.862395900000024], [128.03953799200008, 36.84821240200006], [128.0454466540001, 36.83686370800007], [128.06908130500005, 36.83497209500007], [128.07853516500006, 36.84253826500003], [128.092715956, 36.84537538600006], [128.1057150140001, 36.83780949700008], [128.11044194400006, 36.82929697600008], [128.12107753600003, 36.826459259000046], [128.12431515900005, 36.820757591000074], [128.14234872200007, 36.826459259000046], [128.15534778000006, 36.816999441000064], [128.1671651050001, 36.812269094000044], [128.1766189650001, 36.813215187000026], [128.1896180230001, 36.80564611600005], [128.201435349, 36.80753845400005], [128.21679787100004, 36.813215187000026], [128.22034306900002, 36.821729496000046], [128.21679787100004, 36.843483984000045], [128.23570559200004, 36.85388611700006], [128.23925079000003, 36.861450416000025], [128.24199387900012, 36.86521269000008], [128.24752291700008, 36.87279546000008], [128.25106811500007, 36.88224837700005], [128.2498863820001, 36.89264523400004], [128.24515945200005, 36.90020569500007], [128.24279598700002, 36.91060010600006], [128.2439777200001, 36.93327390500008], [128.26879410300012, 36.94744160500005], [128.2723393000001, 36.95499663500004], [128.26052197500007, 36.97104858500006], [128.26170370800003, 36.99276054100005], [128.24515945200005, 37.007860857000026], [128.2368873250001, 37.013522702000046], [128.22625173200004, 37.017297031000055], [128.22270653400005, 37.02484512600006], [128.22861519700007, 37.04842809100006], [128.2345238590001, 37.055973093000034], [128.25461331200006, 37.067289189000064], [128.26406717300006, 37.07483231600003], [128.2664306380001, 37.08426016800007], [128.26524890500002, 37.091801607000036], [128.26761237000005, 37.10311235700004], [128.2758844980001, 37.108767098000044], [128.2853383580001, 37.101227349000055], [128.29242875300008, 37.092744234000065], [128.300700881, 37.092744234000065], [128.30542781100007, 37.09934229400005], [128.3042460790001, 37.11065191900008], [128.305701626985, 37.129417110805925], [128.29597395100006, 37.12855537000007], [128.28652009100006, 37.132323978000045], [128.26879410300012, 37.14645458700005], [128.2723393000001, 37.16152432700005], [128.30188261400008, 37.167174705000036], [128.3172451370001, 37.186947702000055], [128.32788072900007, 37.19165479600008], [128.3302441940001, 37.20106810300007], [128.32788072900007, 37.209539075000066], [128.31251820600005, 37.21142138400006], [128.29597395100006, 37.21048023600008], [128.28415662600003, 37.20389186600005], [128.27470276500003, 37.20106810300007], [128.2593402430001, 37.20483309700006], [128.255795045, 37.215185862000055], [128.24870465000004, 37.21800909700005], [128.22979692900003, 37.22083222600003], [128.22506999900008, 37.22836005400006], [128.2085257440001, 37.24341345600004], [128.18843629100002, 37.23494628700007], [128.18252762800012, 37.22647816800003], [128.18134589600004, 37.216126952000025], [128.1730737680001, 37.207656719000056], [128.16007471000012, 37.207656719000056], [128.1541660470001, 37.215185862000055], [128.1411669900001, 37.223655250000036], [128.12934966400007, 37.22083222600003], [128.1222592690001, 37.21048023600008], [128.11162367600002, 37.19918553500003], [128.08917075800002, 37.186947702000055], [128.0773534330001, 37.18412330500007], [128.03362932900006, 37.18412330500007], [128.03362932900006, 37.19918553500003], [128.02890239900012, 37.21048023600008], [128.01826680600004, 37.21989119500006], [128.01708507400008, 37.22836005400006], [128.0099946790001, 37.237768783000035], [127.99817735300007, 37.24623563400007], [127.98399656300012, 37.24905770700008], [127.97217923800008, 37.248117028000024], [127.96508884200011, 37.24059117200005], [127.9556349820001, 37.23400543200006], [127.939090727, 37.22930098000006], [127.9272734010001, 37.221773246000055], [127.92490993600006, 37.215185862000055], [127.93081859900008, 37.207656719000056], [127.94027245900008, 37.20295062300005], [127.94263592400011, 37.19824423400007], [127.93436379700006, 37.19071340000005], [127.939090727, 37.17470788600008], [127.93672726200009, 37.16811639400004]]]}}, {"type": "Feature", "properties": {"shapeName": "Danyang-gun", "shapeISO": "", "shapeID": "91817680B46750425552975", "shapeGroup": "KOR", "shapeType": "ADM2"}, "geometry": {"type": "Polygon", "coordinates": [[[128.305701626985, 37.129417110805925], [128.3042460790001, 37.11065191900008], [128.30542781100007, 37.09934229400005], [128.300700881, 37.092744234000065], [128.29242875300008, 37.092744234000065], [128.2853383580001, 37.101227349000055], [128.2758844980001, 37.108767098000044], [128.26761237000005, 37.10311235700004], [128.26524890500002, 37.091801607000036], [128.2664306380001, 37.08426016800007], [128.26406717300006, 37.07483231600003], [128.25461331200006, 37.067289189000064], [128.2345238590001, 37.055973093000034], [128.22861519700007, 37.04842809100006], [128.22270653400005, 37.02484512600006], [128.22625173200004, 37.017297031000055], [128.2368873250001, 37.013522702000046], [128.24515945200005, 37.007860857000026], [128.26170370800003, 36.99276054100005], [128.26052197500007, 36.97104858500006], [128.2723393000001, 36.95499663500004], [128.26879410300012, 36.94744160500005], [128.2439777200001, 36.93327390500008], [128.24279598700002, 36.91060010600006], [128.24515945200005, 36.90020569500007], [128.2498863820001, 36.89264523400004], [128.25106811500007, 36.88224837700005], [128.24752291700008, 36.87279546000008], [128.24199387900012, 36.86521269000008], [128.27115756800004, 36.852940527000044], [128.28061142800004, 36.846321070000045], [128.2947922190001, 36.82740517600007], [128.30897300900006, 36.81510733700003], [128.31960860200002, 36.81037687300005], [128.345606717, 36.80280752200008], [128.368059635, 36.79996882300003], [128.37025379800002, 36.800456860000054], [128.38933082100004, 36.80469993000003], [128.4070568090001, 36.80280752200008], [128.42123759900005, 36.81037687300005], [128.4425087850001, 36.835917907000066], [128.44605398200008, 36.846321070000045], [128.44369051700005, 36.86050491900005], [128.43778185500003, 36.86523228400006], [128.43069146000005, 36.87752206500005], [128.4354183900001, 36.88886472200005], [128.4425087850001, 36.89642555800003], [128.44487225000012, 36.91060010600006], [128.46259823800006, 36.93610765600005], [128.4968684810001, 36.96727196000006], [128.5157762020001, 36.97482502200006], [128.52404833000003, 36.98048932700004], [128.5441377830001, 36.986153210000055], [128.55359164300012, 36.99087279100007], [128.5665907010001, 37.000311074000024], [128.5665907010001, 37.02295817300006], [128.5701358980001, 37.03427919100005], [128.59613401400009, 37.04088233900006], [128.61740519900002, 37.036165863000065], [128.63158599000008, 37.03805248900005], [128.64931197800001, 37.059745313000064], [128.63867638500005, 37.06917504100005], [128.62922252500005, 37.073889466000026], [128.59140708400002, 37.07106084600008], [128.5795897580001, 37.073889466000026], [128.56777243300007, 37.08048916800004], [128.54650124800003, 37.08048916800004], [128.5417743170001, 37.08614559800003], [128.51459446900003, 37.09557204400005], [128.5063223420001, 37.10782467100006], [128.48977808600011, 37.108767098000044], [128.4838694230001, 37.10311235700004], [128.4389635870001, 37.101227349000055], [128.4354183900001, 37.092744234000065], [128.42123759900005, 37.091801607000036], [128.41769240200006, 37.11347906100008], [128.40232987900004, 37.122902106000026], [128.40232987900004, 37.132323978000045], [128.3881490880001, 37.14362867600005], [128.323153799, 37.14174467700008], [128.31369993900012, 37.13609239900006], [128.30660954400003, 37.129497540000045], [128.305701626985, 37.129417110805925]]]}}, {"type": "Feature", "properties": {"shapeName": "Yeongju-si", "shapeISO": "", "shapeID": "91817680B73468767289539", "shapeGroup": "KOR", "shapeType": "ADM2"}, "geometry": {"type": "Polygon", "coordinates": [[[128.64931197800001, 37.059745313000064], [128.63158599000008, 37.03805248900005], [128.61740519900002, 37.036165863000065], [128.59613401400009, 37.04088233900006], [128.5701358980001, 37.03427919100005], [128.5665907010001, 37.02295817300006], [128.5665907010001, 37.000311074000024], [128.55359164300012, 36.99087279100007], [128.5441377830001, 36.986153210000055], [128.52404833000003, 36.98048932700004], [128.5157762020001, 36.97482502200006], [128.4968684810001, 36.96727196000006], [128.46259823800006, 36.93610765600005], [128.44487225000012, 36.91060010600006], [128.4425087850001, 36.89642555800003], [128.4354183900001, 36.88886472200005], [128.43069146000005, 36.87752206500005], [128.43778185500003, 36.86523228400006], [128.44369051700005, 36.86050491900005], [128.44605398200008, 36.846321070000045], [128.46023477300002, 36.83686370800007], [128.47205209800006, 36.83497209500007], [128.4803242260001, 36.82267547200007], [128.48150595800007, 36.817945476000034], [128.47205209800006, 36.80659229100007], [128.46968863300003, 36.79618372600004], [128.47559729600005, 36.77062943400006], [128.486232889, 36.764949546000025], [128.4933232840001, 36.75737570600006], [128.50395887600007, 36.75642892400003], [128.51695793400006, 36.761162719000026], [128.52995699200005, 36.76210944300004], [128.54295605000004, 36.761162719000026], [128.55477337500008, 36.75642892400003], [128.563045503, 36.74696045600007], [128.56422723600008, 36.73843783600006], [128.57131763100006, 36.73086137900003], [128.58077149100006, 36.724231366000026], [128.58431668900005, 36.71570622300004], [128.58431668900005, 36.710022268000046], [128.5890436190001, 36.70433789300006], [128.60676960700005, 36.70339045600008], [128.6244955950001, 36.70812752300003], [128.64222158300004, 36.70812752300003], [128.66112930300005, 36.701495548000025], [128.6788552910001, 36.69012511600005], [128.6918543490001, 36.68822988000005], [128.70603513900005, 36.68728224500006], [128.7332149870001, 36.69296788100007], [128.72966979000012, 36.72707287000003], [128.7367601850001, 36.76968281500007], [128.73557845300002, 36.779148478000025], [128.72827616100005, 36.785728058000075], [128.72612459200002, 36.78766657600005], [128.72139766200007, 36.79429110800004], [128.715489, 36.811322989000075], [128.72494286000006, 36.817945476000034], [128.73085152200008, 36.825513330000035], [128.7332149870001, 36.835917907000066], [128.73203325500003, 36.84915805000003], [128.72612459200002, 36.85955941100008], [128.71194380200006, 36.862395900000024], [128.7013082090001, 36.86050491900005], [128.68949088400007, 36.85577726200006], [128.68003702400006, 36.846321070000045], [128.675310093, 36.83686370800007], [128.66467450100004, 36.835917907000066], [128.6599475710001, 36.84537538600006], [128.64813024500006, 36.846321070000045], [128.64813024500006, 36.85672281700005], [128.652857175, 36.86617772200003], [128.64103985000008, 36.87185010400003], [128.6374946520001, 36.88413882000003], [128.64222158300004, 36.89264523400004], [128.66349276800008, 36.90587554900003], [128.66703796600007, 36.917213994000065], [128.6599475710001, 36.928550753000025], [128.66231103600012, 36.93516308400007], [128.69303608100006, 36.94933043300006], [128.69658127900004, 36.95688527500005], [128.69303608100006, 36.98804107800004], [128.70012647700003, 37.00880452700005], [128.70154455216334, 37.036543116951336], [128.69658127900004, 37.04182559900005], [128.6883091510001, 37.049371257000075], [128.64931197800001, 37.059745313000064]]]}}, {"type": "Feature", "properties": {"shapeName": "Bonghwa-gun", "shapeISO": "", "shapeID": "91817680B47987210748527", "shapeGroup": "KOR", "shapeType": "ADM2"}, "geometry": {"type": "Polygon", "coordinates": [[[129.09117594416733, 37.08907168713507], [129.06410009600006, 37.06879787500003], [129.060318552, 37.06396997600007], [129.05124284600004, 37.060348850000025], [129.0429234490001, 37.06396997600007], [129.0225031110001, 37.06819440400005], [129.01720894900006, 37.06759092900006], [128.9975449200001, 37.07543573300006], [128.96199840500003, 37.06940134000007], [128.9521663910001, 37.07060825700006], [128.94762853800012, 37.079056139000045], [128.94082175900007, 37.08327972600006], [128.92342665600006, 37.082073011000034], [128.91359464100003, 37.05914177000005], [128.88712383200004, 37.03801475700004], [128.88589156963567, 37.038461855522705], [128.86202383300008, 37.038995784000065], [128.85375170600003, 37.039939068000024], [128.84429784500003, 37.04371208400005], [128.83011705500007, 37.06163135200006], [128.8194814620001, 37.06446032300005], [128.806482404, 37.07766079500004], [128.7781208240001, 37.07671798000007], [128.76748523100002, 37.07106084600008], [128.76275830100008, 37.05408691300005], [128.75212270800012, 37.04465530900006], [128.7592131030001, 37.02673203300003], [128.7556679060001, 37.02107117200006], [128.7462140450001, 37.02012765400008], [128.7367601850001, 37.02390165500003], [128.73203325500003, 37.03144909500003], [128.7237611270001, 37.03427919100005], [128.70367167400002, 37.03427919100005], [128.70154455216334, 37.036543116951336], [128.70012647700003, 37.00880452700005], [128.69303608100006, 36.98804107800004], [128.69658127900004, 36.95688527500005], [128.69303608100006, 36.94933043300006], [128.66231103600012, 36.93516308400007], [128.6599475710001, 36.928550753000025], [128.66703796600007, 36.917213994000065], [128.66349276800008, 36.90587554900003], [128.64222158300004, 36.89264523400004], [128.6374946520001, 36.88413882000003], [128.64103985000008, 36.87185010400003], [128.652857175, 36.86617772200003], [128.64813024500006, 36.85672281700005], [128.64813024500006, 36.846321070000045], [128.6599475710001, 36.84537538600006], [128.66467450100004, 36.835917907000066], [128.675310093, 36.83686370800007], [128.68003702400006, 36.846321070000045], [128.68949088400007, 36.85577726200006], [128.7013082090001, 36.86050491900005], [128.71194380200006, 36.862395900000024], [128.72612459200002, 36.85955941100008], [128.73203325500003, 36.84915805000003], [128.7332149870001, 36.835917907000066], [128.73085152200008, 36.825513330000035], [128.72494286000006, 36.817945476000034], [128.715489, 36.811322989000075], [128.72139766200007, 36.79429110800004], [128.72612459200002, 36.78766657600005], [128.72827616100005, 36.785728058000075], [128.74148711500004, 36.79429110800004], [128.77103042800002, 36.79334478100003], [128.80175547400006, 36.81037687300005], [128.80884586900004, 36.811322989000075], [128.81711799700008, 36.799022566000076], [128.8419343800001, 36.79807629800007], [128.87502289100007, 36.78009498100005], [128.88565848400003, 36.76968281500007], [128.89865754200002, 36.76305615600006], [128.94592684300005, 36.76210944300004], [128.9636528310001, 36.75169483600007], [128.96837976100005, 36.74222578400003], [128.98137881900004, 36.73749082000006], [128.98728748200006, 36.73749082000006], [128.9896509470001, 36.74601354500004], [128.98728748200006, 36.74411968800007], [128.99201441200012, 36.76400285700004], [129.02392119, 36.77062943400006], [129.03455678300008, 36.779148478000025], [129.0440106430001, 36.79334478100003], [129.05700970100008, 36.80753845400005], [129.08064435200004, 36.812269094000044], [129.09718860700002, 36.819837509000024], [129.1113693970001, 36.833080436000046], [129.11964152500002, 36.843483984000045], [129.12555018800003, 36.84915805000003], [129.15229294257804, 36.8765897012065], [129.14805037500003, 36.87786236900007], [129.14199990500003, 36.90568656100004], [129.12611741900002, 36.919594853000035], [129.09662137500004, 36.932896063000044], [129.0898145960001, 36.93773229200008], [129.08830197800012, 36.98607769500006], [129.0898145960001, 37.00057532900007], [129.10115922800003, 37.01386239900006], [129.11855433100004, 37.025939538000046], [129.12536111100007, 37.02533572600004], [129.1442688310001, 37.018089616000054], [129.1601513160001, 37.01567409200004], [129.17527749300007, 37.017485742000076], [129.18756180348907, 37.03569555018354], [129.17527749300007, 37.05069167100004], [129.14502514000003, 37.07543573300006], [129.12611741900002, 37.08508976300004], [129.10267184600002, 37.09051961500006], [129.0913272140001, 37.08870970800007], [129.09117594416733, 37.08907168713507]]]}}, {"type": "Feature", "properties": {"shapeName": "Yeongyang-gun", "shapeISO": "", "shapeID": "91817680B35472999009946", "shapeGroup": "KOR", "shapeType": "ADM2"}, "geometry": {"type": "Polygon", "coordinates": [[[129.15229294257804, 36.8765897012065], [129.12555018800003, 36.84915805000003], [129.11964152500002, 36.843483984000045], [129.1113693970001, 36.833080436000046], [129.09718860700002, 36.819837509000024], [129.08064435200004, 36.812269094000044], [129.05700970100008, 36.80753845400005], [129.0440106430001, 36.79334478100003], [129.03455678300008, 36.779148478000025], [129.02392119, 36.77062943400006], [128.99201441200012, 36.76400285700004], [128.98728748200006, 36.74411968800007], [128.9896509470001, 36.74601354500004], [128.98728748200006, 36.73749082000006], [128.99674134200006, 36.72233697200005], [129.00265000500008, 36.709074901000065], [129.00265000500008, 36.700548076000075], [128.99792307400003, 36.68254389400005], [128.99319614400008, 36.676857486000074], [128.99083267900005, 36.66832708800007], [128.99319614400008, 36.621867218000034], [128.99674134200006, 36.60858782300005], [129.00265000500008, 36.59530614100004], [129.00451295803754, 36.58857510805374], [129.0050134700001, 36.586766709000074], [129.01919426000006, 36.57917531000004], [129.03219331800005, 36.57632834300006], [129.046374108, 36.56588856500008], [129.0534645030001, 36.54880224900006], [129.07473568900002, 36.53740927200005], [129.1042790020001, 36.536459782000065], [129.12791365300006, 36.526014617000044], [129.13145885000006, 36.51556804200004], [129.12909538500003, 36.50796964700004], [129.132640583, 36.50227036100006], [129.14796834900005, 36.49525742800006], [129.15036657100006, 36.49847060400003], [129.16691082600005, 36.500370506000024], [129.19527240700006, 36.500370506000024], [129.20945319700002, 36.49752063500006], [129.2200887900001, 36.49752063500006], [129.2259974530001, 36.50512005600007], [129.23190611600012, 36.516517789000034], [129.23426958100004, 36.526014617000044], [129.2354513130001, 36.54405537900004], [129.23308784800008, 36.567786811000076], [129.222452255, 36.592459768000026], [129.22363398800007, 36.60194726700007], [129.22836091800002, 36.607639207000034], [129.23190611600012, 36.61712483900004], [129.23072438300005, 36.64747102100006], [129.23426958100004, 36.65789976100007], [129.26754716900007, 36.66764461500003], [129.27813549200005, 36.67553059800008], [129.28569858000003, 36.69857729700004], [129.28267334500003, 36.710704365000026], [129.26830347700002, 36.71555465600005], [129.27511025700005, 36.739801519000025], [129.30838784500008, 36.76404072400004], [129.30914415400002, 36.77434006800007], [129.3038499920001, 36.78342657500008], [129.29023643300002, 36.79251200400006], [129.28948012400008, 36.810679632000074], [129.27662287500004, 36.81855093200005], [129.27284133000012, 36.82460522700006], [129.27057240400006, 36.83852828800008], [129.27662287500004, 36.848817618000055], [129.27662287500004, 36.86092093900004], [129.26905978600007, 36.86576173100008], [129.26225300700003, 36.863341373000026], [129.247883139, 36.84458100300003], [129.19872306600007, 36.863341373000026], [129.1911599780001, 36.86939212400006], [129.1601513160001, 36.874232379000034], [129.15229294257804, 36.8765897012065]]]}}, {"type": "Feature", "properties": {"shapeName": "Goesan-gun", "shapeISO": "", "shapeID": "91817680B74553451927555", "shapeGroup": "KOR", "shapeType": "ADM2"}, "geometry": {"type": "Polygon", "coordinates": [[[127.63302200100009, 36.82835108200004], [127.6389306640001, 36.79807629800007], [127.63774893100003, 36.789559358000076], [127.62474987300004, 36.78104147100004], [127.62593160600011, 36.74696045600007], [127.6424758610001, 36.73086137900003], [127.65547491900008, 36.72707287000003], [127.6613835820001, 36.718548042000066], [127.66847397700008, 36.71570622300004], [127.66989632600188, 36.71529900624264], [127.68501823300005, 36.71096962300004], [127.71101634800004, 36.69865309700003], [127.72992406900005, 36.67496192400006], [127.73110580100001, 36.66927495700003], [127.72047020800005, 36.66358756900007], [127.7157432780001, 36.65031536300006], [127.72992406900005, 36.63798912300007], [127.73701446400003, 36.635144326000045], [127.74528659200007, 36.626609305000045], [127.75355871900001, 36.61712483900004], [127.76655777700012, 36.59625490800005], [127.77128470700006, 36.59625490800005], [127.77482990500005, 36.59625490800005], [127.79137416000003, 36.59530614100004], [127.79964628800008, 36.60194726700007], [127.83391653100011, 36.60099857000006], [127.84809732200006, 36.60384462700006], [127.85046078700009, 36.61902182600005], [127.85755118200007, 36.62566091100007], [127.87409543800004, 36.631351100000074], [127.87173197200002, 36.643678402000035], [127.88827622800011, 36.63419603700004], [127.89654835600004, 36.622815659000025], [127.9048204830001, 36.61617632900004], [127.916637809, 36.60953642700008], [127.92018300600012, 36.60194726700007], [127.92514628300012, 36.60327542400006], [127.93436379700006, 36.60574194000003], [127.93790899400005, 36.61902182600005], [127.93554552900002, 36.64747102100006], [127.92490993600006, 36.65505569900006], [127.89891182100007, 36.66074371700006], [127.88354929800005, 36.66643131500007], [127.88000410000006, 36.67780525000006], [127.89063969300003, 36.68254389400005], [127.91900127400004, 36.68064847100004], [127.92845513400005, 36.68443926900005], [127.93790899400005, 36.69675807200008], [127.95090805200005, 36.70528531800005], [127.95090805200005, 36.72044253000007], [127.95681671500006, 36.726125714000034], [127.96981577300005, 36.72328417500006], [127.97690616800003, 36.71191696600005], [127.98990522600002, 36.70812752300003], [128.00290428300002, 36.71475892600006], [128.00526774800005, 36.72044253000007], [128.0194485390001, 36.717600781000044], [128.03481106200002, 36.70623273100006], [128.05017358500004, 36.697705591000044], [128.06553610800006, 36.69960059300007], [128.070263038, 36.70623273100006], [128.06199091000008, 36.71570622300004], [128.03717452700005, 36.72707287000003], [128.0324475970001, 36.73654379200008], [128.0324475970001, 36.74790735500005], [128.05371878200003, 36.76400285700004], [128.04899185200009, 36.77630890200004], [128.05962744500005, 36.785773747000064], [128.060809177, 36.79523742300006], [128.07085387591727, 36.81084988935101], [128.06908130500005, 36.812269094000044], [128.0584457120001, 36.81037687300005], [128.05017358500004, 36.817945476000034], [128.03126586400003, 36.82078350900008], [128.0265389340001, 36.808484606000036], [128.00763121400007, 36.79996882300003], [127.98990522600002, 36.80186130100003], [127.98163309800009, 36.81037687300005], [127.98045136500002, 36.82456738900004], [127.97572443500007, 36.83875527400005], [127.95681671500006, 36.86050491900005], [127.94499938900003, 36.88130313800008], [127.9237282040001, 36.874686137000026], [127.90363875100002, 36.88224837700005], [127.86109638000005, 36.88697439600003], [127.84455212400007, 36.91060010600006], [127.84100692700008, 36.92382730800006], [127.83391653100011, 36.93327390500008], [127.82091747400011, 36.93799676400005], [127.79373762500006, 36.93705221600004], [127.78361958000005, 36.92646833600003], [127.78782896300004, 36.917213994000065], [127.79137416000003, 36.89737061000005], [127.79019242800007, 36.87374080400008], [127.75474045200008, 36.867123149000065], [127.72401540600004, 36.87279546000008], [127.69447209300006, 36.87279546000008], [127.68738169800008, 36.86428683500003], [127.68856343000004, 36.85483169500003], [127.68265476800002, 36.846321070000045], [127.65665665200004, 36.84821240200006], [127.64838452400011, 36.84537538600006], [127.6424758610001, 36.83875527400005], [127.64011239600006, 36.83213458800003], [127.63302200100009, 36.82835108200004]]]}}, {"type": "Feature", "properties": {"shapeName": "Jeungpyeong-gun", "shapeISO": "", "shapeID": "91817680B75298348451478", "shapeGroup": "KOR", "shapeType": "ADM2"}, "geometry": {"type": "Polygon", "coordinates": [[[127.58693443300001, 36.84915805000003], [127.57748057200001, 36.833080436000046], [127.57629884000005, 36.825513330000035], [127.58102577000011, 36.82267547200007], [127.58102577000011, 36.81605339500004], [127.5621180490001, 36.80943074500004], [127.55030072400007, 36.81037687300005], [127.54439206100005, 36.80280752200008], [127.54439206100005, 36.79618372600004], [127.55620938700008, 36.792398443000025], [127.5621180490001, 36.783880872000054], [127.56329978200006, 36.77346922100003], [127.56389063294239, 36.77299592676206], [127.57039017700004, 36.76778954300005], [127.59166136300007, 36.75264167700004], [127.59993349000001, 36.74317274200007], [127.62593160600011, 36.69865309700003], [127.63538546600012, 36.69675807200008], [127.65311145400005, 36.69581054200006], [127.66020184900003, 36.700548076000075], [127.65902011700007, 36.70339045600008], [127.66989632600188, 36.71529900624264], [127.66847397700008, 36.71570622300004], [127.6613835820001, 36.718548042000066], [127.65547491900008, 36.72707287000003], [127.6424758610001, 36.73086137900003], [127.62593160600011, 36.74696045600007], [127.62474987300004, 36.78104147100004], [127.63774893100003, 36.789559358000076], [127.6389306640001, 36.79807629800007], [127.63302200100009, 36.82835108200004], [127.6200229430001, 36.82835108200004], [127.6164777460001, 36.83497209500007], [127.61765947800006, 36.84253826500003], [127.60820561800006, 36.847266742000045], [127.59520656000007, 36.847266742000045], [127.58693443300001, 36.84915805000003]]]}}, {"type": "Feature", "properties": {"shapeName": "Mungyeong-si", "shapeISO": "", "shapeID": "91817680B43065782555772", "shapeGroup": "KOR", "shapeType": "ADM2"}, "geometry": {"type": "Polygon", "coordinates": [[[128.07085387591727, 36.81084988935101], [128.060809177, 36.79523742300006], [128.05962744500005, 36.785773747000064], [128.04899185200009, 36.77630890200004], [128.05371878200003, 36.76400285700004], [128.0324475970001, 36.74790735500005], [128.0324475970001, 36.73654379200008], [128.03717452700005, 36.72707287000003], [128.06199091000008, 36.71570622300004], [128.070263038, 36.70623273100006], [128.06553610800006, 36.69960059300007], [128.05017358500004, 36.697705591000044], [128.03481106200002, 36.70623273100006], [128.0194485390001, 36.717600781000044], [128.00526774800005, 36.72044253000007], [128.00290428300002, 36.71475892600006], [127.98990522600002, 36.70812752300003], [127.97690616800003, 36.71191696600005], [127.96981577300005, 36.72328417500006], [127.95681671500006, 36.726125714000034], [127.95090805200005, 36.72044253000007], [127.95090805200005, 36.70528531800005], [127.93790899400005, 36.69675807200008], [127.92845513400005, 36.68443926900005], [127.91900127400004, 36.68064847100004], [127.89063969300003, 36.68254389400005], [127.88000410000006, 36.67780525000006], [127.88354929800005, 36.66643131500007], [127.89891182100007, 36.66074371700006], [127.92490993600006, 36.65505569900006], [127.93554552900002, 36.64747102100006], [127.93790899400005, 36.61902182600005], [127.93436379700006, 36.60574194000003], [127.92514628300012, 36.60327542400006], [127.9331820640001, 36.586766709000074], [127.939090727, 36.57253222300005], [127.939090727, 36.543105970000056], [127.94263592400011, 36.526964236000026], [127.9556349820001, 36.51841724800005], [127.96627057500007, 36.50796964700004], [127.97690616800003, 36.507019795000076], [127.98045136500002, 36.51841724800005], [127.9780879000001, 36.530762594000066], [127.98636002800004, 36.53930821800003], [128.00172255100006, 36.54025767400003], [128.04308318900007, 36.53551028000004], [128.060809177, 36.54690353600006], [128.0584457120001, 36.56968501100005], [128.06199091000008, 36.58486892900004], [128.07498996800007, 36.59435736100005], [128.08917075800002, 36.59435736100005], [128.1057150140001, 36.60004986100006], [128.11516887400012, 36.610485019000066], [128.12698619900004, 36.60858782300005], [128.1447121870001, 36.59720366400006], [128.16007471000012, 36.59151095400006], [128.17780069800006, 36.58866444200004], [128.19079975600005, 36.58486892900004], [128.19316322100008, 36.57727734300005], [128.20616227900007, 36.57443030600007], [128.21679787100004, 36.56968501100005], [128.22034306900002, 36.55829511300004], [128.22506999900008, 36.52886343800003], [128.23570559200004, 36.525064987000064], [128.26052197500007, 36.526964236000026], [128.26406717300006, 36.53930821800003], [128.2748125719964, 36.53873265618938], [128.2817931610001, 36.53835875100003], [128.29597395100006, 36.541207118000045], [128.300700881, 36.55259953400008], [128.2947922190001, 36.562091932000044], [128.27115756800004, 36.57917531000004], [128.26524890500002, 36.58866444200004], [128.26406717300006, 36.60004986100006], [128.2758844980001, 36.60669057900003], [128.2983374160001, 36.62850605800003], [128.30542781100007, 36.63798912300007], [128.31488167200007, 36.63893736500006], [128.32551726400004, 36.633247736000044], [128.345606717, 36.633247736000044], [128.35033364700007, 36.642730218000054], [128.34087978700006, 36.652211532000024], [128.33142592700005, 36.65789976100007], [128.3266989970001, 36.66737920700007], [128.33497112500004, 36.67306631500003], [128.33615285700012, 36.68064847100004], [128.33615285700012, 36.694863], [128.33378939200009, 36.70623273100006], [128.33497112500004, 36.72896714800004], [128.36096924000003, 36.72896714800004], [128.37042310000004, 36.74033183300003], [128.37042310000004, 36.75926923600008], [128.37025379800002, 36.800456860000054], [128.368059635, 36.79996882300003], [128.345606717, 36.80280752200008], [128.31960860200002, 36.81037687300005], [128.30897300900006, 36.81510733700003], [128.2947922190001, 36.82740517600007], [128.28061142800004, 36.846321070000045], [128.27115756800004, 36.852940527000044], [128.24199387900012, 36.86521269000008], [128.23925079000003, 36.861450416000025], [128.23570559200004, 36.85388611700006], [128.21679787100004, 36.843483984000045], [128.22034306900002, 36.821729496000046], [128.21679787100004, 36.813215187000026], [128.201435349, 36.80753845400005], [128.1896180230001, 36.80564611600005], [128.1766189650001, 36.813215187000026], [128.1671651050001, 36.812269094000044], [128.15534778000006, 36.816999441000064], [128.14234872200007, 36.826459259000046], [128.12431515900005, 36.820757591000074], [128.12698619900004, 36.81605339500004], [128.1092602110001, 36.81037687300005], [128.10335154900008, 36.80091506800005], [128.09389768800008, 36.79050573100005], [128.08208036300005, 36.79334478100003], [128.07971689800002, 36.803753732000075], [128.07085387591727, 36.81084988935101]]]}}, {"type": "Feature", "properties": {"shapeName": "Yecheon-gun", "shapeISO": "", "shapeID": "91817680B75354784424725", "shapeGroup": "KOR", "shapeType": "ADM2"}, "geometry": {"type": "Polygon", "coordinates": [[[128.37025379800002, 36.800456860000054], [128.37042310000004, 36.75926923600008], [128.37042310000004, 36.74033183300003], [128.36096924000003, 36.72896714800004], [128.33497112500004, 36.72896714800004], [128.33378939200009, 36.70623273100006], [128.33615285700012, 36.694863], [128.33615285700012, 36.68064847100004], [128.33497112500004, 36.67306631500003], [128.3266989970001, 36.66737920700007], [128.33142592700005, 36.65789976100007], [128.34087978700006, 36.652211532000024], [128.35033364700007, 36.642730218000054], [128.345606717, 36.633247736000044], [128.32551726400004, 36.633247736000044], [128.31488167200007, 36.63893736500006], [128.30542781100007, 36.63798912300007], [128.2983374160001, 36.62850605800003], [128.2758844980001, 36.60669057900003], [128.26406717300006, 36.60004986100006], [128.26524890500002, 36.58866444200004], [128.27115756800004, 36.57917531000004], [128.2947922190001, 36.562091932000044], [128.300700881, 36.55259953400008], [128.29597395100006, 36.541207118000045], [128.2817931610001, 36.53835875100003], [128.2748125719964, 36.53873265618938], [128.27470276500003, 36.51461828300006], [128.26761237000005, 36.50986931500006], [128.26406717300006, 36.50227036100006], [128.26879410300012, 36.492770619000055], [128.27942969600008, 36.486120106000044], [128.278247963, 36.479469022000046], [128.2664306380001, 36.469966483000064], [128.30660954400003, 36.45475999800004], [128.3172451370001, 36.46046277900007], [128.31960860200002, 36.46616514100003], [128.33378939200009, 36.479469022000046], [128.34442498500005, 36.49657065500003], [128.3526971130001, 36.516517789000034], [128.35742404300004, 36.52126634900003], [128.36096924000003, 36.52126634900003], [128.37987696100004, 36.50227036100006], [128.3940577510001, 36.49942056100008], [128.42360106400008, 36.512718731000064], [128.4354183900001, 36.51366851300003], [128.44014532000006, 36.52316569100003], [128.44605398200008, 36.52981302200004], [128.45905304000007, 36.536459782000065], [128.46259823800006, 36.545954162000044], [128.46968863300003, 36.555447376000075], [128.49095981900007, 36.56588856500008], [128.4968684810001, 36.58866444200004], [128.50750407400005, 36.59435736100005], [128.521684864, 36.59530614100004], [128.53113872500012, 36.60289595300003], [128.5287752600001, 36.61238216900006], [128.5346839220001, 36.622815659000025], [128.57249936300002, 36.639885596000056], [128.59613401400009, 36.64747102100006], [128.60676960700005, 36.68254389400005], [128.59377054900006, 36.691072716000065], [128.5831349560001, 36.691072716000065], [128.5795897580001, 36.69675807200008], [128.5890436190001, 36.70433789300006], [128.58431668900005, 36.710022268000046], [128.58431668900005, 36.71570622300004], [128.58077149100006, 36.724231366000026], [128.57131763100006, 36.73086137900003], [128.56422723600008, 36.73843783600006], [128.563045503, 36.74696045600007], [128.55477337500008, 36.75642892400003], [128.54295605000004, 36.761162719000026], [128.52995699200005, 36.76210944300004], [128.51695793400006, 36.761162719000026], [128.50395887600007, 36.75642892400003], [128.4933232840001, 36.75737570600006], [128.486232889, 36.764949546000025], [128.47559729600005, 36.77062943400006], [128.46968863300003, 36.79618372600004], [128.47205209800006, 36.80659229100007], [128.48150595800007, 36.817945476000034], [128.4803242260001, 36.82267547200007], [128.47205209800006, 36.83497209500007], [128.46023477300002, 36.83686370800007], [128.44605398200008, 36.846321070000045], [128.4425087850001, 36.835917907000066], [128.42123759900005, 36.81037687300005], [128.4070568090001, 36.80280752200008], [128.38933082100004, 36.80469993000003], [128.37025379800002, 36.800456860000054]]]}}, {"type": "Feature", "properties": {"shapeName": "Andong-si", "shapeISO": "", "shapeID": "91817680B16014600177045", "shapeGroup": "KOR", "shapeType": "ADM2"}, "geometry": {"type": "Polygon", "coordinates": [[[128.5890436190001, 36.70433789300006], [128.5795897580001, 36.69675807200008], [128.5831349560001, 36.691072716000065], [128.59377054900006, 36.691072716000065], [128.60676960700005, 36.68254389400005], [128.59613401400009, 36.64747102100006], [128.57249936300002, 36.639885596000056], [128.5346839220001, 36.622815659000025], [128.5287752600001, 36.61238216900006], [128.53113872500012, 36.60289595300003], [128.521684864, 36.59530614100004], [128.50750407400005, 36.59435736100005], [128.4968684810001, 36.58866444200004], [128.49095981900007, 36.56588856500008], [128.46968863300003, 36.555447376000075], [128.46259823800006, 36.545954162000044], [128.45905304000007, 36.536459782000065], [128.44605398200008, 36.52981302200004], [128.44014532000006, 36.52316569100003], [128.4354183900001, 36.51366851300003], [128.43778185500003, 36.494670660000054], [128.45432611, 36.479469022000046], [128.46850690100007, 36.48231955600005], [128.48741462100008, 36.511768938000046], [128.49450501600006, 36.50322027100003], [128.499231946, 36.491820580000024], [128.5157762020001, 36.486120106000044], [128.54531951500007, 36.481369390000054], [128.56895416600003, 36.44240253300006], [128.59022535100007, 36.43099389500003], [128.59140708400002, 36.420534504000045], [128.59849747900012, 36.39580670600003], [128.61622346700005, 36.40436721900005], [128.6244955950001, 36.41102474300004], [128.63867638500005, 36.41482878700003], [128.6504937100001, 36.42148541600005], [128.68121875600002, 36.42814147300004], [128.70839860400008, 36.43859984000005], [128.71312553400003, 36.46901616500003], [128.75803137100002, 36.47566814600003], [128.76984869600005, 36.46901616500003], [128.7781208240001, 36.459512345000064], [128.79939200900003, 36.45475999800004], [128.81120933500006, 36.44715563700004], [128.8135728000001, 36.44715563700004], [128.82775359000004, 36.43574769800006], [128.83838918300012, 36.41673073900006], [128.8419343800001, 36.39580670600003], [128.847843043, 36.387245250000035], [128.86084210100012, 36.37582850800004], [128.87147769400008, 36.37011950900006], [128.86911422900005, 36.36060358000003], [128.87147769400008, 36.35108648600004], [128.87856808900005, 36.34347197400007], [128.88565848400003, 36.33109680300004], [128.89156714700005, 36.31586312500008], [128.8903854140001, 36.299674079000056], [128.892748879, 36.28919702400003], [128.90692967000007, 36.28919702400003], [128.91992872700007, 36.29395949600007], [128.93647298300004, 36.31395870600005], [128.94829030800008, 36.32062396900005], [128.96128936600007, 36.32443243500006], [128.96483456400006, 36.33300080400005], [128.96128936600007, 36.348231131000034], [128.96128936600007, 36.35774857400003], [128.9766518890001, 36.38153708800007], [128.97547015600003, 36.40626942700004], [128.96837976100005, 36.41577976900004], [128.9671980290001, 36.444303809000075], [128.96956149400012, 36.456660972000066], [128.98492401700003, 36.47376763800003], [128.9896509470001, 36.481369390000054], [128.99319614400008, 36.491820580000024], [128.99201441200012, 36.50227036100006], [128.97783362100006, 36.51841724800005], [128.9766518890001, 36.52791384300008], [128.9825605520001, 36.53551028000004], [128.99083267900005, 36.54215655000007], [128.99083267900005, 36.54975158800005], [128.9861057490001, 36.557345879000025], [128.9896509470001, 36.56588856500008], [128.99437787700003, 36.56683769400007], [129.00451295803754, 36.58857510805374], [129.00265000500008, 36.59530614100004], [128.99674134200006, 36.60858782300005], [128.99319614400008, 36.621867218000034], [128.99083267900005, 36.66832708800007], [128.99319614400008, 36.676857486000074], [128.99792307400003, 36.68254389400005], [129.00265000500008, 36.700548076000075], [129.00265000500008, 36.709074901000065], [128.99674134200006, 36.72233697200005], [128.98728748200006, 36.73749082000006], [128.98137881900004, 36.73749082000006], [128.96837976100005, 36.74222578400003], [128.9636528310001, 36.75169483600007], [128.94592684300005, 36.76210944300004], [128.89865754200002, 36.76305615600006], [128.88565848400003, 36.76968281500007], [128.87502289100007, 36.78009498100005], [128.8419343800001, 36.79807629800007], [128.81711799700008, 36.799022566000076], [128.80884586900004, 36.811322989000075], [128.80175547400006, 36.81037687300005], [128.77103042800002, 36.79334478100003], [128.74148711500004, 36.79429110800004], [128.72827616100005, 36.785728058000075], [128.73557845300002, 36.779148478000025], [128.7367601850001, 36.76968281500007], [128.72966979000012, 36.72707287000003], [128.7332149870001, 36.69296788100007], [128.70603513900005, 36.68728224500006], [128.6918543490001, 36.68822988000005], [128.6788552910001, 36.69012511600005], [128.66112930300005, 36.701495548000025], [128.64222158300004, 36.70812752300003], [128.6244955950001, 36.70812752300003], [128.60676960700005, 36.70339045600008], [128.5890436190001, 36.70433789300006]]]}}, {"type": "Feature", "properties": {"shapeName": "Cheongsong-gun", "shapeISO": "", "shapeID": "91817680B32757414449699", "shapeGroup": "KOR", "shapeType": "ADM2"}, "geometry": {"type": "Polygon", "coordinates": [[[129.14796834900005, 36.49525742800006], [129.132640583, 36.50227036100006], [129.12909538500003, 36.50796964700004], [129.13145885000006, 36.51556804200004], [129.12791365300006, 36.526014617000044], [129.1042790020001, 36.536459782000065], [129.07473568900002, 36.53740927200005], [129.0534645030001, 36.54880224900006], [129.046374108, 36.56588856500008], [129.03219331800005, 36.57632834300006], [129.01919426000006, 36.57917531000004], [129.0050134700001, 36.586766709000074], [129.00451295803754, 36.58857510805374], [128.99437787700003, 36.56683769400007], [128.9896509470001, 36.56588856500008], [128.9861057490001, 36.557345879000025], [128.99083267900005, 36.54975158800005], [128.99083267900005, 36.54215655000007], [128.9825605520001, 36.53551028000004], [128.9766518890001, 36.52791384300008], [128.97783362100006, 36.51841724800005], [128.99201441200012, 36.50227036100006], [128.99319614400008, 36.491820580000024], [128.9896509470001, 36.481369390000054], [128.98492401700003, 36.47376763800003], [128.96956149400012, 36.456660972000066], [128.9671980290001, 36.444303809000075], [128.96837976100005, 36.41577976900004], [128.97547015600003, 36.40626942700004], [128.9766518890001, 36.38153708800007], [128.96128936600007, 36.35774857400003], [128.96128936600007, 36.348231131000034], [128.96483456400006, 36.33300080400005], [128.96128936600007, 36.32443243500006], [128.94829030800008, 36.32062396900005], [128.93647298300004, 36.31395870600005], [128.91992872700007, 36.29395949600007], [128.90692967000007, 36.28919702400003], [128.892748879, 36.28919702400003], [128.8833422880001, 36.28512011600003], [128.8757792, 36.270487219000074], [128.8568714800001, 36.264389368000025], [128.852333627, 36.26012059000004], [128.85157731800007, 36.25341203800008], [128.8833422880001, 36.24670291000007], [128.8863675230001, 36.240603203000035], [128.87275396500002, 36.229622531000075], [128.87653550900006, 36.212538420000044], [128.8863675230001, 36.21131798400006], [128.89317430300002, 36.20704630700004], [128.8909053760001, 36.19972288900004], [128.88258597900005, 36.19484023000007], [128.88053521900008, 36.188771693000035], [128.8803170530001, 36.18812607600006], [128.88561121500004, 36.176527546000045], [128.88863645000004, 36.175917050000066], [128.89430094300008, 36.175536013000055], [128.897712156, 36.17530654800004], [128.93552759700003, 36.175917050000066], [128.9506537730001, 36.160042471000054], [128.95897317000004, 36.15759994200005], [128.9740993470001, 36.158821216000035], [128.98643214263836, 36.16098802455731], [128.98492401700003, 36.162408597000024], [128.99201441200012, 36.170040777000054], [129.00974040000006, 36.17576442500007], [129.03810198000008, 36.19579389800003], [129.04519237600005, 36.207237011000075], [129.06410009600006, 36.21677166200004], [129.0723722240001, 36.23869694700005], [129.068827026, 36.24441557600005], [129.06173663100003, 36.25013378600005], [129.05582796800002, 36.26252180700004], [129.065281829, 36.26823869200007], [129.08300781700007, 36.26919146500006], [129.1267319200001, 36.26156895200006], [129.14091271100006, 36.251086781000026], [129.15391176800006, 36.234884296000075], [129.17281948900006, 36.223445225000034], [129.1846368140001, 36.22821170800006], [129.19645414000001, 36.23679064500004], [129.2070897320001, 36.258710317000066], [129.218907058, 36.275860555000065], [129.218907058, 36.288244494000025], [129.23308784800008, 36.30443591200003], [129.2615734035997, 36.32485696654413], [129.24372344100004, 36.32824071500005], [129.23190611600012, 36.33300080400005], [129.22481572000004, 36.33776060100007], [129.21063493000008, 36.353941736000024], [129.21181666300004, 36.36536169000004], [129.22127052300004, 36.384391221000044], [129.22127052300004, 36.39295299200006], [129.1976358720001, 36.41577976900004], [129.18581854700005, 36.41863264500006], [129.17636468700005, 36.42338720500004], [129.14682137300008, 36.459512345000064], [129.14682137300008, 36.49372064500005], [129.14796834900005, 36.49525742800006]]]}}, {"type": "Feature", "properties": {"shapeName": "Yeongcheon-si", "shapeISO": "", "shapeID": "91817680B48235767363306", "shapeGroup": "KOR", "shapeType": "ADM2"}, "geometry": {"type": "Polygon", "coordinates": [[[128.98643214263836, 36.16098802455731], [128.9740993470001, 36.158821216000035], [128.95897317000004, 36.15759994200005], [128.9506537730001, 36.160042471000054], [128.93552759700003, 36.175917050000066], [128.897712156, 36.17530654800004], [128.89430094300008, 36.175536013000055], [128.8962940770001, 36.16145452300003], [128.89393061200008, 36.152867327000024], [128.88447675100008, 36.141416270000036], [128.8738411590001, 36.138553245000026], [128.86084210100012, 36.138553245000026], [128.84902477600008, 36.13473571500003], [128.84666131000006, 36.11659991300007], [128.83957091500008, 36.106098323000026], [128.82775359000004, 36.10036959200005], [128.81475453200005, 36.08413591600004], [128.806482404, 36.08031574100005], [128.79230161400005, 36.08127080200006], [128.7816660210001, 36.08413591600004], [128.7706522740001, 36.090400603000035], [128.75779502400007, 36.08795590600005], [128.75703871500002, 36.094067504000066], [128.75098824500003, 36.10017862700005], [128.74191253900005, 36.10017862700005], [128.73813099500012, 36.08734472000003], [128.72905528900003, 36.08551113400006], [128.7237611270001, 36.08184383300005], [128.72300481800005, 36.07328613300007], [128.71014756800002, 36.05861362300004], [128.70787864200008, 36.03904602000006], [128.69502139200006, 36.01702665300007], [128.69653401000005, 36.00907370300007], [128.71922327400011, 35.99806060000003], [128.72603005400003, 35.98888184000003], [128.73283683300008, 35.98459805300007], [128.7361184130001, 35.984066977000055], [128.7441814650001, 35.98276207400005], [128.7895599950001, 35.977253878000056], [128.80241724400003, 35.97174529700004], [128.806955097, 35.96623633300004], [128.8145181860001, 35.96133915200005], [128.8360257180001, 35.95988524400008], [128.85729690300002, 35.95127602400004], [128.86320556600003, 35.94266586700007], [128.86202383300008, 35.93309792500003], [128.85611517100006, 35.914915644000075], [128.85611517100006, 35.89960100800005], [128.86675076300003, 35.88715568400005], [128.870295961, 35.88045354500008], [128.86320556600003, 35.87279326400005], [128.8643872980001, 35.86225916700005], [128.87265942600004, 35.856512706000046], [128.88093155400009, 35.83831283200004], [128.8903854140001, 35.83448074700004], [128.91992872700007, 35.827774153000064], [128.94356337800002, 35.82681602200006], [128.96128936600007, 35.83448074700004], [128.96837976100005, 35.82681602200006], [128.96954979269776, 35.82672115639546], [128.9801970860001, 35.82585787900007], [128.9955596090001, 35.83831283200004], [129.0140866370001, 35.839103658000056], [129.0274663880001, 35.854597127000034], [129.0310115850001, 35.86225916700005], [129.02510292300008, 35.87853854400004], [129.0310115850001, 35.89385725600005], [129.0404654460001, 35.90534434400007], [129.04873757300004, 35.920657869000024], [129.07473568900002, 35.938838829000076], [129.09718860700002, 35.934054771000035], [129.1078242000001, 35.92161486600003], [129.12555018800003, 35.916829766000035], [129.13145885000006, 35.92735660400007], [129.12909538500003, 35.94362259700006], [129.12318672300012, 35.94936273700006], [129.11255113000004, 35.97423185700006], [129.11255113000004, 35.99048820000007], [129.11491459500007, 36.00291726200004], [129.1338223150001, 36.005785229000026], [129.13854924600003, 36.00865309100004], [129.1361857810001, 36.03159223600005], [129.13854924600003, 36.04019269300005], [129.1491848380001, 36.05356931600005], [129.1397309780001, 36.06312265400004], [129.10900593200006, 36.07840558400005], [129.10191553700008, 36.08700092600003], [129.10191553700008, 36.10227921500007], [129.0948251420001, 36.11278131600005], [129.07709915400005, 36.11850914200005], [129.07119049100004, 36.11278131600005], [129.06055489900007, 36.12137289900005], [129.05110103800007, 36.141416270000036], [129.0440106430001, 36.14714200800006], [129.02628465500004, 36.152867327000024], [128.99201441200012, 36.15572983000004], [128.98643214263836, 36.16098802455731]]]}}, {"type": "Feature", "properties": {"shapeName": "Gunwi-gun", "shapeISO": "", "shapeID": "91817680B30315657457409", "shapeGroup": "KOR", "shapeType": "ADM2"}, "geometry": {"type": "Polygon", "coordinates": [[[128.88053521900008, 36.188771693000035], [128.85729690300002, 36.19388655000006], [128.83838918300012, 36.20532994200005], [128.82420839200006, 36.207237011000075], [128.81475453200005, 36.20532994200005], [128.80766413700007, 36.19579389800003], [128.79584681200004, 36.18625669200003], [128.77575735900007, 36.18530290800004], [128.761576568, 36.18625669200003], [128.75212270800012, 36.19102544000003], [128.74030538300008, 36.19388655000006], [128.71312553400003, 36.19102544000003], [128.70012647700003, 36.19388655000006], [128.6953995460001, 36.203422826000065], [128.6824004890001, 36.20437639000005], [128.66821969800003, 36.202469251000025], [128.66112930300005, 36.21391138800004], [128.64931197800001, 36.21009752800006], [128.64103985000008, 36.19770120000004], [128.63158599000008, 36.201515664000055], [128.63276772200004, 36.21581824900005], [128.62922252500005, 36.22821170800006], [128.6339494550001, 36.240603203000035], [128.63276772200004, 36.25489864200006], [128.61622346700005, 36.26156895200006], [128.58431668900005, 36.26919146500006], [128.5512281780001, 36.27109697800006], [128.5476829800001, 36.28443426100006], [128.5193213990001, 36.29395949600007], [128.4803242260001, 36.300626469000065], [128.47205209800006, 36.30538824400003], [128.4708703660001, 36.314910921000035], [128.46377997000002, 36.31967182400007], [128.44959918000006, 36.314910921000035], [128.4425087850001, 36.30538824400003], [128.43778185500003, 36.29395949600007], [128.41532893700003, 36.288244494000025], [128.4171182895206, 36.28499912486978], [128.4200558670001, 36.279671207000035], [128.42714626200006, 36.27490786200008], [128.42714626200006, 36.26061608500004], [128.42241933200012, 36.25585157800003], [128.42123759900005, 36.23393110400008], [128.43660012200007, 36.22535185300006], [128.44014532000006, 36.214864824000074], [128.45314437800005, 36.21391138800004], [128.47323383100002, 36.22725843500007], [128.48505115600005, 36.230118220000065], [128.48859635400004, 36.22535185300006], [128.486232889, 36.209144034000076], [128.49095981900007, 36.19770120000004], [128.50986753900008, 36.179579957000044], [128.5157762020001, 36.18244148500003], [128.5287752600001, 36.19293285800006], [128.540592585, 36.18625669200003], [128.54650124800003, 36.17767221400004], [128.55595510800003, 36.169086796000045], [128.55595510800003, 36.162408597000024], [128.54886471300006, 36.15572983000004], [128.54650124800003, 36.14046194000008], [128.5476829800001, 36.130918], [128.5606820380001, 36.11278131600005], [128.56186377100005, 36.10514356400006], [128.56247850888826, 36.10191495727672], [128.56422723600008, 36.09273063300003], [128.563045503, 36.085090931000025], [128.57131763100006, 36.071719667000025], [128.56895416600003, 36.05452470200004], [128.5831349560001, 36.05548007600004], [128.60086094400003, 36.06598843000006], [128.61031480400004, 36.07458513000006], [128.62213213000007, 36.07362998700006], [128.63158599000008, 36.06121207900003], [128.6374946520001, 36.04401481700006], [128.63276772200004, 36.02968089500007], [128.6280407920001, 36.022990839000045], [128.630404257, 36.01725605300004], [128.63934625370757, 36.0133108312507], [128.6434033150001, 36.01152085000007], [128.652857175, 36.00865309100004], [128.6729466280001, 36.00769714900008], [128.69653401000005, 36.00907370300007], [128.69502139200006, 36.01702665300007], [128.70787864200008, 36.03904602000006], [128.71014756800002, 36.05861362300004], [128.72300481800005, 36.07328613300007], [128.7237611270001, 36.08184383300005], [128.72905528900003, 36.08551113400006], [128.73813099500012, 36.08734472000003], [128.74191253900005, 36.10017862700005], [128.75098824500003, 36.10017862700005], [128.75703871500002, 36.094067504000066], [128.75779502400007, 36.08795590600005], [128.7706522740001, 36.090400603000035], [128.7816660210001, 36.08413591600004], [128.79230161400005, 36.08127080200006], [128.806482404, 36.08031574100005], [128.81475453200005, 36.08413591600004], [128.82775359000004, 36.10036959200005], [128.83957091500008, 36.106098323000026], [128.84666131000006, 36.11659991300007], [128.84902477600008, 36.13473571500003], [128.86084210100012, 36.138553245000026], [128.8738411590001, 36.138553245000026], [128.88447675100008, 36.141416270000036], [128.89393061200008, 36.152867327000024], [128.8962940770001, 36.16145452300003], [128.89430094300008, 36.175536013000055], [128.88863645000004, 36.175917050000066], [128.88561121500004, 36.176527546000045], [128.8803170530001, 36.18812607600006], [128.88053521900008, 36.188771693000035]]]}}, {"type": "Feature", "properties": {"shapeName": "Uiseong-gun", "shapeISO": "", "shapeID": "91817680B75376031789242", "shapeGroup": "KOR", "shapeType": "ADM2"}, "geometry": {"type": "Polygon", "coordinates": [[[128.30660954400003, 36.45475999800004], [128.32896792300005, 36.427038509000056], [128.33804362900003, 36.39964954100003], [128.32745530600005, 36.38382040300007], [128.320648526, 36.38138486500003], [128.3123291290001, 36.35946159000008], [128.30325342300011, 36.353370695000024], [128.29569033500002, 36.350934203000065], [128.29451499000004, 36.34525424800006], [128.29417771800001, 36.34362427100007], [128.29947187900007, 36.33753213700004], [128.30098449700006, 36.33022094700004], [128.30854758500004, 36.32778373200006], [128.32443007000006, 36.33448589200003], [128.3327494670001, 36.343015079000054], [128.342581482, 36.34179668100006], [128.3531698060001, 36.33692289800007], [128.367539673, 36.32717441600005], [128.3735901440001, 36.320471627000074], [128.3751027610001, 36.31437768200004], [128.38871632000007, 36.305235872000026], [128.39098524700012, 36.297312103000024], [128.3985483350001, 36.28755866600005], [128.4045988050001, 36.28390081300006], [128.4171182895206, 36.28499912486978], [128.41532893700003, 36.288244494000025], [128.43778185500003, 36.29395949600007], [128.4425087850001, 36.30538824400003], [128.44959918000006, 36.314910921000035], [128.46377997000002, 36.31967182400007], [128.4708703660001, 36.314910921000035], [128.47205209800006, 36.30538824400003], [128.4803242260001, 36.300626469000065], [128.5193213990001, 36.29395949600007], [128.5476829800001, 36.28443426100006], [128.5512281780001, 36.27109697800006], [128.58431668900005, 36.26919146500006], [128.61622346700005, 36.26156895200006], [128.63276772200004, 36.25489864200006], [128.6339494550001, 36.240603203000035], [128.62922252500005, 36.22821170800006], [128.63276772200004, 36.21581824900005], [128.63158599000008, 36.201515664000055], [128.64103985000008, 36.19770120000004], [128.64931197800001, 36.21009752800006], [128.66112930300005, 36.21391138800004], [128.66821969800003, 36.202469251000025], [128.6824004890001, 36.20437639000005], [128.6953995460001, 36.203422826000065], [128.70012647700003, 36.19388655000006], [128.71312553400003, 36.19102544000003], [128.74030538300008, 36.19388655000006], [128.75212270800012, 36.19102544000003], [128.761576568, 36.18625669200003], [128.77575735900007, 36.18530290800004], [128.79584681200004, 36.18625669200003], [128.80766413700007, 36.19579389800003], [128.81475453200005, 36.20532994200005], [128.82420839200006, 36.207237011000075], [128.83838918300012, 36.20532994200005], [128.85729690300002, 36.19388655000006], [128.88053521900008, 36.188771693000035], [128.88258597900005, 36.19484023000007], [128.8909053760001, 36.19972288900004], [128.89317430300002, 36.20704630700004], [128.8863675230001, 36.21131798400006], [128.87653550900006, 36.212538420000044], [128.87275396500002, 36.229622531000075], [128.8863675230001, 36.240603203000035], [128.8833422880001, 36.24670291000007], [128.85157731800007, 36.25341203800008], [128.852333627, 36.26012059000004], [128.8568714800001, 36.264389368000025], [128.8757792, 36.270487219000074], [128.8833422880001, 36.28512011600003], [128.892748879, 36.28919702400003], [128.8903854140001, 36.299674079000056], [128.89156714700005, 36.31586312500008], [128.88565848400003, 36.33109680300004], [128.87856808900005, 36.34347197400007], [128.87147769400008, 36.35108648600004], [128.86911422900005, 36.36060358000003], [128.87147769400008, 36.37011950900006], [128.86084210100012, 36.37582850800004], [128.847843043, 36.387245250000035], [128.8419343800001, 36.39580670600003], [128.83838918300012, 36.41673073900006], [128.82775359000004, 36.43574769800006], [128.8135728000001, 36.44715563700004], [128.81120933500006, 36.44715563700004], [128.79939200900003, 36.45475999800004], [128.7781208240001, 36.459512345000064], [128.76984869600005, 36.46901616500003], [128.75803137100002, 36.47566814600003], [128.71312553400003, 36.46901616500003], [128.70839860400008, 36.43859984000005], [128.68121875600002, 36.42814147300004], [128.6504937100001, 36.42148541600005], [128.63867638500005, 36.41482878700003], [128.6244955950001, 36.41102474300004], [128.61622346700005, 36.40436721900005], [128.59849747900012, 36.39580670600003], [128.59140708400002, 36.420534504000045], [128.59022535100007, 36.43099389500003], [128.56895416600003, 36.44240253300006], [128.54531951500007, 36.481369390000054], [128.5157762020001, 36.486120106000044], [128.499231946, 36.491820580000024], [128.49450501600006, 36.50322027100003], [128.48741462100008, 36.511768938000046], [128.46850690100007, 36.48231955600005], [128.45432611, 36.479469022000046], [128.43778185500003, 36.494670660000054], [128.4354183900001, 36.51366851300003], [128.42360106400008, 36.512718731000064], [128.3940577510001, 36.49942056100008], [128.37987696100004, 36.50227036100006], [128.36096924000003, 36.52126634900003], [128.35742404300004, 36.52126634900003], [128.3526971130001, 36.516517789000034], [128.34442498500005, 36.49657065500003], [128.33378939200009, 36.479469022000046], [128.31960860200002, 36.46616514100003], [128.3172451370001, 36.46046277900007], [128.30660954400003, 36.45475999800004]]]}}, {"type": "Feature", "properties": {"shapeName": "Sangju-si", "shapeISO": "", "shapeID": "91817680B21539665501577", "shapeGroup": "KOR", "shapeType": "ADM2"}, "geometry": {"type": "Polygon", "coordinates": [[[127.79137416000003, 36.59530614100004], [127.81028188100004, 36.564939424000045], [127.83982519400001, 36.56304110800005], [127.8563694500001, 36.55829511300004], [127.87055024000006, 36.54690353600006], [127.87409543800004, 36.53551028000004], [127.88000410000006, 36.52981302200004], [127.89773008800012, 36.525064987000064], [127.9012752860001, 36.51746752400004], [127.9048204830001, 36.49562066400006], [127.88354929800005, 36.48516998600007], [127.88000410000006, 36.47376763800003], [127.8823675650001, 36.46426440100004], [127.8823675650001, 36.451908450000076], [127.87645890300007, 36.439550531000066], [127.87645890300007, 36.42528894700007], [127.8823675650001, 36.41673073900006], [127.88118583300002, 36.40817158800007], [127.87055024000006, 36.40151381900006], [127.86700504200007, 36.39675792000003], [127.8693685070001, 36.38153708800007], [127.88473103000001, 36.37677996700006], [127.89063969300003, 36.369167969000046], [127.89063969300003, 36.363458481000066], [127.89063969300003, 36.35489346300005], [127.88591276300008, 36.345375672000046], [127.87645890300007, 36.333952786000054], [127.85282425200012, 36.31871966600005], [127.84573385700003, 36.30919745400007], [127.84615167586487, 36.30279955498958], [127.8469155890001, 36.29110204800003], [127.84927905400002, 36.275860555000065], [127.87055024000006, 36.26728590700003], [127.88473103000001, 36.272049716000026], [127.89536662300009, 36.282529074000024], [127.89891182100007, 36.29205454200007], [127.91191087900006, 36.28538683700003], [127.91309261100002, 36.27300244300005], [127.93790899400005, 36.26252180700004], [127.94381765700007, 36.25394569400004], [127.95445325000003, 36.249180780000074], [127.9686340400001, 36.248227763000045], [127.98399656300012, 36.251086781000026], [127.99581388800004, 36.25775741600006], [128.0099946790001, 36.26252180700004], [128.0265389340001, 36.26252180700004], [128.04662838700006, 36.25394569400004], [128.038356259, 36.24632169200004], [128.03717452700005, 36.240603203000035], [128.0549005150001, 36.23679064500004], [128.070263038, 36.23583747600003], [128.083262095, 36.24536864000004], [128.09744288600007, 36.24441557600005], [128.102169816, 36.23583747600003], [128.11635060600008, 36.23583747600003], [128.1317131290001, 36.24441557600005], [128.13570657000002, 36.25246695900006], [128.13644005900005, 36.25394569400004], [128.13644005900005, 36.26442748100004], [128.1411669900001, 36.27490786200008], [128.15180258200007, 36.288244494000025], [128.1766189650001, 36.28919702400003], [128.20616227900007, 36.293007025000065], [128.2215248020001, 36.299674079000056], [128.22861519700007, 36.30919745400007], [128.22861519700007, 36.32252822600003], [128.23334212700001, 36.333952786000054], [128.24161425500006, 36.34442382900005], [128.2593402430001, 36.356796882000026], [128.26761237000005, 36.35203824800004], [128.27352103300007, 36.346327503000055], [128.278247963, 36.345375672000046], [128.29451499000004, 36.34525424800006], [128.29569033500002, 36.350934203000065], [128.30325342300011, 36.353370695000024], [128.3123291290001, 36.35946159000008], [128.320648526, 36.38138486500003], [128.32745530600005, 36.38382040300007], [128.33804362900003, 36.39964954100003], [128.32896792300005, 36.427038509000056], [128.30660954400003, 36.45475999800004], [128.2664306380001, 36.469966483000064], [128.278247963, 36.479469022000046], [128.27942969600008, 36.486120106000044], [128.26879410300012, 36.492770619000055], [128.26406717300006, 36.50227036100006], [128.26761237000005, 36.50986931500006], [128.27470276500003, 36.51461828300006], [128.2748125719964, 36.53873265618938], [128.26406717300006, 36.53930821800003], [128.26052197500007, 36.526964236000026], [128.23570559200004, 36.525064987000064], [128.22506999900008, 36.52886343800003], [128.22034306900002, 36.55829511300004], [128.21679787100004, 36.56968501100005], [128.20616227900007, 36.57443030600007], [128.19316322100008, 36.57727734300005], [128.19079975600005, 36.58486892900004], [128.17780069800006, 36.58866444200004], [128.16007471000012, 36.59151095400006], [128.1447121870001, 36.59720366400006], [128.12698619900004, 36.60858782300005], [128.11516887400012, 36.610485019000066], [128.1057150140001, 36.60004986100006], [128.08917075800002, 36.59435736100005], [128.07498996800007, 36.59435736100005], [128.06199091000008, 36.58486892900004], [128.0584457120001, 36.56968501100005], [128.060809177, 36.54690353600006], [128.04308318900007, 36.53551028000004], [128.00172255100006, 36.54025767400003], [127.98636002800004, 36.53930821800003], [127.9780879000001, 36.530762594000066], [127.98045136500002, 36.51841724800005], [127.97690616800003, 36.507019795000076], [127.96627057500007, 36.50796964700004], [127.9556349820001, 36.51841724800005], [127.94263592400011, 36.526964236000026], [127.939090727, 36.543105970000056], [127.939090727, 36.57253222300005], [127.9331820640001, 36.586766709000074], [127.92514628300012, 36.60327542400006], [127.92018300600012, 36.60194726700007], [127.916637809, 36.60953642700008], [127.9048204830001, 36.61617632900004], [127.89654835600004, 36.622815659000025], [127.88827622800011, 36.63419603700004], [127.87173197200002, 36.643678402000035], [127.87409543800004, 36.631351100000074], [127.85755118200007, 36.62566091100007], [127.85046078700009, 36.61902182600005], [127.84809732200006, 36.60384462700006], [127.83391653100011, 36.60099857000006], [127.79964628800008, 36.60194726700007], [127.79137416000003, 36.59530614100004]]]}}, {"type": "Feature", "properties": {"shapeName": "Gumi-si", "shapeISO": "", "shapeID": "91817680B86853073591153", "shapeGroup": "KOR", "shapeType": "ADM2"}, "geometry": {"type": "Polygon", "coordinates": [[[128.4171182895206, 36.28499912486978], [128.4045988050001, 36.28390081300006], [128.3985483350001, 36.28755866600005], [128.39098524700012, 36.297312103000024], [128.38871632000007, 36.305235872000026], [128.3751027610001, 36.31437768200004], [128.3735901440001, 36.320471627000074], [128.367539673, 36.32717441600005], [128.3531698060001, 36.33692289800007], [128.342581482, 36.34179668100006], [128.3327494670001, 36.343015079000054], [128.32443007000006, 36.33448589200003], [128.30854758500004, 36.32778373200006], [128.30098449700006, 36.33022094700004], [128.29947187900007, 36.33753213700004], [128.29417771800001, 36.34362427100007], [128.29451499000004, 36.34525424800006], [128.278247963, 36.345375672000046], [128.27352103300007, 36.346327503000055], [128.26761237000005, 36.35203824800004], [128.2593402430001, 36.356796882000026], [128.24161425500006, 36.34442382900005], [128.23334212700001, 36.333952786000054], [128.22861519700007, 36.32252822600003], [128.22861519700007, 36.30919745400007], [128.2215248020001, 36.299674079000056], [128.20616227900007, 36.293007025000065], [128.1766189650001, 36.28919702400003], [128.15180258200007, 36.288244494000025], [128.1411669900001, 36.27490786200008], [128.13644005900005, 36.26442748100004], [128.13644005900005, 36.25394569400004], [128.13570657000002, 36.25246695900006], [128.16007471000012, 36.24632169200004], [128.1766189650001, 36.23869694700005], [128.20734401100003, 36.23297790000004], [128.22979692900003, 36.22058519600006], [128.2345238590001, 36.21295794100007], [128.2368873250001, 36.19960845500003], [128.25224984700003, 36.19102544000003], [128.26170370800003, 36.19102544000003], [128.27115756800004, 36.183395304000044], [128.2723393000001, 36.17194870600008], [128.28297489300007, 36.165270752000026], [128.2947922190001, 36.16050043600006], [128.29597395100006, 36.151913136000076], [128.28652009100006, 36.145233475000055], [128.28652009100006, 36.13664450300007], [128.29361048600003, 36.131872446000045], [128.29597395100006, 36.12137289900005], [128.27942969600008, 36.11373598200004], [128.2758844980001, 36.10418879200006], [128.28297489300007, 36.09559532900005], [128.29242875300008, 36.08891087500007], [128.29361048600003, 36.08031574100005], [128.30660954400003, 36.07936066800005], [128.3207903340001, 36.08031574100005], [128.33851632200003, 36.07840558400005], [128.34206152000002, 36.06598843000006], [128.3526971130001, 36.05356931600005], [128.37278656600006, 36.05452470200004], [128.386967356, 36.06598843000006], [128.39523948400006, 36.07840558400005], [128.4070568090001, 36.08222585200008], [128.43660012200007, 36.071719667000025], [128.44959918000006, 36.06312265400004], [128.46496170300009, 36.068854101000056], [128.476779028, 36.09750506900008], [128.48859635400004, 36.10705307100005], [128.50395887600007, 36.11087194700008], [128.51341273700007, 36.10514356400006], [128.52641179500006, 36.10418879200006], [128.56247850888826, 36.10191495727672], [128.56186377100005, 36.10514356400006], [128.5606820380001, 36.11278131600005], [128.5476829800001, 36.130918], [128.54650124800003, 36.14046194000008], [128.54886471300006, 36.15572983000004], [128.55595510800003, 36.162408597000024], [128.55595510800003, 36.169086796000045], [128.54650124800003, 36.17767221400004], [128.540592585, 36.18625669200003], [128.5287752600001, 36.19293285800006], [128.5157762020001, 36.18244148500003], [128.50986753900008, 36.179579957000044], [128.49095981900007, 36.19770120000004], [128.486232889, 36.209144034000076], [128.48859635400004, 36.22535185300006], [128.48505115600005, 36.230118220000065], [128.47323383100002, 36.22725843500007], [128.45314437800005, 36.21391138800004], [128.44014532000006, 36.214864824000074], [128.43660012200007, 36.22535185300006], [128.42123759900005, 36.23393110400008], [128.42241933200012, 36.25585157800003], [128.42714626200006, 36.26061608500004], [128.42714626200006, 36.27490786200008], [128.4200558670001, 36.279671207000035], [128.4171182895206, 36.28499912486978]]]}}, {"type": "Feature", "properties": {"shapeName": "Boeun-gun", "shapeISO": "", "shapeID": "91817680B36624004409046", "shapeGroup": "KOR", "shapeType": "ADM2"}, "geometry": {"type": "Polygon", "coordinates": [[[127.77128470700006, 36.59625490800005], [127.76537604500004, 36.58202217200005], [127.76064911500009, 36.58012427500006], [127.7476500570001, 36.58012427500006], [127.73701446400003, 36.58392002200003], [127.73110580100001, 36.59151095400006], [127.7157432780001, 36.592459768000026], [127.71101634800004, 36.58486892900004], [127.69801729000005, 36.58202217200005], [127.68029130200011, 36.58392002200003], [127.67320090700002, 36.592459768000026], [127.66256531400006, 36.59625490800005], [127.64720279200003, 36.593408571000055], [127.63774893100003, 36.581073229000026], [127.62356814100008, 36.570634093000024], [127.61884121100002, 36.562091932000044], [127.6164777460001, 36.54880224900006], [127.60702388600009, 36.54025767400003], [127.58929789800004, 36.53456076600003], [127.57629884000005, 36.52126634900003], [127.57629884000005, 36.48516998600007], [127.56920844500007, 36.469966483000064], [127.5621180490001, 36.45761144100004], [127.545573794, 36.43669842300005], [127.523120876, 36.42243631600007], [127.52075741100009, 36.41387779400003], [127.545573794, 36.41197577200006], [127.5491189920001, 36.40341609700005], [127.5491189920001, 36.39295299200006], [127.56147875500005, 36.39204851300008], [127.5621180490001, 36.39200173000006], [127.58220750200007, 36.39770912300003], [127.58693443300001, 36.40722051300003], [127.59638829300002, 36.41197577200006], [127.60229695500004, 36.399611494000055], [127.61529601300003, 36.39580670600003], [127.62120467600005, 36.40626942700004], [127.62711333900006, 36.430043099000045], [127.64365759400005, 36.43764913700005], [127.6613835820001, 36.440501210000036], [127.67438264000009, 36.439550531000066], [127.68265476800002, 36.430043099000045], [127.68738169800008, 36.420534504000045], [127.69801729000005, 36.40722051300003], [127.73583273100007, 36.384391221000044], [127.7476500570001, 36.38153708800007], [127.78192030000002, 36.38153708800007], [127.80555495100009, 36.37963427500006], [127.82091747400011, 36.37392555500003], [127.83391653100011, 36.364410091000025], [127.86345984500008, 36.366313277000074], [127.89063969300003, 36.363458481000066], [127.89063969300003, 36.369167969000046], [127.88473103000001, 36.37677996700006], [127.8693685070001, 36.38153708800007], [127.86700504200007, 36.39675792000003], [127.87055024000006, 36.40151381900006], [127.88118583300002, 36.40817158800007], [127.8823675650001, 36.41673073900006], [127.87645890300007, 36.42528894700007], [127.87645890300007, 36.439550531000066], [127.8823675650001, 36.451908450000076], [127.8823675650001, 36.46426440100004], [127.88000410000006, 36.47376763800003], [127.88354929800005, 36.48516998600007], [127.9048204830001, 36.49562066400006], [127.9012752860001, 36.51746752400004], [127.89773008800012, 36.525064987000064], [127.88000410000006, 36.52981302200004], [127.87409543800004, 36.53551028000004], [127.87055024000006, 36.54690353600006], [127.8563694500001, 36.55829511300004], [127.83982519400001, 36.56304110800005], [127.81028188100004, 36.564939424000045], [127.79137416000003, 36.59530614100004], [127.77482990500005, 36.59625490800005], [127.77128470700006, 36.59625490800005]]]}}, {"type": "Feature", "properties": {"shapeName": "Cheongju-si", "shapeISO": "", "shapeID": "91817680B7472001038353", "shapeGroup": "KOR", "shapeType": "ADM2"}, "geometry": {"type": "Polygon", "coordinates": [[[127.66989632600188, 36.71529900624264], [127.65902011700007, 36.70339045600008], [127.66020184900003, 36.700548076000075], [127.65311145400005, 36.69581054200006], [127.63538546600012, 36.69675807200008], [127.62593160600011, 36.69865309700003], [127.59993349000001, 36.74317274200007], [127.59166136300007, 36.75264167700004], [127.57039017700004, 36.76778954300005], [127.56389063294239, 36.77299592676206], [127.54202859600002, 36.76684288900003], [127.53257473600002, 36.764949546000025], [127.52430260800008, 36.76021598400007], [127.51366701600011, 36.761162719000026], [127.50657662000003, 36.76400285700004], [127.49830449300009, 36.77062943400006], [127.47230637700011, 36.76684288900003], [127.4628525170001, 36.76021598400007], [127.45576212200001, 36.75074798300005], [127.44630826100001, 36.745066622000024], [127.42740054100011, 36.74411968800007], [127.41321975000005, 36.74033183300003], [127.40258415800008, 36.741278814000054], [127.391948565, 36.74411968800007], [127.38013124000008, 36.75358850600003], [127.35531485600006, 36.75264167700004], [127.347042729, 36.74980111900004], [127.33877060100008, 36.74411968800007], [127.33758886800001, 36.72896714800004], [127.32813500800012, 36.721389757000054], [127.31395421800005, 36.72044253000007], [127.30450035800004, 36.701495548000025], [127.30331862500009, 36.68633459800003], [127.30331862500009, 36.68443926900005], [127.30331862500009, 36.67590971100003], [127.30331862500009, 36.658847758000036], [127.29859169500003, 36.65031536300006], [127.28913783500002, 36.643678402000035], [127.28322917200012, 36.633247736000044], [127.28559263700004, 36.621867218000034], [127.30095516000006, 36.615227806000064], [127.31159075300002, 36.59910114000007], [127.3092272880001, 36.587715581000054], [127.3222263460001, 36.57917531000004], [127.33758886800001, 36.56588856500008], [127.35531485600006, 36.557345879000025], [127.37422257700007, 36.557345879000025], [127.38013124000008, 36.545954162000044], [127.40967455300006, 36.52791384300008], [127.41203801800009, 36.51841724800005], [127.4084928200001, 36.50322027100003], [127.40258415800008, 36.488970395000024], [127.40612935500008, 36.46331401300006], [127.40022069300005, 36.45000736000003], [127.4179466810001, 36.44620503900006], [127.43567266900004, 36.449056797000026], [127.45576212200001, 36.44715563700004], [127.46521598200002, 36.45000736000003], [127.47230637700011, 36.45761144100004], [127.47703330700006, 36.469966483000064], [127.49121409700001, 36.46616514100003], [127.49003236500005, 36.45380949300005], [127.49239583000008, 36.44620503900006], [127.50657662000003, 36.445254430000034], [127.50657662000003, 36.439550531000066], [127.49830449300009, 36.42814147300004], [127.49003236500005, 36.42148541600005], [127.49149210804494, 36.41952760734646], [127.49712276000002, 36.41197577200006], [127.51603048100003, 36.40341609700005], [127.52075741100009, 36.41387779400003], [127.523120876, 36.42243631600007], [127.545573794, 36.43669842300005], [127.5621180490001, 36.45761144100004], [127.56920844500007, 36.469966483000064], [127.57629884000005, 36.48516998600007], [127.57629884000005, 36.52126634900003], [127.58929789800004, 36.53456076600003], [127.60702388600009, 36.54025767400003], [127.6164777460001, 36.54880224900006], [127.61884121100002, 36.562091932000044], [127.62356814100008, 36.570634093000024], [127.63774893100003, 36.581073229000026], [127.64720279200003, 36.593408571000055], [127.66256531400006, 36.59625490800005], [127.67320090700002, 36.592459768000026], [127.68029130200011, 36.58392002200003], [127.69801729000005, 36.58202217200005], [127.71101634800004, 36.58486892900004], [127.7157432780001, 36.592459768000026], [127.73110580100001, 36.59151095400006], [127.73701446400003, 36.58392002200003], [127.7476500570001, 36.58012427500006], [127.76064911500009, 36.58012427500006], [127.76537604500004, 36.58202217200005], [127.77128470700006, 36.59625490800005], [127.76655777700012, 36.59625490800005], [127.75355871900001, 36.61712483900004], [127.74528659200007, 36.626609305000045], [127.73701446400003, 36.635144326000045], [127.72992406900005, 36.63798912300007], [127.7157432780001, 36.65031536300006], [127.72047020800005, 36.66358756900007], [127.73110580100001, 36.66927495700003], [127.72992406900005, 36.67496192400006], [127.71101634800004, 36.69865309700003], [127.68501823300005, 36.71096962300004], [127.66989632600188, 36.71529900624264]]]}}, {"type": "Feature", "properties": {"shapeName": "Dong-gu", "shapeISO": "", "shapeID": "91817680B53543824194985", "shapeGroup": "KOR", "shapeType": "ADM2"}, "geometry": {"type": "Polygon", "coordinates": [[[127.52075741100009, 36.41387779400003], [127.51603048100003, 36.40341609700005], [127.49712276000002, 36.41197577200006], [127.49149210804494, 36.41952760734646], [127.46757944700005, 36.40056266300007], [127.46048905200007, 36.39580670600003], [127.44867172600004, 36.386293918000035], [127.44630826100001, 36.37487703800008], [127.4628525170001, 36.36060358000003], [127.45694385400009, 36.348231131000034], [127.44748999400008, 36.347279323000066], [127.43567266900004, 36.34918292800006], [127.42529802600006, 36.33854736600006], [127.42267361100005, 36.33585671700007], [127.42503707600008, 36.32633659900006], [127.45221692400003, 36.299674079000056], [127.45930731900012, 36.28919702400003], [127.44985345900011, 36.28062384100008], [127.43212747100006, 36.28062384100008], [127.43803613400007, 36.25013378600005], [127.4309457380001, 36.24441557600005], [127.43921786600004, 36.23583747600003], [127.43921786600004, 36.22249189400003], [127.42858227300007, 36.217725063000046], [127.42503707600008, 36.20628348300005], [127.43921786600004, 36.19388655000006], [127.45458038900006, 36.19293285800006], [127.46757944700005, 36.20056206500004], [127.47585157500009, 36.212004482000054], [127.49003236500005, 36.22153855100004], [127.49406415900012, 36.23454787700007], [127.49594102800006, 36.240603203000035], [127.4888506320001, 36.26442748100004], [127.49121409700001, 36.28348167300004], [127.50539488800007, 36.311101990000054], [127.50539488800007, 36.32443243500006], [127.50894008500006, 36.33776060100007], [127.52666607300011, 36.35489346300005], [127.53139300400005, 36.363458481000066], [127.5302112710001, 36.37487703800008], [127.56147875500005, 36.39204851300008], [127.5491189920001, 36.39295299200006], [127.5491189920001, 36.40341609700005], [127.545573794, 36.41197577200006], [127.52075741100009, 36.41387779400003]]]}}, {"type": "Feature", "properties": {"shapeName": "Jung-gu", "shapeISO": "", "shapeID": "91817680B30301323398004", "shapeGroup": "KOR", "shapeType": "ADM2"}, "geometry": {"type": "Polygon", "coordinates": [[[127.42529802600006, 36.33854736600006], [127.40521650000005, 36.33071089200007], [127.40376589000005, 36.33014478600006], [127.3990389600001, 36.32728866300005], [127.391948565, 36.31776749800008], [127.38722163500006, 36.28919702400003], [127.37422257700007, 36.28062384100008], [127.38013124000008, 36.26538030200004], [127.39431203000004, 36.26061608500004], [127.3990389600001, 36.25585157800003], [127.3990389600001, 36.24346250000008], [127.40376589000005, 36.214864824000074], [127.42503707600008, 36.20628348300005], [127.42858227300007, 36.217725063000046], [127.43921786600004, 36.22249189400003], [127.43921786600004, 36.23583747600003], [127.4309457380001, 36.24441557600005], [127.43803613400007, 36.25013378600005], [127.43212747100006, 36.28062384100008], [127.44985345900011, 36.28062384100008], [127.45930731900012, 36.28919702400003], [127.45221692400003, 36.299674079000056], [127.42503707600008, 36.32633659900006], [127.42267361100005, 36.33585671700007], [127.42529802600006, 36.33854736600006]]]}}, {"type": "Feature", "properties": {"shapeName": "Seo-gu", "shapeISO": "", "shapeID": "91817680B57044302860475", "shapeGroup": "KOR", "shapeType": "ADM2"}, "geometry": {"type": "Polygon", "coordinates": [[[127.40521650000005, 36.33071089200007], [127.40731108800003, 36.346327503000055], [127.41203801800009, 36.350134713000045], [127.4084928200001, 36.356796882000026], [127.4035295440001, 36.36022291900008], [127.40022069300005, 36.362506859000064], [127.40140242500001, 36.36821641600005], [127.391948565, 36.371071038000025], [127.36713218200009, 36.366313277000074], [127.36240525200003, 36.35489346300005], [127.34940619400004, 36.345375672000046], [127.34467926400009, 36.33014478600006], [127.33877060100008, 36.31967182400007], [127.33877060100008, 36.30824516900003], [127.33640713600005, 36.29586440400004], [127.3222263460001, 36.273955159000025], [127.29740996200007, 36.25394569400004], [127.29150130000005, 36.249180780000074], [127.28559263700004, 36.24441557600005], [127.28559263700004, 36.23393110400008], [127.28559263700004, 36.232024685000056], [127.28913783500002, 36.223445225000034], [127.30568209000012, 36.21581824900005], [127.31986288100006, 36.21295794100007], [127.3352254030001, 36.20532994200005], [127.33640713600005, 36.19388655000006], [127.34113406600011, 36.17862609200006], [127.35295139100003, 36.18625669200003], [127.35649658900002, 36.19579389800003], [127.36595044900002, 36.209144034000076], [127.36831391400005, 36.22058519600006], [127.36240525200003, 36.24441557600005], [127.36595044900002, 36.26156895200006], [127.38013124000008, 36.26538030200004], [127.37422257700007, 36.28062384100008], [127.38722163500006, 36.28919702400003], [127.391948565, 36.31776749800008], [127.3990389600001, 36.32728866300005], [127.40376589000005, 36.33014478600006], [127.40521650000005, 36.33071089200007]]]}}, {"type": "Feature", "properties": {"shapeName": "Daedeok-gu", "shapeISO": "", "shapeID": "91817680B29564477042831", "shapeGroup": "KOR", "shapeType": "ADM2"}, "geometry": {"type": "Polygon", "coordinates": [[[127.40022069300005, 36.45000736000003], [127.3990389600001, 36.43574769800006], [127.40376589000005, 36.42528894700007], [127.41203801800009, 36.41958358000005], [127.4179466810001, 36.39580670600003], [127.40967455300006, 36.384391221000044], [127.4035295440001, 36.36022291900008], [127.4084928200001, 36.356796882000026], [127.41203801800009, 36.350134713000045], [127.40731108800003, 36.346327503000055], [127.40521650000005, 36.33071089200007], [127.42529802600006, 36.33854736600006], [127.43567266900004, 36.34918292800006], [127.44748999400008, 36.347279323000066], [127.45694385400009, 36.348231131000034], [127.4628525170001, 36.36060358000003], [127.44630826100001, 36.37487703800008], [127.44867172600004, 36.386293918000035], [127.46048905200007, 36.39580670600003], [127.46757944700005, 36.40056266300007], [127.49149210804494, 36.41952760734646], [127.49003236500005, 36.42148541600005], [127.49830449300009, 36.42814147300004], [127.50657662000003, 36.439550531000066], [127.50657662000003, 36.445254430000034], [127.49239583000008, 36.44620503900006], [127.49003236500005, 36.45380949300005], [127.49121409700001, 36.46616514100003], [127.47703330700006, 36.469966483000064], [127.47230637700011, 36.45761144100004], [127.46521598200002, 36.45000736000003], [127.45576212200001, 36.44715563700004], [127.43567266900004, 36.449056797000026], [127.4179466810001, 36.44620503900006], [127.40022069300005, 36.45000736000003]]]}}, {"type": "Feature", "properties": {"shapeName": "Yuseong-gu", "shapeISO": "", "shapeID": "91817680B90442190394967", "shapeGroup": "KOR", "shapeType": "ADM2"}, "geometry": {"type": "Polygon", "coordinates": [[[127.40258415800008, 36.488970395000024], [127.36713218200009, 36.486120106000044], [127.36240525200003, 36.47281736700006], [127.36476871700006, 36.45380949300005], [127.35176965900007, 36.440501210000036], [127.33877060100008, 36.41958358000005], [127.32458981100001, 36.41673073900006], [127.31631768300008, 36.41673073900006], [127.31159075300002, 36.42148541600005], [127.30450035800004, 36.42148541600005], [127.29386476500008, 36.41673073900006], [127.28559263700004, 36.40626942700004], [127.28559263700004, 36.38534257600003], [127.28322917200012, 36.37773141500003], [127.27141184700008, 36.37011950900006], [127.2678666490001, 36.35870025400004], [127.28559263700004, 36.34347197400007], [127.27968397400002, 36.33490475700006], [127.27023011400001, 36.329192756000054], [127.26541281700008, 36.32309389300008], [127.26195798700007, 36.31871966600005], [127.26313971900004, 36.30634056400004], [127.25368585900003, 36.288244494000025], [127.25250412600008, 36.277765904000034], [127.26904838200005, 36.272049716000026], [127.29150130000005, 36.249180780000074], [127.29740996200007, 36.25394569400004], [127.3222263460001, 36.273955159000025], [127.33640713600005, 36.29586440400004], [127.33877060100008, 36.30824516900003], [127.33877060100008, 36.31967182400007], [127.34467926400009, 36.33014478600006], [127.34940619400004, 36.345375672000046], [127.36240525200003, 36.35489346300005], [127.36713218200009, 36.366313277000074], [127.391948565, 36.371071038000025], [127.40140242500001, 36.36821641600005], [127.40022069300005, 36.362506859000064], [127.4035295440001, 36.36022291900008], [127.40967455300006, 36.384391221000044], [127.4179466810001, 36.39580670600003], [127.41203801800009, 36.41958358000005], [127.40376589000005, 36.42528894700007], [127.3990389600001, 36.43574769800006], [127.40022069300005, 36.45000736000003], [127.40612935500008, 36.46331401300006], [127.40258415800008, 36.488970395000024]]]}}, {"type": "Feature", "properties": {"shapeName": "Sejong-si", "shapeISO": "", "shapeID": "91817680B40148089014896", "shapeGroup": "KOR", "shapeType": "ADM2"}, "geometry": {"type": "Polygon", "coordinates": [[[127.30331862500009, 36.68443926900005], [127.27850224200006, 36.68254389400005], [127.25250412600008, 36.68633459800003], [127.24068680100004, 36.694863], [127.23477813800002, 36.702443008000046], [127.21114348800006, 36.716653508000036], [127.18750883700011, 36.72233697200005], [127.16978284900006, 36.724231366000026], [127.14969339600009, 36.710022268000046], [127.13905780300001, 36.700548076000075], [127.13551260600002, 36.69012511600005], [127.1461481980001, 36.68349158700005], [127.16623765100007, 36.67970074300007], [127.16741938400003, 36.66737920700007], [127.16032898900005, 36.66074371700006], [127.1591472560001, 36.633247736000044], [127.15949512456604, 36.62933889871193], [127.16151072100001, 36.60669057900003], [127.16269245400008, 36.59815240800003], [127.16978284900006, 36.590562128000045], [127.18514537200008, 36.58866444200004], [127.20641655800011, 36.57443030600007], [127.20759829000008, 36.56304110800005], [127.2005078950001, 36.55070091500005], [127.1780549770001, 36.53266170300003], [127.1780549770001, 36.486120106000044], [127.18750883700011, 36.48041921200007], [127.19459923200009, 36.462363613000036], [127.20641655800011, 36.449056797000026], [127.20759829000008, 36.43574769800006], [127.20641655800011, 36.42814147300004], [127.23714160300005, 36.41482878700003], [127.25250412600008, 36.40436721900005], [127.28559263700004, 36.40626942700004], [127.29386476500008, 36.41673073900006], [127.30450035800004, 36.42148541600005], [127.31159075300002, 36.42148541600005], [127.31631768300008, 36.41673073900006], [127.32458981100001, 36.41673073900006], [127.33877060100008, 36.41958358000005], [127.35176965900007, 36.440501210000036], [127.36476871700006, 36.45380949300005], [127.36240525200003, 36.47281736700006], [127.36713218200009, 36.486120106000044], [127.40258415800008, 36.488970395000024], [127.4084928200001, 36.50322027100003], [127.41203801800009, 36.51841724800005], [127.40967455300006, 36.52791384300008], [127.38013124000008, 36.545954162000044], [127.37422257700007, 36.557345879000025], [127.35531485600006, 36.557345879000025], [127.33758886800001, 36.56588856500008], [127.3222263460001, 36.57917531000004], [127.3092272880001, 36.587715581000054], [127.31159075300002, 36.59910114000007], [127.30095516000006, 36.615227806000064], [127.28559263700004, 36.621867218000034], [127.28322917200012, 36.633247736000044], [127.28913783500002, 36.643678402000035], [127.29859169500003, 36.65031536300006], [127.30331862500009, 36.658847758000036], [127.30331862500009, 36.67590971100003], [127.30331862500009, 36.68443926900005]]]}}, {"type": "Feature", "properties": {"shapeName": "Cheonan-si", "shapeISO": "", "shapeID": "91817680B50780672353800", "shapeGroup": "KOR", "shapeType": "ADM2"}, "geometry": {"type": "Polygon", "coordinates": [[[127.42740054100011, 36.74411968800007], [127.41912841300007, 36.764949546000025], [127.40022069300005, 36.77536235400004], [127.39785722800002, 36.785773747000064], [127.38485817000003, 36.80659229100007], [127.33995233400003, 36.825513330000035], [127.34231579900006, 36.83875527400005], [127.33049847300003, 36.85010368700006], [127.31749941500004, 36.85199492500004], [127.3092272880001, 36.863341373000026], [127.30095516000006, 36.88130313800008], [127.29295180200006, 36.88541842500007], [127.28441090500007, 36.88980986800004], [127.27495704400008, 36.90020569500007], [127.25604932400006, 36.906820484000036], [127.22059734800007, 36.92571672100007], [127.19341750000001, 36.95027482900008], [127.16623765100007, 36.962550915000065], [127.1461481980001, 36.966327774000035], [127.1432137810001, 36.96578671800006], [127.13078567600007, 36.96349514800005], [127.11896835000005, 36.95216358700003], [127.10478756000009, 36.944608276000054], [127.0917885020001, 36.93988582600008], [127.08351637400006, 36.93421850000004], [127.08115290900002, 36.928550753000025], [127.08257093615835, 36.926283540287145], [127.08587983900009, 36.92099310100008], [127.0917885020001, 36.91626918800006], [127.09060677000002, 36.88508402400004], [127.09297023500005, 36.86995935700003], [127.09887889700008, 36.85861389100006], [127.11542315300005, 36.85104931200004], [127.11305968800002, 36.840646793000076], [127.10360582700002, 36.833080436000046], [127.10242409500006, 36.81416126800008], [127.10478756000009, 36.79807629800007], [127.1106962230001, 36.788612973000056], [127.12487701300006, 36.783880872000054], [127.12724047800009, 36.76873618500008], [127.12251354800003, 36.758322477000036], [127.10951449000004, 36.754535324000074], [127.09769716500011, 36.74601354500004], [127.084698107, 36.71949529200003], [127.08233464200009, 36.707180133000065], [127.05869999100003, 36.697705591000044], [127.02206628300007, 36.67211849300003], [127.01852108500009, 36.66263963000006], [127.01852108500009, 36.652211532000024], [127.03033841000001, 36.645574735000025], [127.0468826660001, 36.64747102100006], [127.05515479400003, 36.643678402000035], [127.05515479400003, 36.640833815000065], [127.06697211900007, 36.63419603700004], [127.08942503700007, 36.631351100000074], [127.09651543200005, 36.649367261000066], [127.11305968800002, 36.654107655000075], [127.1236952800001, 36.65126345300007], [127.1366943380001, 36.63704086900003], [127.15949512456604, 36.62933889871193], [127.1591472560001, 36.633247736000044], [127.16032898900005, 36.66074371700006], [127.16741938400003, 36.66737920700007], [127.16623765100007, 36.67970074300007], [127.1461481980001, 36.68349158700005], [127.13551260600002, 36.69012511600005], [127.13905780300001, 36.700548076000075], [127.14969339600009, 36.710022268000046], [127.16978284900006, 36.724231366000026], [127.18750883700011, 36.72233697200005], [127.21114348800006, 36.716653508000036], [127.23477813800002, 36.702443008000046], [127.24068680100004, 36.694863], [127.25250412600008, 36.68633459800003], [127.27850224200006, 36.68254389400005], [127.30331862500009, 36.68443926900005], [127.30331862500009, 36.68633459800003], [127.30450035800004, 36.701495548000025], [127.31395421800005, 36.72044253000007], [127.32813500800012, 36.721389757000054], [127.33758886800001, 36.72896714800004], [127.33877060100008, 36.74411968800007], [127.347042729, 36.74980111900004], [127.35531485600006, 36.75264167700004], [127.38013124000008, 36.75358850600003], [127.391948565, 36.74411968800007], [127.40258415800008, 36.741278814000054], [127.41321975000005, 36.74033183300003], [127.42740054100011, 36.74411968800007]]]}}, {"type": "Feature", "properties": {"shapeName": "Jincheon-gun", "shapeISO": "", "shapeID": "91817680B40614027699537", "shapeGroup": "KOR", "shapeType": "ADM2"}, "geometry": {"type": "Polygon", "coordinates": [[[127.44867172600004, 36.998423511000055], [127.41912841300007, 36.99087279100007], [127.40494762300011, 36.99276054100005], [127.391948565, 36.98992889800007], [127.391948565, 36.977657227000066], [127.39431203000004, 36.96727196000006], [127.40612935500008, 36.96066241500006], [127.40612935500008, 36.95216358700003], [127.39313029700008, 36.94649717400006], [127.34940619400004, 36.94083034000005], [127.33758886800001, 36.931384679000075], [127.3222263460001, 36.926661410000065], [127.29740996200007, 36.926661410000065], [127.2997734270001, 36.90871031800003], [127.29295180200006, 36.88541842500007], [127.30095516000006, 36.88130313800008], [127.3092272880001, 36.863341373000026], [127.31749941500004, 36.85199492500004], [127.33049847300003, 36.85010368700006], [127.34231579900006, 36.83875527400005], [127.33995233400003, 36.825513330000035], [127.38485817000003, 36.80659229100007], [127.39785722800002, 36.785773747000064], [127.40022069300005, 36.77536235400004], [127.41912841300007, 36.764949546000025], [127.42740054100011, 36.74411968800007], [127.44630826100001, 36.745066622000024], [127.45576212200001, 36.75074798300005], [127.4628525170001, 36.76021598400007], [127.47230637700011, 36.76684288900003], [127.49830449300009, 36.77062943400006], [127.50657662000003, 36.76400285700004], [127.51366701600011, 36.761162719000026], [127.52430260800008, 36.76021598400007], [127.53257473600002, 36.764949546000025], [127.54202859600002, 36.76684288900003], [127.56389063294239, 36.77299592676206], [127.56329978200006, 36.77346922100003], [127.5621180490001, 36.783880872000054], [127.55620938700008, 36.792398443000025], [127.54439206100005, 36.79618372600004], [127.54439206100005, 36.80280752200008], [127.55030072400007, 36.81037687300005], [127.5621180490001, 36.80943074500004], [127.58102577000011, 36.81605339500004], [127.58102577000011, 36.82267547200007], [127.57629884000005, 36.825513330000035], [127.57748057200001, 36.833080436000046], [127.58693443300001, 36.84915805000003], [127.58575270000006, 36.85955941100008], [127.58220750200007, 36.867123149000065], [127.5526641890001, 36.88508402400004], [127.545573794, 36.89359033200003], [127.53375646900008, 36.902095693000035], [127.52075741100009, 36.90587554900003], [127.51839394600006, 36.91343469900005], [127.50657662000003, 36.92382730800006], [127.49594102800006, 36.92760608700007], [127.48412370200003, 36.92760608700007], [127.47230637700011, 36.930440049000026], [127.46403424900006, 36.93610765600005], [127.45458038900006, 36.93988582600008], [127.45103519100007, 36.94933043300006], [127.46167078400003, 36.95877386900003], [127.45458038900006, 36.97104858500006], [127.44867172600004, 36.998423511000055]]]}}, {"type": "Feature", "properties": {"shapeName": "Anseong-si", "shapeISO": "", "shapeID": "91817680B64740203795166", "shapeGroup": "KOR", "shapeType": "ADM2"}, "geometry": {"type": "Polygon", "coordinates": [[[127.43365675792938, 37.140636374320735], [127.42858227300007, 37.122902106000026], [127.42976400600003, 37.11913302900007], [127.41440148300012, 37.11442141800006], [127.42621880800004, 37.09557204400005], [127.41912841300007, 37.08331743600007], [127.40612935500008, 37.08426016800007], [127.38722163500006, 37.091801607000036], [127.37894950700002, 37.10028482700005], [127.36240525200003, 37.10311235700004], [127.36004178700011, 37.088973655000075], [127.34349753100003, 37.09085896800008], [127.33877060100008, 37.10688223100004], [127.3222263460001, 37.11253669200005], [127.3222263460001, 37.09934229400005], [127.30213689300001, 37.10028482700005], [127.30331862500009, 37.11253669200005], [127.2773205090001, 37.127613189000044], [127.27377531200011, 37.14268668300008], [127.25959452100005, 37.14645458700005], [127.25604932400006, 37.137034474000075], [127.25723105600002, 37.123844346000055], [127.23714160300005, 37.11253669200005], [127.21941561500012, 37.10593978000003], [127.19578096500004, 37.07766079500004], [127.16741938400003, 37.07671798000007], [127.14142126800004, 37.07954638900003], [127.1331491410001, 37.07106084600008], [127.11305968800002, 37.06917504100005], [127.11305968800002, 37.05503000900006], [127.13433087300007, 37.04842809100006], [127.13078567600007, 37.04088233900006], [127.11542315300005, 37.032392472000026], [127.12487701300006, 37.02673203300003], [127.1461481980001, 37.02484512600006], [127.15678379100007, 37.02107117200006], [127.1591472560001, 37.007860857000026], [127.15678379100007, 36.99559207900006], [127.15323859400007, 36.98804107800004], [127.14142126800004, 36.982377335000024], [127.1432137810001, 36.96578671800006], [127.1461481980001, 36.966327774000035], [127.16623765100007, 36.962550915000065], [127.19341750000001, 36.95027482900008], [127.22059734800007, 36.92571672100007], [127.25604932400006, 36.906820484000036], [127.27495704400008, 36.90020569500007], [127.28441090500007, 36.88980986800004], [127.29295180200006, 36.88541842500007], [127.2997734270001, 36.90871031800003], [127.29740996200007, 36.926661410000065], [127.3222263460001, 36.926661410000065], [127.33758886800001, 36.931384679000075], [127.34940619400004, 36.94083034000005], [127.39313029700008, 36.94649717400006], [127.40612935500008, 36.95216358700003], [127.40612935500008, 36.96066241500006], [127.39431203000004, 36.96727196000006], [127.391948565, 36.977657227000066], [127.391948565, 36.98992889800007], [127.40494762300011, 36.99276054100005], [127.41912841300007, 36.99087279100007], [127.44867172600004, 36.998423511000055], [127.45694385400009, 37.00408605900003], [127.46167078400003, 37.03710918200005], [127.47230637700011, 37.04276884800004], [127.48057850500004, 37.04465530900006], [127.51012181800002, 37.046541724000065], [127.51130355100008, 37.05503000900006], [127.51721221300011, 37.06823212100005], [127.51957567800002, 37.08048916800004], [127.51248528300005, 37.092744234000065], [127.51248528300005, 37.10216985900007], [127.500667958, 37.11347906100008], [127.4888506320001, 37.11724842000007], [127.46167078400003, 37.12195985400007], [127.43921786600004, 37.13797653800003], [127.43365675792938, 37.140636374320735]]]}}, {"type": "Feature", "properties": {"shapeName": "Yongin-si", "shapeISO": "", "shapeID": "91817680B86612267469181", "shapeGroup": "KOR", "shapeType": "ADM2"}, "geometry": {"type": "Polygon", "coordinates": [[[127.14120308023001, 37.33148788878789], [127.11778661800008, 37.328032817000064], [127.10242409500006, 37.32897249700005], [127.08942503700007, 37.33367072400006], [127.06697211900007, 37.35152130400007], [127.0374288060001, 37.361853911000026], [127.0344337250001, 37.360833670000034], [127.02915667800005, 37.35903606800008], [127.02088455000012, 37.35340006600006], [127.02088455000012, 37.342126791000055], [127.0374288060001, 37.33554993200005], [127.0468826660001, 37.31769555500006], [127.05751825900006, 37.30735687200007], [127.062245189, 37.293256376000045], [127.0693355840001, 37.28667524000008], [127.08706157200004, 37.28667524000008], [127.09533370000008, 37.280093528000066], [127.09533370000008, 37.266928378000046], [127.09060677000002, 37.25093903000004], [127.07406251400005, 37.23118279600004], [127.07159063300003, 37.224622133000025], [127.07051731600006, 37.221773246000055], [127.08233464200009, 37.21048023600008], [127.10006063000003, 37.209539075000066], [127.11896835000005, 37.21330364700003], [127.13078567600007, 37.209539075000066], [127.14732993100006, 37.208597903000054], [127.15323859400007, 37.20012682500004], [127.1556020590001, 37.18506478300003], [127.16032898900005, 37.176591064000036], [127.14969339600009, 37.16623300500004], [127.13551260600002, 37.15775717400004], [127.13078567600007, 37.152106092000054], [127.129603943, 37.13891859100005], [127.12605874500002, 37.13138184400003], [127.12487701300006, 37.120075316000054], [127.1142414200001, 37.10028482700005], [127.12251354800003, 37.088973655000075], [127.14142126800004, 37.07954638900003], [127.16741938400003, 37.07671798000007], [127.19578096500004, 37.07766079500004], [127.21941561500012, 37.10593978000003], [127.23714160300005, 37.11253669200005], [127.25723105600002, 37.123844346000055], [127.25604932400006, 37.137034474000075], [127.25959452100005, 37.14645458700005], [127.27377531200011, 37.14268668300008], [127.2773205090001, 37.127613189000044], [127.30331862500009, 37.11253669200005], [127.30213689300001, 37.10028482700005], [127.3222263460001, 37.09934229400005], [127.3222263460001, 37.11253669200005], [127.33877060100008, 37.10688223100004], [127.34349753100003, 37.09085896800008], [127.36004178700011, 37.088973655000075], [127.36240525200003, 37.10311235700004], [127.37894950700002, 37.10028482700005], [127.38722163500006, 37.091801607000036], [127.40612935500008, 37.08426016800007], [127.41912841300007, 37.08331743600007], [127.42621880800004, 37.09557204400005], [127.41440148300012, 37.11442141800006], [127.42976400600003, 37.11913302900007], [127.42858227300007, 37.122902106000026], [127.43365675792938, 37.140636374320735], [127.42740054100011, 37.14362867600005], [127.42385534300001, 37.17094138900006], [127.3860399020001, 37.177532635000034], [127.37894950700002, 37.18788914400005], [127.36476871700006, 37.19447891100003], [127.34586099600006, 37.20671552300007], [127.3352254030001, 37.22930098000006], [127.33995233400003, 37.26598792200008], [127.29150130000005, 37.26598792200008], [127.28322917200012, 37.27915323700006], [127.28913783500002, 37.30923673800004], [127.28559263700004, 37.33461033400005], [127.26550318400007, 37.33461033400005], [127.260776254, 37.34400578700007], [127.2454137310001, 37.35152130400007], [127.23241467300011, 37.34682419400008], [127.2229608130001, 37.328032817000064], [127.21114348800006, 37.324273977000075], [127.19578096500004, 37.330851823000046], [127.18750883700011, 37.33836865600006], [127.18041844200002, 37.339308207000045], [127.16269245400008, 37.332731102000025], [127.14260300100011, 37.330851823000046], [127.14120308023001, 37.33148788878789]]]}}, {"type": "Feature", "properties": {"shapeName": "Osan-si", "shapeISO": "", "shapeID": "91817680B96375859106804", "shapeGroup": "KOR", "shapeType": "ADM2"}, "geometry": {"type": "Polygon", "coordinates": [[[127.09996609100006, 37.13635618100005], [127.10147870900005, 37.14600244900004], [127.08710884100003, 37.156250260000036], [127.07576420900011, 37.159264058000076], [127.07047004700007, 37.16890740300005], [127.07047004700007, 37.179152110000075], [127.06517588500003, 37.18758788400004], [127.03719245900004, 37.19240790300006], [127.01828473900002, 37.185780298000054], [126.99710809200008, 37.16770205200004], [127.00467118000006, 37.15986680300006], [127.01450319500009, 37.15564748600008], [127.02736044400001, 37.154441923000036], [127.03870507700003, 37.151427933000036], [127.04173031200003, 37.145399593000036], [127.03946138600008, 37.12610567400003], [127.06441957700008, 37.12309055500003], [127.07878944400011, 37.12309055500003], [127.08937776800008, 37.12610567400003], [127.08862145900002, 37.13394442200007], [127.09386717400002, 37.13505962000005], [127.09996609100006, 37.13635618100005]]]}}, {"type": "Feature", "properties": {"shapeName": "Pyeongtaek-si", "shapeISO": "", "shapeID": "91817680B85680883794904", "shapeGroup": "KOR", "shapeType": "ADM2"}, "geometry": {"type": "Polygon", "coordinates": [[[127.1432137810001, 36.96578671800006], [127.14142126800004, 36.982377335000024], [127.15323859400007, 36.98804107800004], [127.15678379100007, 36.99559207900006], [127.1591472560001, 37.007860857000026], [127.15678379100007, 37.02107117200006], [127.1461481980001, 37.02484512600006], [127.12487701300006, 37.02673203300003], [127.11542315300005, 37.032392472000026], [127.13078567600007, 37.04088233900006], [127.13433087300007, 37.04842809100006], [127.11305968800002, 37.05503000900006], [127.11305968800002, 37.06917504100005], [127.1331491410001, 37.07106084600008], [127.14142126800004, 37.07954638900003], [127.12251354800003, 37.088973655000075], [127.1142414200001, 37.10028482700005], [127.12487701300006, 37.120075316000054], [127.12605874500002, 37.13138184400003], [127.11187795500007, 37.13043969800003], [127.09386717400002, 37.13505962000005], [127.08862145900002, 37.13394442200007], [127.08937776800008, 37.12610567400003], [127.07878944400011, 37.12309055500003], [127.06441957700008, 37.12309055500003], [127.03946138600008, 37.12610567400003], [127.0149758880001, 37.122902106000026], [127.00788549200001, 37.11536376400005], [127.0019768300001, 37.10216985900007], [127.0019768300001, 37.07106084600008], [126.99606816700009, 37.06634624600008], [126.9795239120001, 37.06634624600008], [126.96652485400011, 37.06163135200006], [126.953525796, 37.05314380500005], [126.94289020300005, 37.05220068600005], [126.92752768000003, 37.05785922600006], [126.91452862200003, 37.06634624600008], [126.90034783200008, 37.06446032300005], [126.88262184400003, 37.03805248900005], [126.86253239100006, 37.016353466000055], [126.8483516010001, 37.00408605900003], [126.81999002000009, 36.99747971200003], [126.80580923000002, 36.99653590100007], [126.79281017200003, 36.99276054100005], [126.79871883400006, 36.985209259000044], [126.81644482200011, 36.981433337000055], [126.8258986830001, 36.977657227000066], [126.844806403, 36.96538357700007], [126.84598813600007, 36.95688527500005], [126.85426026300001, 36.94933043300006], [126.86371412400001, 36.94366380900004], [126.86371412400001, 36.93327390500008], [126.90507476200003, 36.92193784800003], [126.91098342500004, 36.915324370000064], [126.91098342500004, 36.906820484000036], [126.91807382000002, 36.90115070000007], [126.92516421500011, 36.89831565000003], [126.93934500600005, 36.90587554900003], [126.9606161910001, 36.90965521800007], [126.97479698100005, 36.91626918800006], [126.98543257400001, 36.92571672100007], [126.99606816700009, 36.928550753000025], [127.02088455000012, 36.926661410000065], [127.05515479400003, 36.928550753000025], [127.08257093615835, 36.926283540287145], [127.08115290900002, 36.928550753000025], [127.08351637400006, 36.93421850000004], [127.0917885020001, 36.93988582600008], [127.10478756000009, 36.944608276000054], [127.11896835000005, 36.95216358700003], [127.13078567600007, 36.96349514800005], [127.1432137810001, 36.96578671800006]]]}}, {"type": "Feature", "properties": {"shapeName": "Okcheon-gun", "shapeISO": "", "shapeID": "91817680B1659695850463", "shapeGroup": "KOR", "shapeType": "ADM2"}, "geometry": {"type": "Polygon", "coordinates": [[[127.89063969300003, 36.363458481000066], [127.86345984500008, 36.366313277000074], [127.83391653100011, 36.364410091000025], [127.82091747400011, 36.37392555500003], [127.80555495100009, 36.37963427500006], [127.78192030000002, 36.38153708800007], [127.7476500570001, 36.38153708800007], [127.73583273100007, 36.384391221000044], [127.69801729000005, 36.40722051300003], [127.68738169800008, 36.420534504000045], [127.68265476800002, 36.430043099000045], [127.67438264000009, 36.439550531000066], [127.6613835820001, 36.440501210000036], [127.64365759400005, 36.43764913700005], [127.62711333900006, 36.430043099000045], [127.62120467600005, 36.40626942700004], [127.61529601300003, 36.39580670600003], [127.60229695500004, 36.399611494000055], [127.59638829300002, 36.41197577200006], [127.58693443300001, 36.40722051300003], [127.58220750200007, 36.39770912300003], [127.5621180490001, 36.39200173000006], [127.56147875500005, 36.39204851300008], [127.5302112710001, 36.37487703800008], [127.53139300400005, 36.363458481000066], [127.52666607300011, 36.35489346300005], [127.50894008500006, 36.33776060100007], [127.50539488800007, 36.32443243500006], [127.50539488800007, 36.311101990000054], [127.49121409700001, 36.28348167300004], [127.4888506320001, 36.26442748100004], [127.49594102800006, 36.240603203000035], [127.49406415900012, 36.23454787700007], [127.52193914300005, 36.232024685000056], [127.54084686400006, 36.24250941300005], [127.55857285200011, 36.23107145800003], [127.5715719100001, 36.22535185300006], [127.56920844500007, 36.22439854500004], [127.58693443300001, 36.22153855100004], [127.59638829300002, 36.21677166200004], [127.59993349000001, 36.20437639000005], [127.59875175800005, 36.19197915500007], [127.60229695500004, 36.183395304000044], [127.61293254800012, 36.183395304000044], [127.62711333900006, 36.17576442500007], [127.63656719900007, 36.167178797000076], [127.65074798900002, 36.16431671200007], [127.65311145400005, 36.17767221400004], [127.64956625700006, 36.188164226000026], [127.64956625700006, 36.19960845500003], [127.654293187, 36.217725063000046], [127.67438264000009, 36.21581824900005], [127.68974516300011, 36.219631830000026], [127.69801729000005, 36.229164970000056], [127.69919902300012, 36.239650081000036], [127.70983461600008, 36.25394569400004], [127.71928847600009, 36.26252180700004], [127.7287423360001, 36.26633311000006], [127.7381961960001, 36.26538030200004], [127.7476500570001, 36.26061608500004], [127.76183084700006, 36.263474650000035], [127.76892124200003, 36.27871856100006], [127.78901069500012, 36.279671207000035], [127.79846455600011, 36.28348167300004], [127.79964628800008, 36.29395949600007], [127.81382707800003, 36.299674079000056], [127.84615167586487, 36.30279955498958], [127.84573385700003, 36.30919745400007], [127.85282425200012, 36.31871966600005], [127.87645890300007, 36.333952786000054], [127.88591276300008, 36.345375672000046], [127.89063969300003, 36.35489346300005], [127.89063969300003, 36.363458481000066]]]}}, {"type": "Feature", "properties": {"shapeName": "Gyeongsan-si", "shapeISO": "", "shapeID": "91817680B37299464646583", "shapeGroup": "KOR", "shapeType": "ADM2"}, "geometry": {"type": "Polygon", "coordinates": [[[128.7361184130001, 35.984066977000055], [128.74503231300002, 35.962754775000064], [128.7426688480001, 35.948406076000026], [128.74385058000007, 35.926399676000074], [128.7462140450001, 35.91778680900006], [128.75684963800006, 35.90821585600003], [128.761576568, 35.900558260000025], [128.7651217660001, 35.883325960000036], [128.7651217660001, 35.873750839000024], [128.74857751000002, 35.854597127000034], [128.73593970700006, 35.848621809000065], [128.73439672000006, 35.84789223400003], [128.72257939500003, 35.829690381000034], [128.71194380200006, 35.82585787900007], [128.70839860400008, 35.81531754700006], [128.715489, 35.811484352000036], [128.716670732, 35.80190055400004], [128.70839860400008, 35.79614972100006], [128.68594568600008, 35.78656407300008], [128.68584141500003, 35.78546446900003], [128.68476395400012, 35.774101003000055], [128.68949088400007, 35.76259489600005], [128.6953995460001, 35.75875915700004], [128.69658127900004, 35.74820992200006], [128.6918543490001, 35.73286308400003], [128.7143072670001, 35.72231041600003], [128.7202159300001, 35.711756351000076], [128.74030538300008, 35.699281563000056], [128.76275830100008, 35.69832188300006], [128.77930255600006, 35.73286308400003], [128.7911198820001, 35.73765928800003], [128.8100276020001, 35.734781600000076], [128.84311611300006, 35.73574084100005], [128.85020650800004, 35.74629172900006], [128.86556903100006, 35.74916900100004], [128.915201797, 35.74820992200006], [128.92938258800007, 35.75396422400007], [128.94947204100004, 35.778894723000064], [128.94947204100004, 35.78656407300008], [128.96954979269776, 35.82672115639546], [128.96837976100005, 35.82681602200006], [128.96128936600007, 35.83448074700004], [128.94356337800002, 35.82681602200006], [128.91992872700007, 35.827774153000064], [128.8903854140001, 35.83448074700004], [128.88093155400009, 35.83831283200004], [128.87265942600004, 35.856512706000046], [128.8643872980001, 35.86225916700005], [128.86320556600003, 35.87279326400005], [128.870295961, 35.88045354500008], [128.86675076300003, 35.88715568400005], [128.85611517100006, 35.89960100800005], [128.85611517100006, 35.914915644000075], [128.86202383300008, 35.93309792500003], [128.86320556600003, 35.94266586700007], [128.85729690300002, 35.95127602400004], [128.8360257180001, 35.95988524400008], [128.8145181860001, 35.96133915200005], [128.806955097, 35.96623633300004], [128.80241724400003, 35.97174529700004], [128.7895599950001, 35.977253878000056], [128.7441814650001, 35.98276207400005], [128.7361184130001, 35.984066977000055]]]}}, {"type": "Feature", "properties": {"shapeName": "Cheongdo-gun", "shapeISO": "", "shapeID": "91817680B59018342058044", "shapeGroup": "KOR", "shapeType": "ADM2"}, "geometry": {"type": "Polygon", "coordinates": [[[129.0140866370001, 35.839103658000056], [128.9955596090001, 35.83831283200004], [128.9801970860001, 35.82585787900007], [128.96954979269776, 35.82672115639546], [128.94947204100004, 35.78656407300008], [128.94947204100004, 35.778894723000064], [128.92938258800007, 35.75396422400007], [128.915201797, 35.74820992200006], [128.86556903100006, 35.74916900100004], [128.85020650800004, 35.74629172900006], [128.84311611300006, 35.73574084100005], [128.8100276020001, 35.734781600000076], [128.7911198820001, 35.73765928800003], [128.77930255600006, 35.73286308400003], [128.76275830100008, 35.69832188300006], [128.74030538300008, 35.699281563000056], [128.7202159300001, 35.711756351000076], [128.7143072670001, 35.72231041600003], [128.6918543490001, 35.73286308400003], [128.66821969800003, 35.715594355000064], [128.65876583800002, 35.715594355000064], [128.64576678000003, 35.71079682200008], [128.639858118, 35.699281563000056], [128.62331386200003, 35.69544277400007], [128.61267826900007, 35.70695858700003], [128.6114965370001, 35.72039159900004], [128.60676960700005, 35.734781600000076], [128.58668015400008, 35.73670007100003], [128.56540896800004, 35.73190380800003], [128.54886471300006, 35.715594355000064], [128.53232045700008, 35.70407979000004], [128.53350219000004, 35.68872444900006], [128.52995699200005, 35.67720600300004], [128.52951105500006, 35.67593814800006], [128.52759352700002, 35.670486141000026], [128.53232045700008, 35.657044721000034], [128.53704738700003, 35.65032316300005], [128.5287752600001, 35.62247068100004], [128.54531951500007, 35.61574621400007], [128.57131763100006, 35.59653033500007], [128.58431668900005, 35.58595963600004], [128.59140708400002, 35.575387540000065], [128.61858693200008, 35.57634869700007], [128.63631292000002, 35.575387540000065], [128.64576678000003, 35.58788168500007], [128.66467450100004, 35.58788168500007], [128.68121875600002, 35.58595963600004], [128.6883091510001, 35.58019321100005], [128.70248994200006, 35.575387540000065], [128.7237611270001, 35.57442637100007], [128.74975924300009, 35.55808473700006], [128.77693909100003, 35.56000745500006], [128.79230161400005, 35.56385275300005], [128.8005737420001, 35.56962035400005], [128.8005737420001, 35.578270977000045], [128.80530067200004, 35.58595963600004], [128.81593626500012, 35.590764672000034], [128.85256997300007, 35.589803688000075], [128.86320556600003, 35.599413011000024], [128.8643872980001, 35.610942677000025], [128.86911422900005, 35.62535242200005], [128.89156714700005, 35.629194582000025], [128.90692967000007, 35.629194582000025], [128.9128383320001, 35.63495747600007], [128.92465565700002, 35.642640689000075], [128.9411999130001, 35.62439185300008], [128.95183550600007, 35.61958883500006], [128.97074322600008, 35.60229558300006], [128.9825605520001, 35.60037388000006], [128.99083267900005, 35.60517805200004], [129.0081332430001, 35.60978978500003], [129.01115847900007, 35.61778282600005], [129.02477203800004, 35.627619319000075], [129.0499193060001, 35.63879917500003], [129.04282891100002, 35.65128342000003], [129.04164717800006, 35.66184548800004], [129.0215577250001, 35.67528610000005], [128.9991048070001, 35.70120088800007], [128.99083267900005, 35.71271587000007], [128.98492401700003, 35.725188555000045], [128.97547015600003, 35.73670007100003], [128.97547015600003, 35.74916900100004], [128.99437787700003, 35.77505977000004], [129.00383173700004, 35.803817406000064], [129.01092213200002, 35.835438785000065], [129.0140866370001, 35.839103658000056]]]}}, {"type": "Feature", "properties": {"shapeName": "Miryang-si", "shapeISO": "", "shapeID": "91817680B88513858108060", "shapeGroup": "KOR", "shapeType": "ADM2"}, "geometry": {"type": "Polygon", "coordinates": [[[129.0081332430001, 35.60978978500003], [128.99083267900005, 35.60517805200004], [128.9825605520001, 35.60037388000006], [128.97074322600008, 35.60229558300006], [128.95183550600007, 35.61958883500006], [128.9411999130001, 35.62439185300008], [128.92465565700002, 35.642640689000075], [128.9128383320001, 35.63495747600007], [128.90692967000007, 35.629194582000025], [128.89156714700005, 35.629194582000025], [128.86911422900005, 35.62535242200005], [128.8643872980001, 35.610942677000025], [128.86320556600003, 35.599413011000024], [128.85256997300007, 35.589803688000075], [128.81593626500012, 35.590764672000034], [128.80530067200004, 35.58595963600004], [128.8005737420001, 35.578270977000045], [128.8005737420001, 35.56962035400005], [128.79230161400005, 35.56385275300005], [128.77693909100003, 35.56000745500006], [128.74975924300009, 35.55808473700006], [128.7237611270001, 35.57442637100007], [128.70248994200006, 35.575387540000065], [128.6883091510001, 35.58019321100005], [128.68121875600002, 35.58595963600004], [128.66467450100004, 35.58788168500007], [128.64576678000003, 35.58788168500007], [128.63631292000002, 35.575387540000065], [128.61858693200008, 35.57634869700007], [128.59140708400002, 35.575387540000065], [128.58786188600004, 35.553277740000055], [128.59377054900006, 35.540778198000055], [128.59377054900006, 35.52923843000008], [128.59140708400002, 35.52058251500006], [128.58077149100006, 35.510963737000054], [128.56895416600003, 35.49364703200007], [128.57249936300002, 35.46092751500004], [128.58195322400002, 35.45130159400003], [128.6020426770001, 35.44745090300006], [128.61858693200008, 35.44648820100008], [128.64576678000003, 35.43300917100004], [128.65522064000004, 35.41471259200006], [128.65167544300004, 35.38966843400004], [128.6447773540001, 35.37748316500006], [128.64458504800007, 35.37714343700003], [128.65758410600006, 35.37425277800003], [128.675310093, 35.38003399400003], [128.69067261600003, 35.378106968000054], [128.70603513900005, 35.36461649700004], [128.73557845300002, 35.345340484000076], [128.75699360310958, 35.34409276136766], [128.7686669630001, 35.343412630000046], [128.78875641600007, 35.347268292000024], [128.806482404, 35.375216342000044], [128.8230266600001, 35.38003399400003], [128.84075264800003, 35.38292444700005], [128.84902477600008, 35.38966843400004], [128.8765773990001, 35.388493631000074], [128.883735569, 35.39688194900003], [128.89486843500003, 35.40792909000004], [128.91374590300006, 35.40990163500004], [128.9171341660001, 35.41187413100005], [128.92149050500007, 35.42055254100006], [128.918586279, 35.42607467900007], [128.9113257150001, 35.43041323600005], [128.90793745100007, 35.43948400900007], [128.9151980160001, 35.44697648500005], [128.9326233710001, 35.45486254900004], [128.96166563000008, 35.455651113000044], [128.96505389300012, 35.45959381600005], [128.96602196800006, 35.46669019600006], [128.96456985500004, 35.48403426500005], [128.9558571780001, 35.494675364000045], [128.95827736600006, 35.50019241600006], [128.96553793100009, 35.50255675000005], [128.97909098500008, 35.50413293500003], [128.98635154900012, 35.51871117600007], [128.99864154451612, 35.530492477446735], [128.99678861100006, 35.53350833800005], [128.989981832, 35.539047339000035], [128.9771245820001, 35.55381613800006], [128.98544397900002, 35.56550617400006], [129.01796525800012, 35.580885204000026], [129.0255283460001, 35.59011120400004], [129.0255283460001, 35.59626128000008], [129.0081332430001, 35.60978978500003]]]}}, {"type": "Feature", "properties": {"shapeName": "Gimhae-si", "shapeISO": "", "shapeID": "91817680B1708787718818", "shapeGroup": "KOR", "shapeType": "ADM2"}, "geometry": {"type": "Polygon", "coordinates": [[[128.8765773990001, 35.388493631000074], [128.84902477600008, 35.38966843400004], [128.84075264800003, 35.38292444700005], [128.8230266600001, 35.38003399400003], [128.806482404, 35.375216342000044], [128.78875641600007, 35.347268292000024], [128.7686669630001, 35.343412630000046], [128.75699360310958, 35.34409276136766], [128.75094097500005, 35.32605987100004], [128.74385058000007, 35.31256070500007], [128.73557845300002, 35.31159639300006], [128.72612459200002, 35.32027479000004], [128.7143072670001, 35.318346338000026], [128.715489, 35.30098819800003], [128.7048534070001, 35.30002374800006], [128.70367167400002, 35.28941403600004], [128.71312553400003, 35.28266167700008], [128.715489, 35.27204968900003], [128.71312553400003, 35.251786579000054], [128.72494286000006, 35.23344892400007], [128.72257939500003, 35.204486290000034], [128.7426688480001, 35.198692523000034], [128.74975924300009, 35.194829782000056], [128.74739577800005, 35.189035327000056], [128.74030538300008, 35.181308743000045], [128.74385058000007, 35.16875147800005], [128.75094097500005, 35.160056850000046], [128.77693909100003, 35.15812458500005], [128.78866935300005, 35.150132307000035], [128.78923923475205, 35.149743938389186], [128.7911198820001, 35.14846256800007], [128.79133454354943, 35.148514190240526], [128.81120933500006, 35.15329372000008], [128.81145567595797, 35.15328311930202], [128.83366225300006, 35.152327512000056], [128.83369799763483, 35.152338471435606], [128.8339526750001, 35.152327512000056], [128.8434065350001, 35.15522610000005], [128.85621767287986, 35.160939163946445], [128.86320556600003, 35.15522610000005], [128.87620462400002, 35.15425991600006], [128.87621443622467, 35.15428077294954], [128.88211328600005, 35.166819419000035], [128.88329501900012, 35.17647925500006], [128.87265942600004, 35.18420629800005], [128.87147769400008, 35.19772685500004], [128.8773863560001, 35.204486290000034], [128.87767677800002, 35.204486290000034], [128.8962940770001, 35.204486290000034], [128.90811140200003, 35.214141650000045], [128.90837762425608, 35.21412187675225], [128.92111046000002, 35.21317616500005], [128.921162476926, 35.213193872170876], [128.9352912500001, 35.21800347200008], [128.94356337800002, 35.22476121900007], [128.94385380100005, 35.22476121900007], [128.95538070300006, 35.22476121900007], [128.9731066910001, 35.22283049200007], [128.9732908612956, 35.222842065118236], [128.97339711400002, 35.22283049200007], [128.98875963700004, 35.22379586100004], [128.99415126833134, 35.22650624591546], [128.99416586639063, 35.226659494619724], [129.00383173700004, 35.23151840300005], [129.0085586670001, 35.246961283000076], [129.01433498584376, 35.2706560373587], [129.00910131900002, 35.27052144800007], [129.00571305500011, 35.27842476600006], [128.98877173800008, 35.291068471000074], [128.97763887200006, 35.301735061000045], [128.96505389300012, 35.327408121000076], [128.96021351700006, 35.331751987000075], [128.93891586000007, 35.34043901700005], [128.93117125800006, 35.34675627100006], [128.9268149190001, 35.35386259100005], [128.9055172630001, 35.362152508000065], [128.89680458500004, 35.36294197900003], [128.8822834560001, 35.367283934000056], [128.8764750040001, 35.37162565600005], [128.87599096600002, 35.38780637900004], [128.8765773990001, 35.388493631000074]]]}}, {"type": "Feature", "properties": {"shapeName": "Chilgok-gun", "shapeISO": "", "shapeID": "91817680B44952414610796", "shapeGroup": "KOR", "shapeType": "ADM2"}, "geometry": {"type": "Polygon", "coordinates": [[[128.56247850888826, 36.10191495727672], [128.52641179500006, 36.10418879200006], [128.51341273700007, 36.10514356400006], [128.50395887600007, 36.11087194700008], [128.48859635400004, 36.10705307100005], [128.476779028, 36.09750506900008], [128.46496170300009, 36.068854101000056], [128.44959918000006, 36.06312265400004], [128.43660012200007, 36.071719667000025], [128.4070568090001, 36.08222585200008], [128.39523948400006, 36.07840558400005], [128.386967356, 36.06598843000006], [128.37278656600006, 36.05452470200004], [128.3526971130001, 36.05356931600005], [128.34206152000002, 36.06598843000006], [128.33851632200003, 36.07840558400005], [128.3207903340001, 36.08031574100005], [128.30660954400003, 36.07936066800005], [128.29361048600003, 36.08031574100005], [128.2947922190001, 36.06694366500005], [128.30188261400008, 36.05930145800005], [128.30188261400008, 36.05452470200004], [128.2947922190001, 36.04974765500003], [128.28652009100006, 36.04019269300005], [128.29006528800005, 36.03254788900006], [128.31015474100002, 36.02012349800003], [128.3113364740001, 36.01534436500003], [128.31015474100002, 36.00960902200006], [128.31369993900012, 35.99526884100004], [128.31488167200007, 35.97901348200003], [128.32551726400004, 35.97423185700006], [128.33497112500004, 35.96658065400004], [128.33851632200003, 35.955102460000035], [128.34678845000008, 35.95223265100003], [128.36451443800001, 35.93596842900007], [128.37987696100004, 35.93214106700003], [128.39523948400006, 35.934054771000035], [128.39878468100005, 35.92352882500006], [128.39642121600002, 35.910130139000046], [128.41178373900004, 35.90438715000005], [128.4295097270001, 35.92831351900003], [128.44369051700005, 35.934054771000035], [128.45314437800005, 35.934054771000035], [128.46496170300009, 35.93214106700003], [128.46732516800012, 35.920657869000024], [128.46259823800006, 35.90725869700003], [128.46732516800012, 35.89672918400004], [128.48977808600011, 35.88811308600003], [128.499231946, 35.894814577000034], [128.50130967600012, 35.897900306000054], [128.5063223420001, 35.90534434400007], [128.5122310040001, 35.913958566000076], [128.52641179500006, 35.92161486600003], [128.52995699200005, 35.92927042400004], [128.52759352700002, 35.941709125000045], [128.521684864, 35.950319387000036], [128.5193213990001, 35.960841766000044], [128.52995699200005, 35.97614454200004], [128.540592585, 35.96753709500007], [128.5417743170001, 35.961798276000025], [128.5512281780001, 35.960841766000044], [128.56777243300007, 35.97231912600006], [128.59022535100007, 35.97327549700003], [128.60086094400003, 35.98953203800005], [128.60738277000007, 35.99246363200007], [128.6114965370001, 35.99431273600004], [128.62213213000007, 35.99526884100004], [128.63934625370757, 36.0133108312507], [128.630404257, 36.01725605300004], [128.6280407920001, 36.022990839000045], [128.63276772200004, 36.02968089500007], [128.6374946520001, 36.04401481700006], [128.63158599000008, 36.06121207900003], [128.62213213000007, 36.07362998700006], [128.61031480400004, 36.07458513000006], [128.60086094400003, 36.06598843000006], [128.5831349560001, 36.05548007600004], [128.56895416600003, 36.05452470200004], [128.57131763100006, 36.071719667000025], [128.563045503, 36.085090931000025], [128.56422723600008, 36.09273063300003], [128.56247850888826, 36.10191495727672]]]}}, {"type": "Feature", "properties": {"shapeName": "Dalseong-gun", "shapeISO": "", "shapeID": "91817680B33489673734556", "shapeGroup": "KOR", "shapeType": "ADM2"}, "geometry": {"type": "MultiPolygon", "coordinates": [[[[128.68584141500003, 35.78546446900003], [128.6469485130001, 35.794232684000065], [128.6339494550001, 35.799025190000066], [128.61622346700005, 35.80285898600005], [128.60682473200006, 35.80285898600005], [128.6020426770001, 35.80285898600005], [128.5925888160001, 35.799025190000066], [128.5914391010001, 35.797976117000076], [128.5831349560001, 35.79039847100006], [128.57486282800005, 35.772183434000056], [128.56422723600008, 35.76643045000003], [128.55004644500002, 35.76834815700005], [128.499231946, 35.80956768500005], [128.49095981900007, 35.81340097300006], [128.48141922600007, 35.811079921000044], [128.47914249300004, 35.81052602400007], [128.47323383100002, 35.80477581500003], [128.46259823800006, 35.79998365600005], [128.43778185500003, 35.79519120800006], [128.42241933200012, 35.799025190000066], [128.41060200700008, 35.79710822200008], [128.4070568090001, 35.76930699400003], [128.39642121600002, 35.76067705000003], [128.39287601900003, 35.751087125000026], [128.3976029490001, 35.73957768900004], [128.41060200700008, 35.730944521000026], [128.42478279700003, 35.726147912000044], [128.43778185500003, 35.719432174000076], [128.4354183900001, 35.71271587000007], [128.44132705200002, 35.69736219200007], [128.4259645290001, 35.689684244000034], [128.40469334400007, 35.685844993000046], [128.386967356, 35.68776464200005], [128.37869522800008, 35.693523310000046], [128.35742404300004, 35.69832188300006], [128.3491519150001, 35.686804823000045], [128.35860577500011, 35.66664596600003], [128.37042310000004, 35.65800489800006], [128.39878468100005, 35.64360103800004], [128.4035116110001, 35.63399702300006], [128.40114814600008, 35.62343127300005], [128.3940577510001, 35.61862819700008], [128.40511512996642, 35.60784101600229], [128.40587507600003, 35.60709964000006], [128.40827490200002, 35.607631764000075], [128.41887413400002, 35.609981935000064], [128.43069146000005, 35.61670688600003], [128.44605398200008, 35.629194582000025], [128.45668957500004, 35.63495747600007], [128.4708703660001, 35.63783876800005], [128.50159541100004, 35.63687834900003], [128.50750407400005, 35.642640689000075], [128.50750407400005, 35.65320390000005], [128.51459446900003, 35.678165937000074], [128.52951105500006, 35.67593814800006], [128.52995699200005, 35.67720600300004], [128.53350219000004, 35.68872444900006], [128.53232045700008, 35.70407979000004], [128.54886471300006, 35.715594355000064], [128.56540896800004, 35.73190380800003], [128.58668015400008, 35.73670007100003], [128.60676960700005, 35.734781600000076], [128.6114965370001, 35.72039159900004], [128.61267826900007, 35.70695858700003], [128.62331386200003, 35.69544277400007], [128.639858118, 35.699281563000056], [128.64576678000003, 35.71079682200008], [128.65876583800002, 35.715594355000064], [128.66821969800003, 35.715594355000064], [128.6918543490001, 35.73286308400003], [128.69658127900004, 35.74820992200006], [128.6953995460001, 35.75875915700004], [128.68949088400007, 35.76259489600005], [128.68476395400012, 35.774101003000055], [128.68584141500003, 35.78546446900003]]], [[[128.41178373900004, 35.90438715000005], [128.3856608320001, 35.86544022900006], [128.385176795, 35.853671502000054], [128.38662890800003, 35.84817883200003], [128.39485754800012, 35.845432354000025], [128.42099558100006, 35.84582471300007], [128.42874018300006, 35.844647628000075], [128.44326131200012, 35.83562272700004], [128.4553622530001, 35.83248339100004], [128.461474801, 35.83281376600007], [128.4626228180001, 35.83287581500008], [128.46649511900011, 35.83679994700003], [128.4689153070001, 35.852494533000026], [128.4761758720001, 35.859948374000055], [128.48779277500012, 35.864263435000055], [128.5032819800001, 35.860340662000056], [128.52361156100005, 35.860340662000056], [128.522189797, 35.874550654000075], [128.52215944800002, 35.874853952000024], [128.50130967600012, 35.897900306000054], [128.499231946, 35.894814577000034], [128.48977808600011, 35.88811308600003], [128.46732516800012, 35.89672918400004], [128.46259823800006, 35.90725869700003], [128.46732516800012, 35.920657869000024], [128.46496170300009, 35.93214106700003], [128.45314437800005, 35.934054771000035], [128.44369051700005, 35.934054771000035], [128.4295097270001, 35.92831351900003], [128.41178373900004, 35.90438715000005]]]]}}, {"type": "Feature", "properties": {"shapeName": "Dong-gu", "shapeISO": "", "shapeID": "91817680B96924831002014", "shapeGroup": "KOR", "shapeType": "ADM2"}, "geometry": {"type": "Polygon", "coordinates": [[[128.69653401000005, 36.00907370300007], [128.6729466280001, 36.00769714900008], [128.652857175, 36.00865309100004], [128.6434033150001, 36.01152085000007], [128.63934625370757, 36.0133108312507], [128.62213213000007, 35.99526884100004], [128.6114965370001, 35.99431273600004], [128.60738277000007, 35.99246363200007], [128.62213213000007, 35.961798276000025], [128.6244955950001, 35.950319387000036], [128.62095039700012, 35.938838829000076], [128.63513118700007, 35.914915644000075], [128.630404257, 35.89098522300003], [128.6150417340001, 35.88045354500008], [128.61386000200002, 35.87087807800003], [128.61435236091899, 35.87036507847892], [128.62213213000007, 35.86225916700005], [128.63276772200004, 35.86225916700005], [128.64103985000008, 35.871835676000046], [128.6504937100001, 35.874708404000046], [128.66112930300005, 35.86800521200007], [128.6694014310001, 35.86034372700004], [128.68121875600002, 35.854597127000034], [128.6953995460001, 35.853639319000024], [128.70839860400008, 35.85076582900007], [128.73593970700006, 35.848621809000065], [128.74857751000002, 35.854597127000034], [128.7651217660001, 35.873750839000024], [128.7651217660001, 35.883325960000036], [128.761576568, 35.900558260000025], [128.75684963800006, 35.90821585600003], [128.7462140450001, 35.91778680900006], [128.74385058000007, 35.926399676000074], [128.7426688480001, 35.948406076000026], [128.74503231300002, 35.962754775000064], [128.7361184130001, 35.984066977000055], [128.73283683300008, 35.98459805300007], [128.72603005400003, 35.98888184000003], [128.71922327400011, 35.99806060000003], [128.69653401000005, 36.00907370300007]]]}}, {"type": "Feature", "properties": {"shapeName": "Goryeong-gun", "shapeISO": "", "shapeID": "91817680B88985387415210", "shapeGroup": "KOR", "shapeType": "ADM2"}, "geometry": {"type": "Polygon", "coordinates": [[[128.48141922600007, 35.811079921000044], [128.461474801, 35.83281376600007], [128.4553622530001, 35.83248339100004], [128.44326131200012, 35.83562272700004], [128.42874018300006, 35.844647628000075], [128.42099558100006, 35.84582471300007], [128.39485754800012, 35.845432354000025], [128.37751349600012, 35.817234075000044], [128.3716048330001, 35.79327414800008], [128.36451443800001, 35.785605445000044], [128.3491519150001, 35.785605445000044], [128.32906246200002, 35.79327414800008], [128.31842686900006, 35.80190055400004], [128.29006528800005, 35.820108781000044], [128.2817931610001, 35.81819232200007], [128.27942969600008, 35.79614972100006], [128.2723393000001, 35.78943988900005], [128.26170370800003, 35.785605445000044], [128.25461331200006, 35.778894723000064], [128.24161425500006, 35.77601852500004], [128.22743346400011, 35.77793600200005], [128.21679787100004, 35.78464680500008], [128.21561613900008, 35.80285898600005], [128.20970747600006, 35.81052602400007], [128.19670841800007, 35.814359266000054], [128.18370936100007, 35.814359266000054], [128.16480164000006, 35.80094211100004], [128.1766189650001, 35.78943988900005], [128.1801641630001, 35.78177081600006], [128.17543723300003, 35.77793600200005], [128.1671651050001, 35.77505977000004], [128.166810585, 35.77304634600006], [128.16598337300002, 35.76834815700005], [128.16834683800005, 35.75971810900006], [128.18134589600004, 35.75204616900004], [128.18843629100002, 35.742455204000066], [128.201435349, 35.73190380800003], [128.20498054600012, 35.719432174000076], [128.20498054600012, 35.693523310000046], [128.191981488, 35.682005557000025], [128.18370936100007, 35.67720600300004], [128.16125644300007, 35.67528610000005], [128.15652951200002, 35.665685894000035], [128.16125644300007, 35.65512433400005], [128.17425550000007, 35.65224366600006], [128.19079975600005, 35.65224366600006], [128.20379881400004, 35.63975957100007], [128.22034306900002, 35.63399702300006], [128.23216039400006, 35.63687834900003], [128.24279598700002, 35.649362894000035], [128.25815851000004, 35.640719955000066], [128.2723393000001, 35.63879917500003], [128.28652009100006, 35.64648201800003], [128.31015474100002, 35.649362894000035], [128.33615285700012, 35.63975957100007], [128.34797018200004, 35.63879917500003], [128.35387884500005, 35.62343127300005], [128.35978750800007, 35.61478552900007], [128.37278656600006, 35.609981935000064], [128.40511512996642, 35.60784101600229], [128.3940577510001, 35.61862819700008], [128.40114814600008, 35.62343127300005], [128.4035116110001, 35.63399702300006], [128.39878468100005, 35.64360103800004], [128.37042310000004, 35.65800489800006], [128.35860577500011, 35.66664596600003], [128.3491519150001, 35.686804823000045], [128.35742404300004, 35.69832188300006], [128.37869522800008, 35.693523310000046], [128.386967356, 35.68776464200005], [128.40469334400007, 35.685844993000046], [128.4259645290001, 35.689684244000034], [128.44132705200002, 35.69736219200007], [128.4354183900001, 35.71271587000007], [128.43778185500003, 35.719432174000076], [128.42478279700003, 35.726147912000044], [128.41060200700008, 35.730944521000026], [128.3976029490001, 35.73957768900004], [128.39287601900003, 35.751087125000026], [128.39642121600002, 35.76067705000003], [128.4070568090001, 35.76930699400003], [128.41060200700008, 35.79710822200008], [128.42241933200012, 35.799025190000066], [128.43778185500003, 35.79519120800006], [128.46259823800006, 35.79998365600005], [128.47323383100002, 35.80477581500003], [128.47914249300004, 35.81052602400007], [128.48141922600007, 35.811079921000044]]]}}, {"type": "Feature", "properties": {"shapeName": "Seongju-gun", "shapeISO": "", "shapeID": "91817680B40534015790157", "shapeGroup": "KOR", "shapeType": "ADM2"}, "geometry": {"type": "Polygon", "coordinates": [[[128.28652009100006, 36.04019269300005], [128.23334212700001, 36.04592581000003], [128.2120709410001, 36.046881289000055], [128.20261708100008, 36.03923713300003], [128.1990718840001, 36.033503530000075], [128.18370936100007, 36.03063657100006], [128.17189203500004, 36.02012349800003], [128.16480164000006, 35.99909314400003], [128.16480164000006, 35.98666348000006], [128.1506208500001, 35.96466773800006], [128.13407659400002, 35.95223265100003], [128.10335154900008, 35.95223265100003], [128.09744288600007, 35.93788204100008], [128.09862461800003, 35.926399676000074], [128.09507942100004, 35.91300147700008], [128.07971689800002, 35.91587271100008], [128.070263038, 35.92735660400007], [128.060809177, 35.934054771000035], [128.05371878200003, 35.926399676000074], [128.05371878200003, 35.914915644000075], [128.060809177, 35.90247272800008], [128.070263038, 35.89385725600005], [128.07262650300004, 35.885240845000055], [128.083262095, 35.873750839000024], [128.0903524910001, 35.868962845000055], [128.07853516500006, 35.853639319000024], [128.07971689800002, 35.83448074700004], [128.08249292119478, 35.833580503467054], [128.09153422300005, 35.83064847700007], [128.09389768800008, 35.827774153000064], [128.11989580400007, 35.820108781000044], [128.12344100200005, 35.816275817000076], [128.13289486200006, 35.782729490000065], [128.1411669900001, 35.77985343200004], [128.166810585, 35.77304634600006], [128.1671651050001, 35.77505977000004], [128.17543723300003, 35.77793600200005], [128.1801641630001, 35.78177081600006], [128.1766189650001, 35.78943988900005], [128.16480164000006, 35.80094211100004], [128.18370936100007, 35.814359266000054], [128.19670841800007, 35.814359266000054], [128.20970747600006, 35.81052602400007], [128.21561613900008, 35.80285898600005], [128.21679787100004, 35.78464680500008], [128.22743346400011, 35.77793600200005], [128.24161425500006, 35.77601852500004], [128.25461331200006, 35.778894723000064], [128.26170370800003, 35.785605445000044], [128.2723393000001, 35.78943988900005], [128.27942969600008, 35.79614972100006], [128.2817931610001, 35.81819232200007], [128.29006528800005, 35.820108781000044], [128.31842686900006, 35.80190055400004], [128.32906246200002, 35.79327414800008], [128.3491519150001, 35.785605445000044], [128.36451443800001, 35.785605445000044], [128.3716048330001, 35.79327414800008], [128.37751349600012, 35.817234075000044], [128.39485754800012, 35.845432354000025], [128.38662890800003, 35.84817883200003], [128.385176795, 35.853671502000054], [128.3856608320001, 35.86544022900006], [128.41178373900004, 35.90438715000005], [128.39642121600002, 35.910130139000046], [128.39878468100005, 35.92352882500006], [128.39523948400006, 35.934054771000035], [128.37987696100004, 35.93214106700003], [128.36451443800001, 35.93596842900007], [128.34678845000008, 35.95223265100003], [128.33851632200003, 35.955102460000035], [128.33497112500004, 35.96658065400004], [128.32551726400004, 35.97423185700006], [128.31488167200007, 35.97901348200003], [128.31369993900012, 35.99526884100004], [128.31015474100002, 36.00960902200006], [128.3113364740001, 36.01534436500003], [128.31015474100002, 36.02012349800003], [128.29006528800005, 36.03254788900006], [128.28652009100006, 36.04019269300005]]]}}, {"type": "Feature", "properties": {"shapeName": "Gimcheon-si", "shapeISO": "", "shapeID": "91817680B51485783996699", "shapeGroup": "KOR", "shapeType": "ADM2"}, "geometry": {"type": "Polygon", "coordinates": [[[128.03717452700005, 36.240603203000035], [128.0279570130001, 36.23511306000006], [128.0309822480001, 36.22718217200003], [128.0529152040001, 36.21131798400006], [128.05820936600003, 36.200943506000044], [128.04459580700006, 36.19178841300004], [128.03476379200004, 36.19484023000007], [128.03022593900005, 36.19972288900004], [128.01434345400003, 36.20277439600005], [127.99640475400008, 36.20014486200006], [127.97609372700003, 36.19120426300003], [127.97978664100003, 36.17928187600006], [127.99455829700003, 36.16735767400007], [127.99640475400008, 36.134556764000024], [127.99086538300003, 36.12262576000006], [127.97424727000009, 36.11367631600007], [127.96870789800005, 36.077868343000034], [127.96501498400005, 36.06443614800003], [127.94101104200001, 36.05398729800004], [127.9059283580001, 36.04503003800005], [127.89669607200005, 36.02860574600004], [127.88007795800002, 36.022632427000076], [127.87967575900007, 36.01937943900003], [127.87823150100007, 36.00769714900008], [127.90223544300011, 35.971840936000035], [127.9096212720001, 35.955401392000056], [127.91146772900004, 35.94194831100003], [127.88746378700012, 35.92400730700007], [127.88561733000006, 35.90606223200007], [127.88931024400006, 35.88960900400008], [127.89854252900011, 35.88512116600003], [127.9133141860001, 35.88512116600003], [127.92808584300008, 35.87614472800004], [127.92623938500003, 35.86567093100007], [127.93547167100007, 35.847712630000046], [127.9705543550001, 35.85669228900008], [127.98347955500003, 35.847712630000046], [127.99640475400008, 35.83124728100006], [128.013022868, 35.82376190200006], [128.0351803530001, 35.82376190200006], [128.05549138100002, 35.826756139000054], [128.08249292119478, 35.833580503467054], [128.07971689800002, 35.83448074700004], [128.07853516500006, 35.853639319000024], [128.0903524910001, 35.868962845000055], [128.083262095, 35.873750839000024], [128.07262650300004, 35.885240845000055], [128.070263038, 35.89385725600005], [128.060809177, 35.90247272800008], [128.05371878200003, 35.914915644000075], [128.05371878200003, 35.926399676000074], [128.060809177, 35.934054771000035], [128.070263038, 35.92735660400007], [128.07971689800002, 35.91587271100008], [128.09507942100004, 35.91300147700008], [128.09862461800003, 35.926399676000074], [128.09744288600007, 35.93788204100008], [128.10335154900008, 35.95223265100003], [128.13407659400002, 35.95223265100003], [128.1506208500001, 35.96466773800006], [128.16480164000006, 35.98666348000006], [128.16480164000006, 35.99909314400003], [128.17189203500004, 36.02012349800003], [128.18370936100007, 36.03063657100006], [128.1990718840001, 36.033503530000075], [128.20261708100008, 36.03923713300003], [128.2120709410001, 36.046881289000055], [128.23334212700001, 36.04592581000003], [128.28652009100006, 36.04019269300005], [128.2947922190001, 36.04974765500003], [128.30188261400008, 36.05452470200004], [128.30188261400008, 36.05930145800005], [128.2947922190001, 36.06694366500005], [128.29361048600003, 36.08031574100005], [128.29242875300008, 36.08891087500007], [128.28297489300007, 36.09559532900005], [128.2758844980001, 36.10418879200006], [128.27942969600008, 36.11373598200004], [128.29597395100006, 36.12137289900005], [128.29361048600003, 36.131872446000045], [128.28652009100006, 36.13664450300007], [128.28652009100006, 36.145233475000055], [128.29597395100006, 36.151913136000076], [128.2947922190001, 36.16050043600006], [128.28297489300007, 36.165270752000026], [128.2723393000001, 36.17194870600008], [128.27115756800004, 36.183395304000044], [128.26170370800003, 36.19102544000003], [128.25224984700003, 36.19102544000003], [128.2368873250001, 36.19960845500003], [128.2345238590001, 36.21295794100007], [128.22979692900003, 36.22058519600006], [128.20734401100003, 36.23297790000004], [128.1766189650001, 36.23869694700005], [128.16007471000012, 36.24632169200004], [128.13570657000002, 36.25246695900006], [128.1317131290001, 36.24441557600005], [128.11635060600008, 36.23583747600003], [128.102169816, 36.23583747600003], [128.09744288600007, 36.24441557600005], [128.083262095, 36.24536864000004], [128.070263038, 36.23583747600003], [128.0549005150001, 36.23679064500004], [128.03717452700005, 36.240603203000035]]]}}, {"type": "Feature", "properties": {"shapeName": "Yeongdong-gun", "shapeISO": "", "shapeID": "91817680B4431337162748", "shapeGroup": "KOR", "shapeType": "ADM2"}, "geometry": {"type": "Polygon", "coordinates": [[[127.84615167586487, 36.30279955498958], [127.81382707800003, 36.299674079000056], [127.79964628800008, 36.29395949600007], [127.79846455600011, 36.28348167300004], [127.78901069500012, 36.279671207000035], [127.76892124200003, 36.27871856100006], [127.76183084700006, 36.263474650000035], [127.7476500570001, 36.26061608500004], [127.7381961960001, 36.26538030200004], [127.7287423360001, 36.26633311000006], [127.71928847600009, 36.26252180700004], [127.70983461600008, 36.25394569400004], [127.69919902300012, 36.239650081000036], [127.69801729000005, 36.229164970000056], [127.68974516300011, 36.219631830000026], [127.67438264000009, 36.21581824900005], [127.654293187, 36.217725063000046], [127.64956625700006, 36.19960845500003], [127.64956625700006, 36.188164226000026], [127.65311145400005, 36.17767221400004], [127.65074798900002, 36.16431671200007], [127.63656719900007, 36.167178797000076], [127.62711333900006, 36.17576442500007], [127.61293254800012, 36.183395304000044], [127.60229695500004, 36.183395304000044], [127.60139883900001, 36.15637865000008], [127.59610467700008, 36.149661200000025], [127.59232313300004, 36.13194880100008], [127.59610467700008, 36.123396557000035], [127.61425608900004, 36.10995543400003], [127.62342042400007, 36.09875831000005], [127.62526688100002, 36.08383747200003], [127.64188499500005, 36.071898762000046], [127.64354104803472, 36.06520536442618], [127.64557790900005, 36.05697282600005], [127.6585031090001, 36.04503003800005], [127.66404248000003, 36.03308543800006], [127.68250705100002, 36.05249449200005], [127.69543225000007, 36.049508796000055], [127.70097162200011, 36.03607175800005], [127.71389682100005, 36.03159223600005], [127.73051493500009, 36.03009900500007], [127.75082596300001, 36.01815214100003], [127.76744407700005, 36.00470975400003], [127.7840621900001, 36.00769714900008], [127.79329447600003, 36.02113902700006], [127.80437321800002, 36.02711245900008], [127.819144875, 36.03159223600005], [127.8376094460001, 36.03308543800006], [127.86161338800002, 36.03009900500007], [127.87967575900007, 36.01937943900003], [127.88007795800002, 36.022632427000076], [127.89669607200005, 36.02860574600004], [127.9059283580001, 36.04503003800005], [127.94101104200001, 36.05398729800004], [127.96501498400005, 36.06443614800003], [127.96870789800005, 36.077868343000034], [127.97424727000009, 36.11367631600007], [127.99086538300003, 36.12262576000006], [127.99640475400008, 36.134556764000024], [127.99455829700003, 36.16735767400007], [127.97978664100003, 36.17928187600006], [127.97609372700003, 36.19120426300003], [127.99640475400008, 36.20014486200006], [128.01434345400003, 36.20277439600005], [128.03022593900005, 36.19972288900004], [128.03476379200004, 36.19484023000007], [128.04459580700006, 36.19178841300004], [128.05820936600003, 36.200943506000044], [128.0529152040001, 36.21131798400006], [128.0309822480001, 36.22718217200003], [128.0279570130001, 36.23511306000006], [128.03717452700005, 36.240603203000035], [128.038356259, 36.24632169200004], [128.04662838700006, 36.25394569400004], [128.0265389340001, 36.26252180700004], [128.0099946790001, 36.26252180700004], [127.99581388800004, 36.25775741600006], [127.98399656300012, 36.251086781000026], [127.9686340400001, 36.248227763000045], [127.95445325000003, 36.249180780000074], [127.94381765700007, 36.25394569400004], [127.93790899400005, 36.26252180700004], [127.91309261100002, 36.27300244300005], [127.91191087900006, 36.28538683700003], [127.89891182100007, 36.29205454200007], [127.89536662300009, 36.282529074000024], [127.88473103000001, 36.272049716000026], [127.87055024000006, 36.26728590700003], [127.84927905400002, 36.275860555000065], [127.8469155890001, 36.29110204800003], [127.84615167586487, 36.30279955498958]]]}}, {"type": "Feature", "properties": {"shapeName": "Geumsan-gun", "shapeISO": "", "shapeID": "91817680B68842805087026", "shapeGroup": "KOR", "shapeType": "ADM2"}, "geometry": {"type": "Polygon", "coordinates": [[[127.42503707600008, 36.20628348300005], [127.40376589000005, 36.214864824000074], [127.3990389600001, 36.24346250000008], [127.3990389600001, 36.25585157800003], [127.39431203000004, 36.26061608500004], [127.38013124000008, 36.26538030200004], [127.36595044900002, 36.26156895200006], [127.36240525200003, 36.24441557600005], [127.36831391400005, 36.22058519600006], [127.36595044900002, 36.209144034000076], [127.35649658900002, 36.19579389800003], [127.35295139100003, 36.18625669200003], [127.34113406600011, 36.17862609200006], [127.32931674100007, 36.152867327000024], [127.33049847300003, 36.130918], [127.3312790382166, 36.1288164040301], [127.33404367100002, 36.12137289900005], [127.34467926400009, 36.11755453400008], [127.35767832200008, 36.10227921500007], [127.37067737900009, 36.04592581000003], [127.38013124000008, 36.033503530000075], [127.38722163500006, 36.02012349800003], [127.39067579651805, 36.01593254970431], [127.39667549500007, 36.00865309100004], [127.41321975000005, 36.005785229000026], [127.43449093600009, 36.02394659600003], [127.44748999400008, 35.99526884100004], [127.45930731900012, 35.97996977200006], [127.47466984200003, 35.97423185700006], [127.50421315500012, 35.97710086700005], [127.52784780600007, 35.97136274300004], [127.53083898500006, 35.97596211800004], [127.5396651310001, 35.98953203800005], [127.53493820100005, 36.00387326300006], [127.53375646900008, 36.02012349800003], [127.54084686400006, 36.03254788900006], [127.55620938700008, 36.03063657100006], [127.56684497900005, 36.02585807600008], [127.59284309500003, 36.018211880000024], [127.5975700250001, 36.00769714900008], [127.60820561800006, 35.996224934000054], [127.62238640800001, 36.001005226000075], [127.62120467600005, 36.01247674600006], [127.63065853600006, 36.021079290000046], [127.63302200100009, 36.028725208000026], [127.62356814100008, 36.03732597800007], [127.62120467600005, 36.05356931600005], [127.64354104803472, 36.06520536442618], [127.64188499500005, 36.071898762000046], [127.62526688100002, 36.08383747200003], [127.62342042400007, 36.09875831000005], [127.61425608900004, 36.10995543400003], [127.59610467700008, 36.123396557000035], [127.59232313300004, 36.13194880100008], [127.59610467700008, 36.149661200000025], [127.60139883900001, 36.15637865000008], [127.60229695500004, 36.183395304000044], [127.59875175800005, 36.19197915500007], [127.59993349000001, 36.20437639000005], [127.59638829300002, 36.21677166200004], [127.58693443300001, 36.22153855100004], [127.56920844500007, 36.22439854500004], [127.5715719100001, 36.22535185300006], [127.55857285200011, 36.23107145800003], [127.54084686400006, 36.24250941300005], [127.52193914300005, 36.232024685000056], [127.49406415900012, 36.23454787700007], [127.49003236500005, 36.22153855100004], [127.47585157500009, 36.212004482000054], [127.46757944700005, 36.20056206500004], [127.45458038900006, 36.19293285800006], [127.43921786600004, 36.19388655000006], [127.42503707600008, 36.20628348300005]]]}}, {"type": "Feature", "properties": {"shapeName": "Gyeryong-si", "shapeISO": "", "shapeID": "91817680B70392770223342", "shapeGroup": "KOR", "shapeType": "ADM2"}, "geometry": {"type": "Polygon", "coordinates": [[[127.29150130000005, 36.249180780000074], [127.26904838200005, 36.272049716000026], [127.25250412600008, 36.277765904000034], [127.25368585900003, 36.288244494000025], [127.26313971900004, 36.30634056400004], [127.26195798700007, 36.31871966600005], [127.26541281700008, 36.32309389300008], [127.23477813800002, 36.341568229000075], [127.22059734800007, 36.34347197400007], [127.20523482500005, 36.341568229000075], [127.20168962700006, 36.32443243500006], [127.20878002300003, 36.31776749800008], [127.21350695300009, 36.30824516900003], [127.215870418, 36.29586440400004], [127.20759829000008, 36.28633940100008], [127.20759829000008, 36.27490786200008], [127.2040530920001, 36.26538030200004], [127.2040530920001, 36.25203976300003], [127.21232522000003, 36.24727473300004], [127.23005120800008, 36.25489864200006], [127.238323336, 36.25394569400004], [127.24423199900002, 36.240603203000035], [127.2454137310001, 36.23297790000004], [127.25959452100005, 36.22725843500007], [127.28559263700004, 36.23393110400008], [127.28559263700004, 36.24441557600005], [127.29150130000005, 36.249180780000074]]]}}, {"type": "Feature", "properties": {"shapeName": "Gongju-si", "shapeISO": "", "shapeID": "91817680B8449507929864", "shapeGroup": "KOR", "shapeType": "ADM2"}, "geometry": {"type": "Polygon", "coordinates": [[[127.28559263700004, 36.40626942700004], [127.25250412600008, 36.40436721900005], [127.23714160300005, 36.41482878700003], [127.20641655800011, 36.42814147300004], [127.20759829000008, 36.43574769800006], [127.20641655800011, 36.449056797000026], [127.19459923200009, 36.462363613000036], [127.18750883700011, 36.48041921200007], [127.1780549770001, 36.486120106000044], [127.1780549770001, 36.53266170300003], [127.2005078950001, 36.55070091500005], [127.20759829000008, 36.56304110800005], [127.20641655800011, 36.57443030600007], [127.18514537200008, 36.58866444200004], [127.16978284900006, 36.590562128000045], [127.16269245400008, 36.59815240800003], [127.16151072100001, 36.60669057900003], [127.15949512456604, 36.62933889871193], [127.1366943380001, 36.63704086900003], [127.1236952800001, 36.65126345300007], [127.11305968800002, 36.654107655000075], [127.09651543200005, 36.649367261000066], [127.08942503700007, 36.631351100000074], [127.06697211900007, 36.63419603700004], [127.05515479400003, 36.640833815000065], [127.05515479400003, 36.643678402000035], [127.0468826660001, 36.64747102100006], [127.03033841000001, 36.645574735000025], [127.01852108500009, 36.652211532000024], [127.00845272400011, 36.64701591700003], [126.99257023900009, 36.64398181800004], [126.98425084200005, 36.65004989500005], [126.98349453300011, 36.65975782400005], [126.97895668000001, 36.66946452900004], [126.96540180000011, 36.67412394000007], [126.9630741950001, 36.674924012000076], [126.95853634200012, 36.66339798200005], [126.95778003300006, 36.65004989500005], [126.95248587100002, 36.634271901000034], [126.94189754800004, 36.624560759000076], [126.94189754800004, 36.61606250600005], [126.93206553300001, 36.60088472600006], [126.93206553300001, 36.590562128000045], [126.92298982700004, 36.572949805000064], [126.90559472400003, 36.55776354400007], [126.90023686300003, 36.553814798000076], [126.8903769640001, 36.546547522000026], [126.88853050700004, 36.50796964700004], [126.90145570600009, 36.48718897700007], [126.91438090600002, 36.458977720000064], [126.92545964800001, 36.450066769000045], [126.94392421900011, 36.450066769000045], [126.9550029620001, 36.458977720000064], [126.96977461800009, 36.45749263300007], [127.00670376000005, 36.442640195000024], [127.02516833100003, 36.42927056900004], [127.02886124500003, 36.417384525000045], [127.02886124500003, 36.39212063900004], [127.0196289590001, 36.38171547500008], [127.00301084600005, 36.37576904200006], [126.99377856000001, 36.36536169000004], [126.99377856000001, 36.334131282000044], [126.99377856000001, 36.32961165100005], [126.99377856000001, 36.31776749800008], [126.98823918900007, 36.299912178000056], [127.00485730300011, 36.288006360000054], [127.02516833100003, 36.282052770000064], [127.03440061600008, 36.274610144000064], [127.05286518700007, 36.27014422700006], [127.06579038600012, 36.27312153300005], [127.0694833010001, 36.29098298500003], [127.0842549570001, 36.30437639100006], [127.09902661400008, 36.31479189500004], [127.11379827000007, 36.33115630400005], [127.12118409900006, 36.31627971000006], [127.13226284100006, 36.30288834900006], [127.14334158400004, 36.30140027700003], [127.16180615500002, 36.31479189500004], [127.17288489700002, 36.32520600700008], [127.18396363900001, 36.32520600700008], [127.19969747700009, 36.32871068900005], [127.20271366200006, 36.329382520000024], [127.20523482500005, 36.341568229000075], [127.22059734800007, 36.34347197400007], [127.23477813800002, 36.341568229000075], [127.26541281700008, 36.32309389300008], [127.27023011400001, 36.329192756000054], [127.27968397400002, 36.33490475700006], [127.28559263700004, 36.34347197400007], [127.2678666490001, 36.35870025400004], [127.27141184700008, 36.37011950900006], [127.28322917200012, 36.37773141500003], [127.28559263700004, 36.38534257600003], [127.28559263700004, 36.40626942700004]]]}}, {"type": "Feature", "properties": {"shapeName": "Asan-si", "shapeISO": "", "shapeID": "91817680B56248521536513", "shapeGroup": "KOR", "shapeType": "ADM2"}, "geometry": {"type": "Polygon", "coordinates": [[[127.08257093615835, 36.926283540287145], [127.05515479400003, 36.928550753000025], [127.02088455000012, 36.926661410000065], [126.99606816700009, 36.928550753000025], [126.98543257400001, 36.92571672100007], [126.97479698100005, 36.91626918800006], [126.9606161910001, 36.90965521800007], [126.93934500600005, 36.90587554900003], [126.92516421500011, 36.89831565000003], [126.9062564950001, 36.88035788700006], [126.88853050700004, 36.874686137000026], [126.86253239100006, 36.87563145800004], [126.85780546100011, 36.868068563000065], [126.85780546100011, 36.85483169500003], [126.84598813600007, 36.847266742000045], [126.84244293800009, 36.83686370800007], [126.84126120500002, 36.82362143600005], [126.86253239100006, 36.80469993000003], [126.86489585600009, 36.79429110800004], [126.86371412400001, 36.786720167000055], [126.844806403, 36.783880872000054], [126.8294438800001, 36.777255439000044], [126.83005560275365, 36.77496871031725], [126.83298907800008, 36.76400285700004], [126.83298907800008, 36.74980111900004], [126.84362467100004, 36.74317274200007], [126.85544199600008, 36.73843783600006], [126.86253239100006, 36.72896714800004], [126.87198625100007, 36.72044253000007], [126.88734877400009, 36.72044253000007], [126.90152956500003, 36.716653508000036], [126.90507476200003, 36.70339045600008], [126.90507476200003, 36.694863], [126.91807382000002, 36.69391544700005], [126.931072878, 36.697705591000044], [126.94170847100008, 36.697705591000044], [126.96179792400005, 36.69296788100007], [126.96540180000011, 36.67412394000007], [126.97895668000001, 36.66946452900004], [126.98349453300011, 36.65975782400005], [126.98425084200005, 36.65004989500005], [126.99257023900009, 36.64398181800004], [127.00845272400011, 36.64701591700003], [127.01852108500009, 36.652211532000024], [127.01852108500009, 36.66263963000006], [127.02206628300007, 36.67211849300003], [127.05869999100003, 36.697705591000044], [127.08233464200009, 36.707180133000065], [127.084698107, 36.71949529200003], [127.09769716500011, 36.74601354500004], [127.10951449000004, 36.754535324000074], [127.12251354800003, 36.758322477000036], [127.12724047800009, 36.76873618500008], [127.12487701300006, 36.783880872000054], [127.1106962230001, 36.788612973000056], [127.10478756000009, 36.79807629800007], [127.10242409500006, 36.81416126800008], [127.10360582700002, 36.833080436000046], [127.11305968800002, 36.840646793000076], [127.11542315300005, 36.85104931200004], [127.09887889700008, 36.85861389100006], [127.09297023500005, 36.86995935700003], [127.09060677000002, 36.88508402400004], [127.0917885020001, 36.91626918800006], [127.08587983900009, 36.92099310100008], [127.08257093615835, 36.926283540287145]]]}}, {"type": "Feature", "properties": {"shapeName": "Yesan-gun", "shapeISO": "", "shapeID": "91817680B1629367715088", "shapeGroup": "KOR", "shapeType": "ADM2"}, "geometry": {"type": "Polygon", "coordinates": [[[126.96540180000011, 36.67412394000007], [126.96179792400005, 36.69296788100007], [126.94170847100008, 36.697705591000044], [126.931072878, 36.697705591000044], [126.91807382000002, 36.69391544700005], [126.90507476200003, 36.694863], [126.90507476200003, 36.70339045600008], [126.90152956500003, 36.716653508000036], [126.88734877400009, 36.72044253000007], [126.87198625100007, 36.72044253000007], [126.86253239100006, 36.72896714800004], [126.85544199600008, 36.73843783600006], [126.84362467100004, 36.74317274200007], [126.83298907800008, 36.74980111900004], [126.83298907800008, 36.76400285700004], [126.83005560275365, 36.77496871031725], [126.81483766600002, 36.76888764700004], [126.80424934300004, 36.76404072400004], [126.78987947500002, 36.750104117000035], [126.78080376900004, 36.746468064000055], [126.77021544600007, 36.747680100000025], [126.746013564, 36.76646422400006], [126.74223201900008, 36.77736902300006], [126.73391262200005, 36.78827227100004], [126.72256799000002, 36.796145875000036], [126.7081981230001, 36.79190634300005], [126.66510920000007, 36.76577788900005], [126.6612316400001, 36.760600597000064], [126.65403045800008, 36.750984698000025], [126.64110525800004, 36.736188653000056], [126.62633360100006, 36.72582972500004], [126.61525485900006, 36.71398923900006], [126.60417611600008, 36.69326399700003], [126.60048320200008, 36.67253316600005], [126.59309737400008, 36.65327810700006], [126.58823800800008, 36.64353127100003], [126.58571154600008, 36.63846324600007], [126.59309737400008, 36.61771765300006], [126.62079423000012, 36.61475354100003], [126.63371943000004, 36.61919966600004], [126.64110525800004, 36.64883394800006], [126.66510920000007, 36.65179674900003], [126.68172731400011, 36.65031536300006], [126.69834542800004, 36.656240737000076], [126.71127062700009, 36.66512794400006], [126.75189268300005, 36.65475943700005], [126.74450685500005, 36.64438953200005], [126.75927851100005, 36.63401823100003], [126.77589662500009, 36.626609305000045], [126.78143599600003, 36.61030715900006], [126.78143599600003, 36.59993127100006], [126.77589662500009, 36.589553988000034], [126.7537391400001, 36.56879523600003], [126.74635331200011, 36.553964138000026], [126.74635331200011, 36.54061371700004], [126.7537391400001, 36.52429340400005], [126.77405016800003, 36.52726098900007], [126.77713358924977, 36.52643502266385], [126.80728639500012, 36.51835789000006], [126.83867616600003, 36.52577721100005], [126.84052262300008, 36.54358067600003], [126.84421553700008, 36.553964138000026], [126.86637302200006, 36.56138004300004], [126.90023686300003, 36.553814798000076], [126.90559472400003, 36.55776354400007], [126.92298982700004, 36.572949805000064], [126.93206553300001, 36.590562128000045], [126.93206553300001, 36.60088472600006], [126.94189754800004, 36.61606250600005], [126.94189754800004, 36.624560759000076], [126.95248587100002, 36.634271901000034], [126.95778003300006, 36.65004989500005], [126.95853634200012, 36.66339798200005], [126.9630741950001, 36.674924012000076], [126.96540180000011, 36.67412394000007]]]}}, {"type": "Feature", "properties": {"shapeName": "Cheongyang-gun", "shapeISO": "", "shapeID": "91817680B7861346133014", "shapeGroup": "KOR", "shapeType": "ADM2"}, "geometry": {"type": "Polygon", "coordinates": [[[126.90023686300003, 36.553814798000076], [126.86637302200006, 36.56138004300004], [126.84421553700008, 36.553964138000026], [126.84052262300008, 36.54358067600003], [126.83867616600003, 36.52577721100005], [126.80728639500012, 36.51835789000006], [126.77713358924977, 36.52643502266385], [126.77172806300007, 36.51097110200004], [126.77172806300007, 36.50610792600003], [126.75433296100005, 36.49698864800007], [126.750551416, 36.487868296000045], [126.74979510800006, 36.479354998000076], [126.74525725500007, 36.47205714200004], [126.73920678400009, 36.46779974100008], [126.70139134300007, 36.465975069000024], [126.6877777840001, 36.458067662000076], [126.68323993100012, 36.451376149000055], [126.68284217700011, 36.44988309100006], [126.68097100500006, 36.44285884300007], [126.69004671100004, 36.435557551000045], [126.69231563700009, 36.427038509000056], [126.69382825500008, 36.40512810700005], [126.7081981230001, 36.39721449900003], [126.71803013700003, 36.38930008500006], [126.72786215200006, 36.37468674200005], [126.73012978477153, 36.372130555041615], [126.7316436960001, 36.370424], [126.74676987200007, 36.36677003500006], [126.75206403400011, 36.35397980600004], [126.76643390200002, 36.34910678500006], [126.79517363700006, 36.34849763600005], [126.8065182690001, 36.35580711000006], [126.80954350400009, 36.366161024000064], [126.82996384300009, 36.376513560000035], [126.8503841810001, 36.38016706700006], [126.85492203400008, 36.37225091800008], [126.84509001900005, 36.366161024000064], [126.84055216600007, 36.35824344900004], [126.84357740100006, 36.350934203000065], [126.85492203400008, 36.34910678500006], [126.85945988600008, 36.33996904800006], [126.86097250400007, 36.325955770000064], [126.86929190100011, 36.317424714000026], [126.90030056300009, 36.324737105000054], [126.91240150400006, 36.32169035900006], [126.9192082830001, 36.31437768200004], [126.93282184200007, 36.31315883600007], [126.95778003300006, 36.324737105000054], [126.97366251800008, 36.32839304300006], [126.99377856000001, 36.32961165100005], [126.99377856000001, 36.334131282000044], [126.99377856000001, 36.36536169000004], [127.00301084600005, 36.37576904200006], [127.0196289590001, 36.38171547500008], [127.02886124500003, 36.39212063900004], [127.02886124500003, 36.417384525000045], [127.02516833100003, 36.42927056900004], [127.00670376000005, 36.442640195000024], [126.96977461800009, 36.45749263300007], [126.9550029620001, 36.458977720000064], [126.94392421900011, 36.450066769000045], [126.92545964800001, 36.450066769000045], [126.91438090600002, 36.458977720000064], [126.90145570600009, 36.48718897700007], [126.88853050700004, 36.50796964700004], [126.8903769640001, 36.546547522000026], [126.90023686300003, 36.553814798000076]]]}}, {"type": "Feature", "properties": {"shapeName": "Nonsan-si", "shapeISO": "", "shapeID": "91817680B11377751855609", "shapeGroup": "KOR", "shapeType": "ADM2"}, "geometry": {"type": "Polygon", "coordinates": [[[127.28559263700004, 36.23393110400008], [127.25959452100005, 36.22725843500007], [127.2454137310001, 36.23297790000004], [127.24423199900002, 36.240603203000035], [127.238323336, 36.25394569400004], [127.23005120800008, 36.25489864200006], [127.21232522000003, 36.24727473300004], [127.2040530920001, 36.25203976300003], [127.2040530920001, 36.26538030200004], [127.20759829000008, 36.27490786200008], [127.20759829000008, 36.28633940100008], [127.215870418, 36.29586440400004], [127.21350695300009, 36.30824516900003], [127.20878002300003, 36.31776749800008], [127.20168962700006, 36.32443243500006], [127.19969747700009, 36.32871068900005], [127.18396363900001, 36.32520600700008], [127.17288489700002, 36.32520600700008], [127.16180615500002, 36.31479189500004], [127.14334158400004, 36.30140027700003], [127.13226284100006, 36.30288834900006], [127.12118409900006, 36.31627971000006], [127.11379827000007, 36.33115630400005], [127.09902661400008, 36.31479189500004], [127.0842549570001, 36.30437639100006], [127.0694833010001, 36.29098298500003], [127.06579038600012, 36.27312153300005], [127.07051731600006, 36.259663207000074], [127.06815385100003, 36.249180780000074], [127.062245189, 36.24346250000008], [127.03979227100001, 36.23679064500004], [127.03388360800011, 36.229164970000056], [127.03270187600003, 36.217725063000046], [127.0279749450001, 36.21009752800006], [126.99961336500007, 36.207237011000075], [126.9925229690001, 36.19960845500003], [126.99134123700003, 36.18721046500008], [126.99724990000004, 36.17862609200006], [127.00670376000005, 36.170994748000055], [127.00906722500008, 36.16145452300003], [127.00670376000005, 36.152867327000024], [127.0019768300001, 36.14714200800006], [127.00656463900995, 36.140967168852065], [127.00906722500008, 36.13759888000004], [127.02324801500004, 36.14046194000008], [127.03152014300008, 36.131872446000045], [127.05397306100008, 36.12996354200004], [127.06579038600012, 36.111826637000036], [127.06579038600012, 36.09464044200007], [127.07406251400005, 36.08413591600004], [127.08706157200004, 36.07649538000004], [127.09769716500011, 36.06694366500005], [127.11305968800002, 36.06216737300008], [127.12251354800003, 36.05548007600004], [127.14260300100011, 36.07936066800005], [127.16032898900005, 36.07458513000006], [127.17687324400003, 36.07649538000004], [127.19105403500009, 36.08700092600003], [127.19932616200003, 36.09082077700003], [127.21823388300004, 36.09082077700003], [127.22768774300005, 36.07840558400005], [127.25959452100005, 36.07458513000006], [127.24895892900008, 36.09082077700003], [127.2548675910001, 36.09655020500003], [127.2903195670001, 36.10227921500007], [127.3127724850001, 36.11469063800007], [127.3312790382166, 36.1288164040301], [127.33049847300003, 36.130918], [127.32931674100007, 36.152867327000024], [127.34113406600011, 36.17862609200006], [127.33640713600005, 36.19388655000006], [127.3352254030001, 36.20532994200005], [127.31986288100006, 36.21295794100007], [127.30568209000012, 36.21581824900005], [127.28913783500002, 36.223445225000034], [127.28559263700004, 36.232024685000056], [127.28559263700004, 36.23393110400008]]]}}, {"type": "Feature", "properties": {"shapeName": "Buyeo-gun", "shapeISO": "", "shapeID": "91817680B35509676151777", "shapeGroup": "KOR", "shapeType": "ADM2"}, "geometry": {"type": "Polygon", "coordinates": [[[126.99377856000001, 36.32961165100005], [126.97366251800008, 36.32839304300006], [126.95778003300006, 36.324737105000054], [126.93282184200007, 36.31315883600007], [126.9192082830001, 36.31437768200004], [126.91240150400006, 36.32169035900006], [126.90030056300009, 36.324737105000054], [126.86929190100011, 36.317424714000026], [126.86097250400007, 36.325955770000064], [126.85945988600008, 36.33996904800006], [126.85492203400008, 36.34910678500006], [126.84357740100006, 36.350934203000065], [126.84055216600007, 36.35824344900004], [126.84509001900005, 36.366161024000064], [126.85492203400008, 36.37225091800008], [126.8503841810001, 36.38016706700006], [126.82996384300009, 36.376513560000035], [126.80954350400009, 36.366161024000064], [126.8065182690001, 36.35580711000006], [126.79517363700006, 36.34849763600005], [126.76643390200002, 36.34910678500006], [126.75206403400011, 36.35397980600004], [126.74676987200007, 36.36677003500006], [126.7316436960001, 36.370424], [126.73012978477153, 36.372130555041615], [126.71599755700004, 36.363458481000066], [126.7077254300001, 36.35489346300005], [126.7077254300001, 36.34347197400007], [126.70299849900005, 36.33204880900007], [126.68763597600002, 36.32633659900006], [126.68527251100011, 36.312054240000066], [126.69708983700002, 36.29586440400004], [126.70063503400002, 36.28348167300004], [126.70181676700008, 36.259663207000074], [126.73608701000012, 36.25013378600005], [126.74081394000007, 36.24250941300005], [126.7207244870001, 36.219631830000026], [126.71836102200007, 36.20628348300005], [126.70299849900005, 36.198654833000035], [126.6982715690001, 36.189117976000034], [126.69708983700002, 36.17767221400004], [126.7010756463091, 36.17324812064954], [126.70654369700003, 36.167178797000076], [126.72190622000005, 36.16622478000005], [126.73490527800004, 36.170994748000055], [126.75026780100006, 36.17194870600008], [126.77390245100003, 36.17194870600008], [126.79399190400011, 36.169086796000045], [126.79871883400006, 36.154775674000064], [126.799900567, 36.13759888000004], [126.83298907800008, 36.124236551000024], [126.84007947300006, 36.11373598200004], [126.84362467100004, 36.091775711000025], [126.84362467100004, 36.08127080200006], [126.84953333300007, 36.072674833000065], [126.86844105400007, 36.068854101000056], [126.87671318100001, 36.072674833000065], [126.8743497160001, 36.10132440900003], [126.87789491400008, 36.11755453400008], [126.89207570400004, 36.126145595000025], [126.90034783200008, 36.13664450300007], [126.9157103550001, 36.133781304000024], [126.92752768000003, 36.133781304000024], [126.94052673800002, 36.14237058900005], [126.94998059800002, 36.15095893400007], [126.96534312100005, 36.14905049400005], [126.98425084200005, 36.13950759800008], [127.00656463900995, 36.140967168852065], [127.0019768300001, 36.14714200800006], [127.00670376000005, 36.152867327000024], [127.00906722500008, 36.16145452300003], [127.00670376000005, 36.170994748000055], [126.99724990000004, 36.17862609200006], [126.99134123700003, 36.18721046500008], [126.9925229690001, 36.19960845500003], [126.99961336500007, 36.207237011000075], [127.0279749450001, 36.21009752800006], [127.03270187600003, 36.217725063000046], [127.03388360800011, 36.229164970000056], [127.03979227100001, 36.23679064500004], [127.062245189, 36.24346250000008], [127.06815385100003, 36.249180780000074], [127.07051731600006, 36.259663207000074], [127.06579038600012, 36.27312153300005], [127.05286518700007, 36.27014422700006], [127.03440061600008, 36.274610144000064], [127.02516833100003, 36.282052770000064], [127.00485730300011, 36.288006360000054], [126.98823918900007, 36.299912178000056], [126.99377856000001, 36.31776749800008], [126.99377856000001, 36.32961165100005]]]}}, {"type": "Feature", "properties": {"shapeName": "Changnyeong-gun", "shapeISO": "", "shapeID": "91817680B39611758954351", "shapeGroup": "KOR", "shapeType": "ADM2"}, "geometry": {"type": "Polygon", "coordinates": [[[128.52951105500006, 35.67593814800006], [128.51459446900003, 35.678165937000074], [128.50750407400005, 35.65320390000005], [128.50750407400005, 35.642640689000075], [128.50159541100004, 35.63687834900003], [128.4708703660001, 35.63783876800005], [128.45668957500004, 35.63495747600007], [128.44605398200008, 35.629194582000025], [128.43069146000005, 35.61670688600003], [128.41887413400002, 35.609981935000064], [128.40827490200002, 35.607631764000075], [128.40587507600003, 35.60709964000006], [128.40511512996642, 35.60784101600229], [128.37278656600006, 35.609981935000064], [128.35387884500005, 35.60037388000006], [128.35742404300004, 35.58211539900003], [128.36333270500006, 35.57250399900005], [128.36451443800001, 35.560968797000044], [128.35860577500011, 35.554239162000044], [128.35742404300004, 35.542701331000046], [128.35033364700007, 35.536931793000065], [128.35387884500005, 35.52635322900005], [128.3716048330001, 35.51577327000007], [128.38017456057526, 35.5106934936802], [128.38600719800002, 35.50723615000004], [128.41001114000005, 35.496713804000024], [128.4340150820001, 35.48318304700007], [128.42478279700003, 35.469650012000045], [128.38231428400002, 35.45761873500004], [128.37862137000002, 35.436559670000065], [128.3970859410001, 35.426028072000065], [128.41370405400005, 35.42000939700006], [128.4229363400001, 35.40646573500004], [128.4392914996614, 35.39070962461101], [128.44324736800002, 35.386898650000035], [128.45617256700007, 35.37636056100007], [128.47094422400005, 35.374855007000065], [128.4838694230001, 35.38238249500006], [128.49494816600009, 35.39894049500003], [128.50971982300007, 35.397435363000056], [128.51710565100007, 35.386898650000035], [128.53557022200005, 35.37786608600004], [128.5521883350001, 35.374855007000065], [128.57065290600008, 35.374855007000065], [128.57223938200002, 35.37657976700007], [128.57619227700002, 35.38087705300006], [128.59281039100006, 35.38840397900003], [128.62604661900002, 35.371843815000034], [128.6447773540001, 35.37748316500006], [128.65167544300004, 35.38966843400004], [128.65522064000004, 35.41471259200006], [128.64576678000003, 35.43300917100004], [128.61858693200008, 35.44648820100008], [128.6020426770001, 35.44745090300006], [128.58195322400002, 35.45130159400003], [128.57249936300002, 35.46092751500004], [128.56895416600003, 35.49364703200007], [128.58077149100006, 35.510963737000054], [128.59140708400002, 35.52058251500006], [128.59377054900006, 35.52923843000008], [128.59377054900006, 35.540778198000055], [128.58786188600004, 35.553277740000055], [128.59140708400002, 35.575387540000065], [128.58431668900005, 35.58595963600004], [128.57131763100006, 35.59653033500007], [128.54531951500007, 35.61574621400007], [128.5287752600001, 35.62247068100004], [128.53704738700003, 35.65032316300005], [128.53232045700008, 35.657044721000034], [128.52759352700002, 35.670486141000026], [128.52951105500006, 35.67593814800006]]]}}, {"type": "Feature", "properties": {"shapeName": "Hapcheon-gun", "shapeISO": "", "shapeID": "91817680B92973690121395", "shapeGroup": "KOR", "shapeType": "ADM2"}, "geometry": {"type": "Polygon", "coordinates": [[[128.166810585, 35.77304634600006], [128.1411669900001, 35.77985343200004], [128.13289486200006, 35.782729490000065], [128.12344100200005, 35.816275817000076], [128.11989580400007, 35.820108781000044], [128.09389768800008, 35.827774153000064], [128.07144477000008, 35.80477581500003], [128.0584457120001, 35.80094211100004], [128.04662838700006, 35.791357041000026], [128.04308318900007, 35.78081213000007], [128.04662838700006, 35.76834815700005], [128.05253705000007, 35.75875915700004], [128.05253705000007, 35.74149604400003], [128.05726398000002, 35.730944521000026], [128.07617170000003, 35.699281563000056], [128.08562556100003, 35.69256356100004], [128.08798902600006, 35.68392529800008], [128.08444382800008, 35.67720600300004], [128.07262650300004, 35.67144615600006], [128.05017358500004, 35.665685894000035], [128.0454466540001, 35.65608453300007], [128.0040860160001, 35.629194582000025], [127.99581388800004, 35.612864126000034], [127.98399656300012, 35.59653033500007], [127.98754176000011, 35.57154279500003], [127.98281483000005, 35.559046102000025], [127.96036191200005, 35.54462441800007], [127.96036191200005, 35.53020014100008], [127.95681671500006, 35.51769700300008], [127.95950788406894, 35.51167289664877], [127.961543645, 35.507115903000056], [127.97336097000004, 35.48498727900005], [127.98045136500002, 35.475364238000054], [127.98399656300012, 35.45418949100008], [128.00172255100006, 35.43300917100004], [128.02535720100002, 35.41567567300007], [128.0419014570001, 35.409897012000044], [128.05726398000002, 35.40700752600003], [128.0678995730001, 35.39063181400007], [128.0903524910001, 35.36268910300004], [128.10335154900008, 35.36461649700004], [128.11398714100005, 35.37425277800003], [128.12934966400007, 35.37425277800003], [128.13762179200012, 35.38196097400004], [128.17071030300008, 35.385814796000034], [128.1860728260001, 35.38966843400004], [128.1896180230001, 35.399301723000065], [128.18843629100002, 35.41663874300008], [128.20616227900007, 35.42626881000007], [128.21679787100004, 35.43686055300003], [128.21679787100004, 35.44937627200005], [128.20734401100003, 35.46189004400003], [128.20970747600006, 35.47825127100003], [128.24870465000004, 35.48306276300008], [128.2593402430001, 35.49268488300004], [128.26524890500002, 35.502305851000074], [128.27706623100005, 35.50807787900004], [128.30306434600004, 35.50903984300004], [128.34206152000002, 35.49460916900006], [128.3656961700001, 35.49364703200007], [128.38017456057526, 35.5106934936802], [128.3716048330001, 35.51577327000007], [128.35387884500005, 35.52635322900005], [128.35033364700007, 35.536931793000065], [128.35742404300004, 35.542701331000046], [128.35860577500011, 35.554239162000044], [128.36451443800001, 35.560968797000044], [128.36333270500006, 35.57250399900005], [128.35742404300004, 35.58211539900003], [128.35387884500005, 35.60037388000006], [128.37278656600006, 35.609981935000064], [128.35978750800007, 35.61478552900007], [128.35387884500005, 35.62343127300005], [128.34797018200004, 35.63879917500003], [128.33615285700012, 35.63975957100007], [128.31015474100002, 35.649362894000035], [128.28652009100006, 35.64648201800003], [128.2723393000001, 35.63879917500003], [128.25815851000004, 35.640719955000066], [128.24279598700002, 35.649362894000035], [128.23216039400006, 35.63687834900003], [128.22034306900002, 35.63399702300006], [128.20379881400004, 35.63975957100007], [128.19079975600005, 35.65224366600006], [128.17425550000007, 35.65224366600006], [128.16125644300007, 35.65512433400005], [128.15652951200002, 35.665685894000035], [128.16125644300007, 35.67528610000005], [128.18370936100007, 35.67720600300004], [128.191981488, 35.682005557000025], [128.20498054600012, 35.693523310000046], [128.20498054600012, 35.719432174000076], [128.201435349, 35.73190380800003], [128.18843629100002, 35.742455204000066], [128.18134589600004, 35.75204616900004], [128.16834683800005, 35.75971810900006], [128.16598337300002, 35.76834815700005], [128.166810585, 35.77304634600006]]]}}, {"type": "Feature", "properties": {"shapeName": "Uiryeong-gun", "shapeISO": "", "shapeID": "91817680B90592918780723", "shapeGroup": "KOR", "shapeType": "ADM2"}, "geometry": {"type": "Polygon", "coordinates": [[[128.38017456057526, 35.5106934936802], [128.3656961700001, 35.49364703200007], [128.34206152000002, 35.49460916900006], [128.30306434600004, 35.50903984300004], [128.27706623100005, 35.50807787900004], [128.26524890500002, 35.502305851000074], [128.2593402430001, 35.49268488300004], [128.24870465000004, 35.48306276300008], [128.20970747600006, 35.47825127100003], [128.20734401100003, 35.46189004400003], [128.21679787100004, 35.44937627200005], [128.21679787100004, 35.43686055300003], [128.20616227900007, 35.42626881000007], [128.18843629100002, 35.41663874300008], [128.1896180230001, 35.399301723000065], [128.1860728260001, 35.38966843400004], [128.17071030300008, 35.385814796000034], [128.13762179200012, 35.38196097400004], [128.12934966400007, 35.37425277800003], [128.11398714100005, 35.37425277800003], [128.10335154900008, 35.36461649700004], [128.0903524910001, 35.36268910300004], [128.09744288600007, 35.34052076200004], [128.10035154707992, 35.33696136220566], [128.11162367600002, 35.323167382000065], [128.1222592690001, 35.32605987100004], [128.14943911700004, 35.34148473000005], [128.15889297700005, 35.34148473000005], [128.17543723300003, 35.32702401100005], [128.17543723300003, 35.31159639300006], [128.1801641630001, 35.28266167700008], [128.18370936100007, 35.27687349200005], [128.19079975600005, 35.27204968900003], [128.19434495300004, 35.251786579000054], [128.20261708100008, 35.248891436000065], [128.21088920900002, 35.26143631100007], [128.2215248020001, 35.26240122100006], [128.2309786620001, 35.248891436000065], [128.2439777200001, 35.24792636500007], [128.26997583500008, 35.253716618000055], [128.27441187700003, 35.260055728000054], [128.27470276500003, 35.26047139000008], [128.2817931610001, 35.270120087000066], [128.29361048600003, 35.277838218000056], [128.29715568400002, 35.28844944800005], [128.29124702100012, 35.299059286000045], [128.30188261400008, 35.30773902800007], [128.31488167200007, 35.314489295000044], [128.3172451370001, 35.323167382000065], [128.3113364740001, 35.33184453800004], [128.31015474100002, 35.345340484000076], [128.31488167200007, 35.35690664400005], [128.32551726400004, 35.36076166200007], [128.3396980550001, 35.35594286000003], [128.3396980550001, 35.344376563000026], [128.3491519150001, 35.33377266800005], [128.36333270500006, 35.32702401100005], [128.38342215800003, 35.32798813900007], [128.38933082100004, 35.334736716000066], [128.3810586930001, 35.339556783000035], [128.386967356, 35.34919605500005], [128.42241933200012, 35.354979066000055], [128.42478279700003, 35.359797925000066], [128.4392914996614, 35.39070962461101], [128.4229363400001, 35.40646573500004], [128.41370405400005, 35.42000939700006], [128.3970859410001, 35.426028072000065], [128.37862137000002, 35.436559670000065], [128.38231428400002, 35.45761873500004], [128.42478279700003, 35.469650012000045], [128.4340150820001, 35.48318304700007], [128.41001114000005, 35.496713804000024], [128.38600719800002, 35.50723615000004], [128.38017456057526, 35.5106934936802]]]}}, {"type": "Feature", "properties": {"shapeName": "Haman-gun", "shapeISO": "", "shapeID": "91817680B30389585516178", "shapeGroup": "KOR", "shapeType": "ADM2"}, "geometry": {"type": "Polygon", "coordinates": [[[128.4392914996614, 35.39070962461101], [128.42478279700003, 35.359797925000066], [128.42241933200012, 35.354979066000055], [128.386967356, 35.34919605500005], [128.3810586930001, 35.339556783000035], [128.38933082100004, 35.334736716000066], [128.38342215800003, 35.32798813900007], [128.36333270500006, 35.32702401100005], [128.3491519150001, 35.33377266800005], [128.3396980550001, 35.344376563000026], [128.3396980550001, 35.35594286000003], [128.32551726400004, 35.36076166200007], [128.31488167200007, 35.35690664400005], [128.31015474100002, 35.345340484000076], [128.3113364740001, 35.33184453800004], [128.3172451370001, 35.323167382000065], [128.31488167200007, 35.314489295000044], [128.30188261400008, 35.30773902800007], [128.29124702100012, 35.299059286000045], [128.29715568400002, 35.28844944800005], [128.29361048600003, 35.277838218000056], [128.2817931610001, 35.270120087000066], [128.27470276500003, 35.26047139000008], [128.27441187700003, 35.260055728000054], [128.29715568400002, 35.24599618900004], [128.3077912760001, 35.23924021100004], [128.30897300900006, 35.22186511100006], [128.31842686900006, 35.21510712300005], [128.3207903340001, 35.205451878000076], [128.33142592700005, 35.20352069100005], [128.35033364700007, 35.204486290000034], [128.35860577500011, 35.202555080000025], [128.36296909500004, 35.19720687500006], [128.3656961700001, 35.19386406900003], [128.37396829800002, 35.190966858000024], [128.38578562300006, 35.198692523000034], [128.40114814600008, 35.204486290000034], [128.40587507600003, 35.195795485000076], [128.40587507600003, 35.18613794400005], [128.41532893700003, 35.16875147800005], [128.42360106400008, 35.161022966000075], [128.4425087850001, 35.16392124400005], [128.4519626450001, 35.173581425000066], [128.45432611, 35.185172127000044], [128.46732516800012, 35.19000109800004], [128.48268769100002, 35.18806954400003], [128.48859635400004, 35.192898343000024], [128.49095981900007, 35.20352069100005], [128.486232889, 35.21124516200007], [128.47205209800006, 35.21800347200008], [128.4708703660001, 35.228622536000046], [128.47205209800006, 35.24213569900007], [128.48505115600005, 35.248891436000065], [128.48859635400004, 35.26240122100006], [128.5027771440001, 35.270120087000066], [128.518139667, 35.26336612000006], [128.5287752600001, 35.26047139000008], [128.53586565500007, 35.26722559900003], [128.55359164300012, 35.27204968900003], [128.5701358980001, 35.270120087000066], [128.5831349560001, 35.27397924500008], [128.585498421, 35.28169700800004], [128.5831349560001, 35.291343178000034], [128.5665907010001, 35.30870338700004], [128.57249936300002, 35.32220319600003], [128.56422723600008, 35.33184453800004], [128.55831857300007, 35.35015991900008], [128.57486282800005, 35.359797925000066], [128.57223938200002, 35.37657976700007], [128.57065290600008, 35.374855007000065], [128.5521883350001, 35.374855007000065], [128.53557022200005, 35.37786608600004], [128.51710565100007, 35.386898650000035], [128.50971982300007, 35.397435363000056], [128.49494816600009, 35.39894049500003], [128.4838694230001, 35.38238249500006], [128.47094422400005, 35.374855007000065], [128.45617256700007, 35.37636056100007], [128.44324736800002, 35.386898650000035], [128.4392914996614, 35.39070962461101]]]}}, {"type": "Feature", "properties": {"shapeName": "Geochang-gun", "shapeISO": "", "shapeID": "91817680B91736183236009", "shapeGroup": "KOR", "shapeType": "ADM2"}, "geometry": {"type": "Polygon", "coordinates": [[[128.08249292119478, 35.833580503467054], [128.05549138100002, 35.826756139000054], [128.0351803530001, 35.82376190200006], [128.013022868, 35.82376190200006], [127.99640475400008, 35.83124728100006], [127.98347955500003, 35.847712630000046], [127.9705543550001, 35.85669228900008], [127.93547167100007, 35.847712630000046], [127.92623938500003, 35.86567093100007], [127.92808584300008, 35.87614472800004], [127.9133141860001, 35.88512116600003], [127.89854252900011, 35.88512116600003], [127.88931024400006, 35.88960900400008], [127.88561733000006, 35.90606223200007], [127.86345984500008, 35.89864374500007], [127.85282425200012, 35.875665956000034], [127.83864346200005, 35.86225916700005], [127.81146361300011, 35.845976446000066], [127.7925558930001, 35.84406061200008], [127.77246644000002, 35.827774153000064], [127.75355871900001, 35.83448074700004], [127.74174139400009, 35.83160656200005], [127.74055966200001, 35.81340097300006], [127.72283367400007, 35.79998365600005], [127.7157432780001, 35.788481295000054], [127.70156248800004, 35.78177081600006], [127.69545183600007, 35.77719474600008], [127.68619996500001, 35.77026581900003], [127.70865288300001, 35.74725083100003], [127.71219808100011, 35.73286308400003], [127.72992406900005, 35.715594355000064], [127.75001352200002, 35.725188555000045], [127.76301258, 35.72039159900004], [127.77482990500005, 35.70503940000003], [127.79964628800008, 35.69256356100004], [127.81382707800003, 35.67336615100004], [127.84218865900004, 35.65224366600006], [127.85518771700004, 35.65320390000005], [127.86464157700004, 35.66472581000005], [127.87645890300007, 35.66280560700005], [127.8788223680001, 35.65320390000005], [127.87527717000012, 35.64360103800004], [127.87527717000012, 35.629194582000025], [127.8693685070001, 35.609981935000064], [127.86345984500008, 35.59653033500007], [127.8469155890001, 35.58499859400007], [127.84218865900004, 35.57634869700007], [127.85400598400008, 35.56865911600005], [127.86700504200007, 35.56769786700005], [127.86881450949984, 35.56328192995973], [127.87173197200002, 35.55616197300003], [127.87173197200002, 35.54462441800007], [127.87764063500003, 35.525391472000024], [127.88827622800011, 35.527314974000035], [127.90245701800006, 35.527314974000035], [127.91309261100002, 35.522506133000036], [127.92018300600012, 35.510963737000054], [127.95950788406894, 35.51167289664877], [127.95681671500006, 35.51769700300008], [127.96036191200005, 35.53020014100008], [127.96036191200005, 35.54462441800007], [127.98281483000005, 35.559046102000025], [127.98754176000011, 35.57154279500003], [127.98399656300012, 35.59653033500007], [127.99581388800004, 35.612864126000034], [128.0040860160001, 35.629194582000025], [128.0454466540001, 35.65608453300007], [128.05017358500004, 35.665685894000035], [128.07262650300004, 35.67144615600006], [128.08444382800008, 35.67720600300004], [128.08798902600006, 35.68392529800008], [128.08562556100003, 35.69256356100004], [128.07617170000003, 35.699281563000056], [128.05726398000002, 35.730944521000026], [128.05253705000007, 35.74149604400003], [128.05253705000007, 35.75875915700004], [128.04662838700006, 35.76834815700005], [128.04308318900007, 35.78081213000007], [128.04662838700006, 35.791357041000026], [128.0584457120001, 35.80094211100004], [128.07144477000008, 35.80477581500003], [128.09389768800008, 35.827774153000064], [128.09153422300005, 35.83064847700007], [128.08249292119478, 35.833580503467054]]]}}, {"type": "Feature", "properties": {"shapeName": "Muju-gun", "shapeISO": "", "shapeID": "91817680B53198155341948", "shapeGroup": "KOR", "shapeType": "ADM2"}, "geometry": {"type": "Polygon", "coordinates": [[[127.87967575900007, 36.01937943900003], [127.86161338800002, 36.03009900500007], [127.8376094460001, 36.03308543800006], [127.819144875, 36.03159223600005], [127.80437321800002, 36.02711245900008], [127.79329447600003, 36.02113902700006], [127.7840621900001, 36.00769714900008], [127.76744407700005, 36.00470975400003], [127.75082596300001, 36.01815214100003], [127.73051493500009, 36.03009900500007], [127.71389682100005, 36.03159223600005], [127.70097162200011, 36.03607175800005], [127.69543225000007, 36.049508796000055], [127.68250705100002, 36.05249449200005], [127.66404248000003, 36.03308543800006], [127.6585031090001, 36.04503003800005], [127.64557790900005, 36.05697282600005], [127.64354104803472, 36.06520536442618], [127.62120467600005, 36.05356931600005], [127.62356814100008, 36.03732597800007], [127.63302200100009, 36.028725208000026], [127.63065853600006, 36.021079290000046], [127.62120467600005, 36.01247674600006], [127.62238640800001, 36.001005226000075], [127.60820561800006, 35.996224934000054], [127.5975700250001, 36.00769714900008], [127.59284309500003, 36.018211880000024], [127.56684497900005, 36.02585807600008], [127.55620938700008, 36.03063657100006], [127.54084686400006, 36.03254788900006], [127.53375646900008, 36.02012349800003], [127.53493820100005, 36.00387326300006], [127.5396651310001, 35.98953203800005], [127.53083898500006, 35.97596211800004], [127.54694460400003, 35.95950263200007], [127.55526400100007, 35.935011606000046], [127.55694797000001, 35.92101674400004], [127.57171962600012, 35.91204437600004], [127.58464482600004, 35.901575327000046], [127.58464482600004, 35.88811308600003], [127.57910545400011, 35.87315235600005], [127.60495585400008, 35.86567093100007], [127.61972751000008, 35.85818880000005], [127.62157396700002, 35.843222420000075], [127.62326531280065, 35.83362448735045], [127.62342042400007, 35.83274427300006], [127.62711333900006, 35.81777309000006], [127.64373145200011, 35.80729158300005], [127.65665665200004, 35.81028644000003], [127.67696768000008, 35.808789026000056], [127.68619996500001, 35.799803944000075], [127.69545183600007, 35.77719474600008], [127.70156248800004, 35.78177081600006], [127.7157432780001, 35.788481295000054], [127.72283367400007, 35.79998365600005], [127.74055966200001, 35.81340097300006], [127.74174139400009, 35.83160656200005], [127.75355871900001, 35.83448074700004], [127.77246644000002, 35.827774153000064], [127.7925558930001, 35.84406061200008], [127.81146361300011, 35.845976446000066], [127.83864346200005, 35.86225916700005], [127.85282425200012, 35.875665956000034], [127.86345984500008, 35.89864374500007], [127.88570901700007, 35.90695339400003], [127.88746378700012, 35.92400730700007], [127.91146772900004, 35.94194831100003], [127.9096212720001, 35.955401392000056], [127.90223544300011, 35.971840936000035], [127.87823150100007, 36.00769714900008], [127.87967575900007, 36.01937943900003]]]}}, {"type": "Feature", "properties": {"shapeName": "Hamyang-gun", "shapeISO": "", "shapeID": "91817680B59476098361869", "shapeGroup": "KOR", "shapeType": "ADM2"}, "geometry": {"type": "Polygon", "coordinates": [[[127.68619996500001, 35.77026581900003], [127.6708374420001, 35.76834815700005], [127.66492878000008, 35.75971810900006], [127.66847397700008, 35.70407979000004], [127.654293187, 35.69160380000005], [127.64602105900008, 35.66472581000005], [127.63656719900007, 35.65608453300007], [127.63065853600006, 35.642640689000075], [127.62947680400009, 35.63111559300006], [127.631840269, 35.61862819700008], [127.63065853600006, 35.60902118100006], [127.61765947800006, 35.60325641800006], [127.61411428100007, 35.57634869700007], [127.60347868800011, 35.570581581000056], [127.59520656000007, 35.56193012700004], [127.59332125300011, 35.551960628000074], [127.59284309500003, 35.54943193400004], [127.60229695500004, 35.53885501900004], [127.60702388600009, 35.537893412000074], [127.63538546600012, 35.523467924000045], [127.6424758610001, 35.49653340900005], [127.65311145400005, 35.48883617300004], [127.654293187, 35.47728893800007], [127.64365759400005, 35.474401870000065], [127.64011239600006, 35.462852561000034], [127.6424758610001, 35.448413593000055], [127.65783838400012, 35.44071175000005], [127.66729224500011, 35.43782337000005], [127.6708374420001, 35.42819468500005], [127.66374704700002, 35.41278639400008], [127.65296373800004, 35.40797069900003], [127.63819208100006, 35.39291979800004], [127.63080625300006, 35.38087705300006], [127.61603459600008, 35.36883251100005], [127.61418813900002, 35.35377430600005], [127.62711333900006, 35.344738035000034], [127.62711333900006, 35.33268810100003], [127.63198063567626, 35.32792289999552], [127.63634562400011, 35.32364947100007], [127.67696768000008, 35.317623156000025], [127.69049402049087, 35.3133779778239], [127.70097162200011, 35.31008963200003], [127.71943619300009, 35.320636370000045], [127.73236139200003, 35.335700753000026], [127.73790076300008, 35.36732681700005], [127.75082596300001, 35.37636056100007], [127.758211791, 35.39894049500003], [127.78221573300004, 35.430541783000024], [127.79144801900009, 35.451602421000075], [127.81175904700001, 35.46664236100003], [127.819144875, 35.47716864600005], [127.815451961, 35.50873923000006], [127.82283778900012, 35.52677399400005], [127.86881450949984, 35.56328192995973], [127.86700504200007, 35.56769786700005], [127.85400598400008, 35.56865911600005], [127.84218865900004, 35.57634869700007], [127.8469155890001, 35.58499859400007], [127.86345984500008, 35.59653033500007], [127.8693685070001, 35.609981935000064], [127.87527717000012, 35.629194582000025], [127.87527717000012, 35.64360103800004], [127.8788223680001, 35.65320390000005], [127.87645890300007, 35.66280560700005], [127.86464157700004, 35.66472581000005], [127.85518771700004, 35.65320390000005], [127.84218865900004, 35.65224366600006], [127.81382707800003, 35.67336615100004], [127.79964628800008, 35.69256356100004], [127.77482990500005, 35.70503940000003], [127.76301258, 35.72039159900004], [127.75001352200002, 35.725188555000045], [127.72992406900005, 35.715594355000064], [127.71219808100011, 35.73286308400003], [127.70865288300001, 35.74725083100003], [127.68619996500001, 35.77026581900003]]]}}, {"type": "Feature", "properties": {"shapeName": "Sancheong-gun", "shapeISO": "", "shapeID": "91817680B92610564128426", "shapeGroup": "KOR", "shapeType": "ADM2"}, "geometry": {"type": "Polygon", "coordinates": [[[127.95950788406894, 35.51167289664877], [127.92018300600012, 35.510963737000054], [127.91309261100002, 35.522506133000036], [127.90245701800006, 35.527314974000035], [127.88827622800011, 35.527314974000035], [127.87764063500003, 35.525391472000024], [127.87173197200002, 35.54462441800007], [127.87173197200002, 35.55616197300003], [127.86881450949984, 35.56328192995973], [127.82283778900012, 35.52677399400005], [127.815451961, 35.50873923000006], [127.819144875, 35.47716864600005], [127.81175904700001, 35.46664236100003], [127.79144801900009, 35.451602421000075], [127.78221573300004, 35.430541783000024], [127.758211791, 35.39894049500003], [127.75082596300001, 35.37636056100007], [127.73790076300008, 35.36732681700005], [127.73236139200003, 35.335700753000026], [127.71943619300009, 35.320636370000045], [127.70097162200011, 35.31008963200003], [127.69049402049087, 35.3133779778239], [127.68974516300011, 35.29520132400006], [127.69919902300012, 35.275908755000046], [127.71337981300007, 35.25854151200008], [127.72637887100007, 35.251786579000054], [127.74528659200007, 35.246961283000076], [127.75828564900007, 35.23634461900008], [127.76301258, 35.22572656600005], [127.78073856800006, 35.216072584000074], [127.8150088110001, 35.214141650000045], [127.82682613600002, 35.21896889900006], [127.85046078700009, 35.23441416700007], [127.85755118200007, 35.24406596700004], [127.86109638000005, 35.25564661000004], [127.87645890300007, 35.25757655600006], [127.88827622800011, 35.25468162000004], [127.89063969300003, 35.237309828000036], [127.89536662300009, 35.220899718000055], [127.90363875100002, 35.21703803400004], [127.91191087900006, 35.22572656600005], [127.91427434400009, 35.241170547000024], [127.92609166900002, 35.248891436000065], [127.939090727, 35.248891436000065], [127.94736285400006, 35.240205385000024], [127.9686340400001, 35.237309828000036], [127.97336097000004, 35.24503108400006], [127.97454270300011, 35.26722559900003], [127.98990522600002, 35.28169700800004], [128.00526774800005, 35.291343178000034], [128.01472160900005, 35.30098819800003], [128.02772066700004, 35.30002374800006], [128.04781012, 35.30677465900004], [128.05017358500004, 35.31545357300007], [128.05017358500004, 35.324131557000044], [128.05726398000002, 35.32991636200006], [128.10035154707992, 35.33696136220566], [128.09744288600007, 35.34052076200004], [128.0903524910001, 35.36268910300004], [128.0678995730001, 35.39063181400007], [128.05726398000002, 35.40700752600003], [128.0419014570001, 35.409897012000044], [128.02535720100002, 35.41567567300007], [128.00172255100006, 35.43300917100004], [127.98399656300012, 35.45418949100008], [127.98045136500002, 35.475364238000054], [127.97336097000004, 35.48498727900005], [127.961543645, 35.507115903000056], [127.95950788406894, 35.51167289664877]]]}}, {"type": "Feature", "properties": {"shapeName": "Jinju-si", "shapeISO": "", "shapeID": "91817680B32789615967236", "shapeGroup": "KOR", "shapeType": "ADM2"}, "geometry": {"type": "Polygon", "coordinates": [[[128.10035154707992, 35.33696136220566], [128.05726398000002, 35.32991636200006], [128.05017358500004, 35.324131557000044], [128.05017358500004, 35.31545357300007], [128.04781012, 35.30677465900004], [128.02772066700004, 35.30002374800006], [128.01472160900005, 35.30098819800003], [128.00526774800005, 35.291343178000034], [127.98990522600002, 35.28169700800004], [127.97454270300011, 35.26722559900003], [127.97336097000004, 35.24503108400006], [127.9686340400001, 35.237309828000036], [127.94736285400006, 35.240205385000024], [127.939090727, 35.248891436000065], [127.92609166900002, 35.248891436000065], [127.91427434400009, 35.241170547000024], [127.91191087900006, 35.22572656600005], [127.90363875100002, 35.21703803400004], [127.89536662300009, 35.220899718000055], [127.89300315800006, 35.194829782000056], [127.9012752860001, 35.18420629800005], [127.91309261100002, 35.17841108500005], [127.9331820640001, 35.17164948000004], [127.93554552900002, 35.161022966000075], [127.93790899400005, 35.161022966000075], [127.94027245900008, 35.15812458500005], [127.94263592400011, 35.152327512000056], [127.99345042300001, 35.151361293000036], [128.00644948100012, 35.14653002700004], [128.0005408180001, 35.12333595500007], [128.00526774800005, 35.113669809000044], [128.01708507400008, 35.10593606600003], [128.04308318900007, 35.11946963400004], [128.05726398000002, 35.12236939200005], [128.08444382800008, 35.10593606600003], [128.09153422300005, 35.10013527700005], [128.10689674600007, 35.10110210400006], [128.11989580400007, 35.11076974100007], [128.13998525700003, 35.11076974100007], [128.16125644300007, 35.10593606600003], [128.17071030300008, 35.09336716800004], [128.17071030300008, 35.08659849800006], [128.1506208500001, 35.07886218700003], [128.1506208500001, 35.06725634400004], [128.15534778000006, 35.059518199000024], [128.16834683800005, 35.05468148600005], [128.18134589600004, 35.043072205000044], [128.19434495300004, 35.05081190900006], [128.2085257440001, 35.06435462600007], [128.2085257440001, 35.07209231300004], [128.18843629100002, 35.07209231300004], [128.18489109300003, 35.08079633300008], [128.18725455800006, 35.08949942500004], [128.1990718840001, 35.096267855000065], [128.20616227900007, 35.10400251500005], [128.2215248020001, 35.11076974100007], [128.2345238590001, 35.109803029000034], [128.24515945200005, 35.12236939200005], [128.2593402430001, 35.12623557500007], [128.27352103300007, 35.12720209300005], [128.29006528800005, 35.12623557500007], [128.300700881, 35.11753640500007], [128.33378939200009, 35.11656977300004], [128.345606717, 35.11850302500005], [128.35033364700007, 35.12720209300005], [128.3491519150001, 35.133967392000045], [128.3621509730001, 35.14556373900007], [128.36451443800001, 35.15522610000005], [128.36296909500004, 35.19720687500006], [128.35860577500011, 35.202555080000025], [128.35033364700007, 35.204486290000034], [128.33142592700005, 35.20352069100005], [128.3207903340001, 35.205451878000076], [128.31842686900006, 35.21510712300005], [128.30897300900006, 35.22186511100006], [128.3077912760001, 35.23924021100004], [128.29715568400002, 35.24599618900004], [128.27441187700003, 35.260055728000054], [128.26997583500008, 35.253716618000055], [128.2439777200001, 35.24792636500007], [128.2309786620001, 35.248891436000065], [128.2215248020001, 35.26240122100006], [128.21088920900002, 35.26143631100007], [128.20261708100008, 35.248891436000065], [128.19434495300004, 35.251786579000054], [128.19079975600005, 35.27204968900003], [128.18370936100007, 35.27687349200005], [128.1801641630001, 35.28266167700008], [128.17543723300003, 35.31159639300006], [128.17543723300003, 35.32702401100005], [128.15889297700005, 35.34148473000005], [128.14943911700004, 35.34148473000005], [128.1222592690001, 35.32605987100004], [128.11162367600002, 35.323167382000065], [128.10035154707992, 35.33696136220566]]]}}, {"type": "Feature", "properties": {"shapeName": "Jangsu-gun", "shapeISO": "", "shapeID": "91817680B93090957259339", "shapeGroup": "KOR", "shapeType": "ADM2"}, "geometry": {"type": "Polygon", "coordinates": [[[127.62326531280065, 35.83362448735045], [127.61293254800012, 35.83064847700007], [127.60347868800011, 35.816275817000076], [127.5975700250001, 35.798066712000036], [127.59284309500003, 35.79231560000005], [127.57866230500008, 35.78656407300008], [127.56920844500007, 35.78752269000006], [127.56329978200006, 35.79614972100006], [127.54675552600008, 35.80669259800004], [127.54084686400006, 35.80860933400004], [127.51957567800002, 35.799025190000066], [127.51603048100003, 35.765471579000064], [127.52075741100009, 35.753005202000054], [127.52193914300005, 35.74149604400003], [127.49948622500006, 35.72710725700006], [127.4888506320001, 35.715594355000064], [127.48294197000007, 35.70216053400003], [127.47348811000006, 35.690644028000065], [127.46876117900001, 35.67912585900007], [127.47230637700011, 35.66376571400008], [127.48057850500004, 35.654164122000054], [127.47939677200009, 35.642640689000075], [127.47466984200003, 35.63687834900003], [127.47348811000006, 35.62727352500008], [127.46876117900001, 35.613824833000024], [127.45221692400003, 35.613824833000024], [127.43941785200002, 35.612524181000026], [127.43330920300002, 35.61190340700006], [127.41321975000005, 35.60037388000006], [127.39431203000004, 35.60421724100007], [127.38013124000008, 35.59556942000006], [127.38013124000008, 35.570581581000056], [127.369495647, 35.553277740000055], [127.37185899807558, 35.55135482629441], [127.38485817000003, 35.540778198000055], [127.39549376200011, 35.540778198000055], [127.41085628500002, 35.550393403000044], [127.42031014600002, 35.550393403000044], [127.4439447960001, 35.543662881000046], [127.46876117900001, 35.540778198000055], [127.48294197000007, 35.535008522000055], [127.49948622500006, 35.524429704000056], [127.53375646900008, 35.48979836800004], [127.52193914300005, 35.47825127100003], [127.5302112710001, 35.47055228500005], [127.56093631700003, 35.46958986000004], [127.56920844500007, 35.47632659400006], [127.56920844500007, 35.48402502700003], [127.57866230500008, 35.48979836800004], [127.58693443300001, 35.49845760200003], [127.5751171070001, 35.512887585000044], [127.56920844500007, 35.524429704000056], [127.57748057200001, 35.537893412000074], [127.59332125300011, 35.551960628000074], [127.59520656000007, 35.56193012700004], [127.60347868800011, 35.570581581000056], [127.61411428100007, 35.57634869700007], [127.61765947800006, 35.60325641800006], [127.63065853600006, 35.60902118100006], [127.631840269, 35.61862819700008], [127.62947680400009, 35.63111559300006], [127.63065853600006, 35.642640689000075], [127.63656719900007, 35.65608453300007], [127.64602105900008, 35.66472581000005], [127.654293187, 35.69160380000005], [127.66847397700008, 35.70407979000004], [127.66492878000008, 35.75971810900006], [127.6708374420001, 35.76834815700005], [127.68619996500001, 35.77026581900003], [127.69545183600007, 35.77719474600008], [127.68619996500001, 35.799803944000075], [127.67696768000008, 35.808789026000056], [127.65665665200004, 35.81028644000003], [127.64373145200011, 35.80729158300005], [127.62711333900006, 35.81777309000006], [127.62342042400007, 35.83274427300006], [127.62326531280065, 35.83362448735045]]]}}, {"type": "Feature", "properties": {"shapeName": "Jinan-gun", "shapeISO": "", "shapeID": "91817680B51132506733028", "shapeGroup": "KOR", "shapeType": "ADM2"}, "geometry": {"type": "Polygon", "coordinates": [[[127.39067579651805, 36.01593254970431], [127.37185911200004, 36.01152085000007], [127.36831391400005, 35.99718101600007], [127.36831391400005, 35.98666348000006], [127.36240525200003, 35.97901348200003], [127.35295139100003, 35.97614454200004], [127.35058792600012, 35.96753709500007], [127.34940619400004, 35.95701560800006], [127.35531485600006, 35.93788204100008], [127.35649658900002, 35.919700860000034], [127.34586099600006, 35.90247272800008], [127.33758886800001, 35.89960100800005], [127.33640713600005, 35.88811308600003], [127.32577154300009, 35.873750839000024], [127.32695327600004, 35.842144731000076], [127.31749941500004, 35.82202519300006], [127.3092272880001, 35.81052602400007], [127.30568209000012, 35.799025190000066], [127.28559263700004, 35.785605445000044], [127.27613877700003, 35.77601852500004], [127.26850296700002, 35.76672548500005], [127.26668491700002, 35.764512696000054], [127.27968397400002, 35.74629172900006], [127.28441090500007, 35.734781600000076], [127.29504649700004, 35.726147912000044], [127.29859169500003, 35.714634871000044], [127.29859169500003, 35.678165937000074], [127.32577154300009, 35.67432613100004], [127.32813500800012, 35.66376571400008], [127.33877060100008, 35.65896506300004], [127.37540430900003, 35.65800489800006], [127.38722163500006, 35.65512433400005], [127.41440148300012, 35.63783876800005], [127.42503707600008, 35.63783876800005], [127.43567266900004, 35.63015509300004], [127.43941785200002, 35.612524181000026], [127.45221692400003, 35.613824833000024], [127.46876117900001, 35.613824833000024], [127.47348811000006, 35.62727352500008], [127.47466984200003, 35.63687834900003], [127.47939677200009, 35.642640689000075], [127.48057850500004, 35.654164122000054], [127.47230637700011, 35.66376571400008], [127.46876117900001, 35.67912585900007], [127.47348811000006, 35.690644028000065], [127.48294197000007, 35.70216053400003], [127.4888506320001, 35.715594355000064], [127.49948622500006, 35.72710725700006], [127.52193914300005, 35.74149604400003], [127.52075741100009, 35.753005202000054], [127.51603048100003, 35.765471579000064], [127.51957567800002, 35.799025190000066], [127.54084686400006, 35.80860933400004], [127.54675552600008, 35.80669259800004], [127.56329978200006, 35.79614972100006], [127.56920844500007, 35.78752269000006], [127.57866230500008, 35.78656407300008], [127.59284309500003, 35.79231560000005], [127.5975700250001, 35.798066712000036], [127.60347868800011, 35.816275817000076], [127.61293254800012, 35.83064847700007], [127.62326531280065, 35.83362448735045], [127.62157396700002, 35.843222420000075], [127.61972751000008, 35.85818880000005], [127.60495585400008, 35.86567093100007], [127.57910545400011, 35.87315235600005], [127.58464482600004, 35.88811308600003], [127.58464482600004, 35.901575327000046], [127.57171962600012, 35.91204437600004], [127.55694797000001, 35.92101674400004], [127.55526400100007, 35.935011606000046], [127.54694460400003, 35.95950263200007], [127.53083898500006, 35.97596211800004], [127.52784780600007, 35.97136274300004], [127.50421315500012, 35.97710086700005], [127.47466984200003, 35.97423185700006], [127.45930731900012, 35.97996977200006], [127.44748999400008, 35.99526884100004], [127.43449093600009, 36.02394659600003], [127.41321975000005, 36.005785229000026], [127.39667549500007, 36.00865309100004], [127.39067579651805, 36.01593254970431]]]}}, {"type": "Feature", "properties": {"shapeName": "Jeonju-si", "shapeISO": "", "shapeID": "91817680B88957070935676", "shapeGroup": "KOR", "shapeType": "ADM2"}, "geometry": {"type": "Polygon", "coordinates": [[[127.04130504563719, 35.89065062588374], [126.99980336200008, 35.88645633800007], [126.99724990000004, 35.88619827000008], [127.00788549200001, 35.86992046700004], [127.01138802981353, 35.862540361932645], [127.01379415500003, 35.85747047900003], [127.01733935300001, 35.853639319000024], [127.05397306100008, 35.84406061200008], [127.06342692100009, 35.835438785000065], [127.062245189, 35.827774153000064], [127.06579038600012, 35.811484352000036], [127.07406251400005, 35.80285898600005], [127.06815385100003, 35.791357041000026], [127.06815385100003, 35.788481295000054], [127.06815385100003, 35.78081213000007], [127.07288078200008, 35.77122463200004], [127.0693355840001, 35.76259489600005], [127.06342692100009, 35.75875915700004], [127.0504278630001, 35.756841218000034], [127.09372293100012, 35.72150989700003], [127.09769716500011, 35.723269808000055], [127.10360582700002, 35.73670007100003], [127.1142414200001, 35.74916900100004], [127.14496646600003, 35.754923233000056], [127.15442032600004, 35.76163597900006], [127.16151072100001, 35.773142224000026], [127.17569151200007, 35.77601852500004], [127.18987230200003, 35.765471579000064], [127.20168962700006, 35.765471579000064], [127.22177908000003, 35.78943988900005], [127.23241467300011, 35.79614972100006], [127.24068680100004, 35.80765097200003], [127.22532427800002, 35.814359266000054], [127.20878002300003, 35.81915055700006], [127.20641655800011, 35.83927082400004], [127.20168962700006, 35.853639319000024], [127.18396363900001, 35.85076582900007], [127.16978284900006, 35.856512706000046], [127.16387418600004, 35.86321687000003], [127.15442032600004, 35.88715568400005], [127.14378473300007, 35.89289992300007], [127.11896835000005, 35.89864374500007], [127.10006063000003, 35.89098522300003], [127.08706157200004, 35.889070477000075], [127.06697211900007, 35.89385725600005], [127.05160959600005, 35.88619827000008], [127.04130504563719, 35.89065062588374]]]}}, {"type": "Feature", "properties": {"shapeName": "Wanju-gun", "shapeISO": "", "shapeID": "91817680B60221740281290", "shapeGroup": "KOR", "shapeType": "ADM2"}, "geometry": {"type": "MultiPolygon", "coordinates": [[[[127.01138802981353, 35.862540361932645], [127.00906722500008, 35.84022880500004], [127.00434029500002, 35.84022880500004], [126.99961336500007, 35.83160656200005], [126.99606816700009, 35.81340097300006], [127.00434029500002, 35.80477581500003], [127.02206628300007, 35.79710822200008], [127.0279749450001, 35.788481295000054], [127.06815385100003, 35.788481295000054], [127.06815385100003, 35.791357041000026], [127.07406251400005, 35.80285898600005], [127.06579038600012, 35.811484352000036], [127.062245189, 35.827774153000064], [127.06342692100009, 35.835438785000065], [127.05397306100008, 35.84406061200008], [127.01733935300001, 35.853639319000024], [127.01379415500003, 35.85747047900003], [127.01138802981353, 35.862540361932645]]], [[[127.3312790382166, 36.1288164040301], [127.3127724850001, 36.11469063800007], [127.2903195670001, 36.10227921500007], [127.2548675910001, 36.09655020500003], [127.24895892900008, 36.09082077700003], [127.25959452100005, 36.07458513000006], [127.22768774300005, 36.07840558400005], [127.21823388300004, 36.09082077700003], [127.19932616200003, 36.09082077700003], [127.19105403500009, 36.08700092600003], [127.17687324400003, 36.07649538000004], [127.16032898900005, 36.07458513000006], [127.14260300100011, 36.07936066800005], [127.12251354800003, 36.05548007600004], [127.13433087300007, 36.04974765500003], [127.13078567600007, 36.03732597800007], [127.11896835000005, 36.028725208000026], [127.12133181500008, 36.018211880000024], [127.13078567600007, 36.01056494200003], [127.1236952800001, 35.99526884100004], [127.11187795500007, 35.98475105000006], [127.11305968800002, 35.96466773800006], [127.11187795500007, 35.95223265100003], [127.09887889700008, 35.938838829000076], [127.09533370000008, 35.926399676000074], [127.07406251400005, 35.91108726300007], [127.05988172400009, 35.914915644000075], [127.04333746800012, 35.916829766000035], [127.03270187600003, 35.91108726300007], [127.03388360800011, 35.89385725600005], [127.04130504563719, 35.89065062588374], [127.05160959600005, 35.88619827000008], [127.06697211900007, 35.89385725600005], [127.08706157200004, 35.889070477000075], [127.10006063000003, 35.89098522300003], [127.11896835000005, 35.89864374500007], [127.14378473300007, 35.89289992300007], [127.15442032600004, 35.88715568400005], [127.16387418600004, 35.86321687000003], [127.16978284900006, 35.856512706000046], [127.18396363900001, 35.85076582900007], [127.20168962700006, 35.853639319000024], [127.20641655800011, 35.83927082400004], [127.20878002300003, 35.81915055700006], [127.22532427800002, 35.814359266000054], [127.24068680100004, 35.80765097200003], [127.23241467300011, 35.79614972100006], [127.22177908000003, 35.78943988900005], [127.20168962700006, 35.765471579000064], [127.18987230200003, 35.765471579000064], [127.17569151200007, 35.77601852500004], [127.16151072100001, 35.773142224000026], [127.15442032600004, 35.76163597900006], [127.14496646600003, 35.754923233000056], [127.1142414200001, 35.74916900100004], [127.10360582700002, 35.73670007100003], [127.09769716500011, 35.723269808000055], [127.09372293100012, 35.72150989700003], [127.084698107, 35.71751328700003], [127.07878944400011, 35.70695858700003], [127.07051731600006, 35.70120088800007], [127.06815385100003, 35.670486141000026], [127.06922925598577, 35.66955780169304], [127.08706157200004, 35.654164122000054], [127.09415196700002, 35.64360103800004], [127.09533370000008, 35.62823405900008], [127.10478756000009, 35.61766754800004], [127.11896835000005, 35.62054946200004], [127.13787607100005, 35.63687834900003], [127.129603943, 35.66184548800004], [127.129603943, 35.68296543300005], [127.14260300100011, 35.703120167000066], [127.17096458200001, 35.72231041600003], [127.1816001740001, 35.726147912000044], [127.19814443000007, 35.72135101400005], [127.20996175500011, 35.709837280000045], [127.2229608130001, 35.70407979000004], [127.2454137310001, 35.68008577000006], [127.2548675910001, 35.686804823000045], [127.25604932400006, 35.70216053400003], [127.25959452100005, 35.714634871000044], [127.25604932400006, 35.725188555000045], [127.24659546400005, 35.73670007100003], [127.2454137310001, 35.74725083100003], [127.25132239400011, 35.75396422400007], [127.26850296700002, 35.76672548500005], [127.27613877700003, 35.77601852500004], [127.28559263700004, 35.785605445000044], [127.30568209000012, 35.799025190000066], [127.3092272880001, 35.81052602400007], [127.31749941500004, 35.82202519300006], [127.32695327600004, 35.842144731000076], [127.32577154300009, 35.873750839000024], [127.33640713600005, 35.88811308600003], [127.33758886800001, 35.89960100800005], [127.34586099600006, 35.90247272800008], [127.35649658900002, 35.919700860000034], [127.35531485600006, 35.93788204100008], [127.34940619400004, 35.95701560800006], [127.35058792600012, 35.96753709500007], [127.35295139100003, 35.97614454200004], [127.36240525200003, 35.97901348200003], [127.36831391400005, 35.98666348000006], [127.36831391400005, 35.99718101600007], [127.37185911200004, 36.01152085000007], [127.39067579651805, 36.01593254970431], [127.38722163500006, 36.02012349800003], [127.38013124000008, 36.033503530000075], [127.37067737900009, 36.04592581000003], [127.35767832200008, 36.10227921500007], [127.34467926400009, 36.11755453400008], [127.33404367100002, 36.12137289900005], [127.3312790382166, 36.1288164040301]]]]}}, {"type": "Feature", "properties": {"shapeName": "Iksan-si", "shapeISO": "", "shapeID": "91817680B56582975498752", "shapeGroup": "KOR", "shapeType": "ADM2"}, "geometry": {"type": "Polygon", "coordinates": [[[127.00656463900995, 36.140967168852065], [126.98425084200005, 36.13950759800008], [126.96534312100005, 36.14905049400005], [126.94998059800002, 36.15095893400007], [126.94052673800002, 36.14237058900005], [126.92752768000003, 36.133781304000024], [126.9157103550001, 36.133781304000024], [126.90034783200008, 36.13664450300007], [126.89207570400004, 36.126145595000025], [126.87789491400008, 36.11755453400008], [126.8743497160001, 36.10132440900003], [126.87671318100001, 36.072674833000065], [126.86844105400007, 36.068854101000056], [126.86852274196191, 36.065992292257846], [126.86929190100011, 36.03904602000006], [126.89960924900004, 36.00321601400003], [126.91253444900008, 35.997240770000076], [126.91807382000002, 35.98827705600007], [126.90699507800002, 35.97482957600005], [126.8903769640001, 35.96287433600003], [126.88299113500011, 35.943443211000044], [126.87191239300012, 35.931483220000075], [126.85529427900008, 35.918026068000074], [126.85086064200004, 35.90964752900004], [126.84975490800002, 35.90755781000007], [126.88114467800006, 35.901575327000046], [126.8940698780001, 35.90755781000007], [126.92361319100007, 35.89708816800004], [126.93838484800006, 35.90755781000007], [126.9550029620001, 35.90307099000006], [126.99980336200008, 35.88645633800007], [127.04130504563719, 35.89065062588374], [127.03388360800011, 35.89385725600005], [127.03270187600003, 35.91108726300007], [127.04333746800012, 35.916829766000035], [127.05988172400009, 35.914915644000075], [127.07406251400005, 35.91108726300007], [127.09533370000008, 35.926399676000074], [127.09887889700008, 35.938838829000076], [127.11187795500007, 35.95223265100003], [127.11305968800002, 35.96466773800006], [127.11187795500007, 35.98475105000006], [127.1236952800001, 35.99526884100004], [127.13078567600007, 36.01056494200003], [127.12133181500008, 36.018211880000024], [127.11896835000005, 36.028725208000026], [127.13078567600007, 36.03732597800007], [127.13433087300007, 36.04974765500003], [127.12251354800003, 36.05548007600004], [127.11305968800002, 36.06216737300008], [127.09769716500011, 36.06694366500005], [127.08706157200004, 36.07649538000004], [127.07406251400005, 36.08413591600004], [127.06579038600012, 36.09464044200007], [127.06579038600012, 36.111826637000036], [127.05397306100008, 36.12996354200004], [127.03152014300008, 36.131872446000045], [127.02324801500004, 36.14046194000008], [127.00906722500008, 36.13759888000004], [127.00656463900995, 36.140967168852065]]]}}, {"type": "Feature", "properties": {"shapeName": "Imsil-gun", "shapeISO": "", "shapeID": "91817680B86480113122364", "shapeGroup": "KOR", "shapeType": "ADM2"}, "geometry": {"type": "Polygon", "coordinates": [[[127.43941785200002, 35.612524181000026], [127.43567266900004, 35.63015509300004], [127.42503707600008, 35.63783876800005], [127.41440148300012, 35.63783876800005], [127.38722163500006, 35.65512433400005], [127.37540430900003, 35.65800489800006], [127.33877060100008, 35.65896506300004], [127.32813500800012, 35.66376571400008], [127.32577154300009, 35.67432613100004], [127.29859169500003, 35.678165937000074], [127.29859169500003, 35.714634871000044], [127.29504649700004, 35.726147912000044], [127.28441090500007, 35.734781600000076], [127.27968397400002, 35.74629172900006], [127.26668491700002, 35.764512696000054], [127.26850296700002, 35.76672548500005], [127.25132239400011, 35.75396422400007], [127.2454137310001, 35.74725083100003], [127.24659546400005, 35.73670007100003], [127.25604932400006, 35.725188555000045], [127.25959452100005, 35.714634871000044], [127.25604932400006, 35.70216053400003], [127.2548675910001, 35.686804823000045], [127.2454137310001, 35.68008577000006], [127.2229608130001, 35.70407979000004], [127.20996175500011, 35.709837280000045], [127.19814443000007, 35.72135101400005], [127.1816001740001, 35.726147912000044], [127.17096458200001, 35.72231041600003], [127.14260300100011, 35.703120167000066], [127.129603943, 35.68296543300005], [127.129603943, 35.66184548800004], [127.13787607100005, 35.63687834900003], [127.11896835000005, 35.62054946200004], [127.10478756000009, 35.61766754800004], [127.10124236200011, 35.599413011000024], [127.107151025, 35.59268660600003], [127.10242409500006, 35.58595963600004], [127.0917885020001, 35.58211539900003], [127.0917885020001, 35.54943193400004], [127.11778661800008, 35.536931793000065], [127.12015008300011, 35.53020014100008], [127.10006063000003, 35.523467924000045], [127.09415196700002, 35.51769700300008], [127.09297023500005, 35.512887585000044], [127.09415196700002, 35.503267884000024], [127.10833275700008, 35.502305851000074], [127.11896835000005, 35.50615391600007], [127.13433087300007, 35.50038175000003], [127.14260300100011, 35.46958986000004], [127.14851166400001, 35.45900242300007], [127.16741938400003, 35.45033893900006], [127.1780549770001, 35.457077285000025], [127.18396363900001, 35.46766497500005], [127.19223576700006, 35.47728893800007], [127.20641655800011, 35.48402502700003], [127.22532427800002, 35.47728893800007], [127.22886947600011, 35.47151469800008], [127.25250412600008, 35.47632659400006], [127.2867743700001, 35.46477756100006], [127.29150130000005, 35.47247710000005], [127.30213689300001, 35.47728893800007], [127.31100627761897, 35.48852337771285], [127.3127724850001, 35.49076055100005], [127.3541331240001, 35.49076055100005], [127.36004178700011, 35.50038175000003], [127.3541331240001, 35.50903984300004], [127.34113406600011, 35.514811387000066], [127.35176965900007, 35.522506133000036], [127.34822446100009, 35.53116184000004], [127.33640713600005, 35.539816614000074], [127.33877060100008, 35.54558594500003], [127.35886005400005, 35.54750896300004], [127.37185899807558, 35.55135482629441], [127.369495647, 35.553277740000055], [127.38013124000008, 35.570581581000056], [127.38013124000008, 35.59556942000006], [127.39431203000004, 35.60421724100007], [127.41321975000005, 35.60037388000006], [127.43330920300002, 35.61190340700006], [127.43941785200002, 35.612524181000026]]]}}, {"type": "Feature", "properties": {"shapeName": "Jeongeup-si", "shapeISO": "", "shapeID": "91817680B14892127844453", "shapeGroup": "KOR", "shapeType": "ADM2"}, "geometry": {"type": "Polygon", "coordinates": [[[127.06922925598577, 35.66955780169304], [127.05397306100008, 35.665685894000035], [127.02915667800005, 35.66664596600003], [127.02324801500004, 35.66856607700004], [127.01970281800004, 35.67624605700007], [127.01143069000011, 35.678165937000074], [127.00079509700004, 35.685844993000046], [126.975978714, 35.715594355000064], [126.96179792400005, 35.718472736000024], [126.94170847100008, 35.718472736000024], [126.92989114500006, 35.725188555000045], [126.92516421500011, 35.73957768900004], [126.90389303000006, 35.74820992200006], [126.88498530900006, 35.74629172900006], [126.88262184400003, 35.734781600000076], [126.87316798400002, 35.718472736000024], [126.85426026300001, 35.718472736000024], [126.83653427500008, 35.715594355000064], [126.82525433900003, 35.707351310000035], [126.82471695000004, 35.70695858700003], [126.83417081000005, 35.69832188300006], [126.8388977400001, 35.685844993000046], [126.82826214800002, 35.67528610000005], [126.799900567, 35.67624605700007], [126.76326685800007, 35.66856607700004], [126.72663315000011, 35.635917918000075], [126.72899661500003, 35.57250399900005], [126.73489558980165, 35.57110449199857], [126.75735819600004, 35.56577533300003], [126.76917552100008, 35.56289144600004], [126.77272071900006, 35.550393403000044], [126.77272071900006, 35.537893412000074], [126.76799378900012, 35.503267884000024], [126.7750841840001, 35.47151469800008], [126.77807854797994, 35.46883203678669], [126.78690150900002, 35.46092751500004], [126.80580923000002, 35.45996497500005], [126.81880828700002, 35.462852561000034], [126.822353485, 35.479213593000054], [126.84126120500002, 35.48113820100008], [126.84953333300007, 35.47632659400006], [126.85426026300001, 35.46189004400003], [126.86371412400001, 35.46189004400003], [126.87316798400002, 35.479213593000054], [126.8968026340001, 35.479213593000054], [126.931072878, 35.47151469800008], [126.93698154100002, 35.47343949100008], [126.94289020300005, 35.479213593000054], [126.94761713300011, 35.48979836800004], [126.94052673800002, 35.50519191700005], [126.94407193600011, 35.52827670800008], [126.97243351600002, 35.54173977000005], [126.99015950400008, 35.54654745900007], [126.99724990000004, 35.53885501900004], [127.01379415500003, 35.53597016300006], [127.03033841000001, 35.53597016300006], [127.05515479400003, 35.51384949100003], [127.07051731600006, 35.504229906000035], [127.09415196700002, 35.503267884000024], [127.09297023500005, 35.512887585000044], [127.09415196700002, 35.51769700300008], [127.10006063000003, 35.523467924000045], [127.12015008300011, 35.53020014100008], [127.11778661800008, 35.536931793000065], [127.0917885020001, 35.54943193400004], [127.0917885020001, 35.58211539900003], [127.10242409500006, 35.58595963600004], [127.107151025, 35.59268660600003], [127.10124236200011, 35.599413011000024], [127.10478756000009, 35.61766754800004], [127.09533370000008, 35.62823405900008], [127.09415196700002, 35.64360103800004], [127.08706157200004, 35.654164122000054], [127.06922925598577, 35.66955780169304]]]}}, {"type": "Feature", "properties": {"shapeName": "Namwon-si", "shapeISO": "", "shapeID": "91817680B21680824294868", "shapeGroup": "KOR", "shapeType": "ADM2"}, "geometry": {"type": "Polygon", "coordinates": [[[127.59332125300011, 35.551960628000074], [127.57748057200001, 35.537893412000074], [127.56920844500007, 35.524429704000056], [127.5751171070001, 35.512887585000044], [127.58693443300001, 35.49845760200003], [127.57866230500008, 35.48979836800004], [127.56920844500007, 35.48402502700003], [127.56920844500007, 35.47632659400006], [127.56093631700003, 35.46958986000004], [127.5302112710001, 35.47055228500005], [127.52193914300005, 35.47825127100003], [127.53375646900008, 35.48979836800004], [127.49948622500006, 35.524429704000056], [127.48294197000007, 35.535008522000055], [127.46876117900001, 35.540778198000055], [127.4439447960001, 35.543662881000046], [127.42031014600002, 35.550393403000044], [127.41085628500002, 35.550393403000044], [127.39549376200011, 35.540778198000055], [127.38485817000003, 35.540778198000055], [127.37185899807558, 35.55135482629441], [127.35886005400005, 35.54750896300004], [127.33877060100008, 35.54558594500003], [127.33640713600005, 35.539816614000074], [127.34822446100009, 35.53116184000004], [127.35176965900007, 35.522506133000036], [127.34113406600011, 35.514811387000066], [127.3541331240001, 35.50903984300004], [127.36004178700011, 35.50038175000003], [127.3541331240001, 35.49076055100005], [127.3127724850001, 35.49076055100005], [127.31100627761897, 35.48852337771285], [127.3092272880001, 35.45322687000004], [127.30568209000012, 35.44456276400007], [127.29740996200007, 35.43397203400008], [127.2903195670001, 35.42049090800003], [127.27259357900004, 35.417601802000036], [127.25841278900009, 35.40700752600003], [127.25250412600008, 35.393521888000066], [127.238323336, 35.39063181400007], [127.21232522000003, 35.35883417600007], [127.20168962700006, 35.35401525900005], [127.19215426800008, 35.33586696500004], [127.19105403500009, 35.33377266800005], [127.18987230200003, 35.318346338000026], [127.19814443000007, 35.30870338700004], [127.21823388300004, 35.30870338700004], [127.22886947600011, 35.31545357300007], [127.23477813800002, 35.33280860900004], [127.2454137310001, 35.325095720000036], [127.2548675910001, 35.31256070500007], [127.26668491700002, 35.30773902800007], [127.29504649700004, 35.30966773400007], [127.31159075300002, 35.30098819800003], [127.32340807800006, 35.299059286000045], [127.3316802060001, 35.30098819800003], [127.35767832200008, 35.318346338000026], [127.37185911200004, 35.318346338000026], [127.38013124000008, 35.30773902800007], [127.38775952700007, 35.30220538400005], [127.39076683200005, 35.30002374800006], [127.40022069300005, 35.30484588400003], [127.40967455300006, 35.31738209500003], [127.41676494800004, 35.330880456000045], [127.43921786600004, 35.35883417600007], [127.45812558700004, 35.36076166200007], [127.47939677200009, 35.36076166200007], [127.49357756300003, 35.35690664400005], [127.51130355100008, 35.347268292000024], [127.52548434100004, 35.334736716000066], [127.55384592200005, 35.31738209500003], [127.58338923500003, 35.30388148000003], [127.59166136300007, 35.30966773400007], [127.61056908300009, 35.31738209500003], [127.63198063567626, 35.32792289999552], [127.62711333900006, 35.33268810100003], [127.62711333900006, 35.344738035000034], [127.61418813900002, 35.35377430600005], [127.61603459600008, 35.36883251100005], [127.63080625300006, 35.38087705300006], [127.63819208100006, 35.39291979800004], [127.65296373800004, 35.40797069900003], [127.66374704700002, 35.41278639400008], [127.6708374420001, 35.42819468500005], [127.66729224500011, 35.43782337000005], [127.65783838400012, 35.44071175000005], [127.6424758610001, 35.448413593000055], [127.64011239600006, 35.462852561000034], [127.64365759400005, 35.474401870000065], [127.654293187, 35.47728893800007], [127.65311145400005, 35.48883617300004], [127.6424758610001, 35.49653340900005], [127.63538546600012, 35.523467924000045], [127.60702388600009, 35.537893412000074], [127.60229695500004, 35.53885501900004], [127.59284309500003, 35.54943193400004], [127.59332125300011, 35.551960628000074]]]}}, {"type": "Feature", "properties": {"shapeName": "Sunchang-gun", "shapeISO": "", "shapeID": "91817680B23901291202395", "shapeGroup": "KOR", "shapeType": "ADM2"}, "geometry": {"type": "Polygon", "coordinates": [[[127.09415196700002, 35.503267884000024], [127.07051731600006, 35.504229906000035], [127.05515479400003, 35.51384949100003], [127.03033841000001, 35.53597016300006], [127.01379415500003, 35.53597016300006], [126.99724990000004, 35.53885501900004], [126.99015950400008, 35.54654745900007], [126.97243351600002, 35.54173977000005], [126.94407193600011, 35.52827670800008], [126.94052673800002, 35.50519191700005], [126.94761713300011, 35.48979836800004], [126.94289020300005, 35.479213593000054], [126.93698154100002, 35.47343949100008], [126.931072878, 35.47151469800008], [126.8968026340001, 35.479213593000054], [126.87316798400002, 35.479213593000054], [126.86371412400001, 35.46189004400003], [126.89089397200007, 35.44937627200005], [126.90389303000006, 35.43686055300003], [126.92161901800011, 35.404117936000034], [126.93461807500012, 35.39159518400004], [126.95234406300006, 35.38966843400004], [126.97243351600002, 35.39448522200007], [126.97479698100005, 35.404117936000034], [126.9700700510001, 35.41567567300007], [126.99606816700009, 35.42819468500005], [127.00434029500002, 35.45515210100007], [127.03861053800006, 35.45611469900007], [127.04097400300009, 35.44648820100008], [127.03861053800006, 35.435897725000075], [127.05279132900012, 35.42819468500005], [127.05397306100008, 35.417601802000036], [127.05160959600005, 35.405081144000064], [127.04215573600004, 35.40026498900005], [127.03388360800011, 35.39255854100003], [127.03979227100001, 35.378106968000054], [127.05279132900012, 35.375216342000044], [127.06579038600012, 35.370398403000024], [127.07051731600006, 35.357870416000026], [127.07051731600006, 35.348232179000036], [127.06579038600012, 35.34148473000005], [127.05633652600011, 35.33377266800005], [127.05160959600005, 35.324131557000044], [127.05160959600005, 35.31352500600008], [127.06815385100003, 35.30773902800007], [127.08587983900009, 35.305810277000035], [127.09769716500011, 35.299059286000045], [127.09988100600003, 35.29846517200008], [127.10833275700008, 35.29616583200004], [127.12487701300006, 35.29520132400006], [127.13433087300007, 35.30388148000003], [127.14496646600003, 35.30773902800007], [127.15205686100012, 35.31738209500003], [127.16505591900011, 35.324131557000044], [127.17214631400009, 35.33280860900004], [127.19215426800008, 35.33586696500004], [127.20168962700006, 35.35401525900005], [127.21232522000003, 35.35883417600007], [127.238323336, 35.39063181400007], [127.25250412600008, 35.393521888000066], [127.25841278900009, 35.40700752600003], [127.27259357900004, 35.417601802000036], [127.2903195670001, 35.42049090800003], [127.29740996200007, 35.43397203400008], [127.30568209000012, 35.44456276400007], [127.3092272880001, 35.45322687000004], [127.31100627761897, 35.48852337771285], [127.30213689300001, 35.47728893800007], [127.29150130000005, 35.47247710000005], [127.2867743700001, 35.46477756100006], [127.25250412600008, 35.47632659400006], [127.22886947600011, 35.47151469800008], [127.22532427800002, 35.47728893800007], [127.20641655800011, 35.48402502700003], [127.19223576700006, 35.47728893800007], [127.18396363900001, 35.46766497500005], [127.1780549770001, 35.457077285000025], [127.16741938400003, 35.45033893900006], [127.14851166400001, 35.45900242300007], [127.14260300100011, 35.46958986000004], [127.13433087300007, 35.50038175000003], [127.11896835000005, 35.50615391600007], [127.10833275700008, 35.502305851000074], [127.09415196700002, 35.503267884000024]]]}}, {"type": "Feature", "properties": {"shapeName": "Damyang-gun", "shapeISO": "", "shapeID": "91817680B48783047676904", "shapeGroup": "KOR", "shapeType": "ADM2"}, "geometry": {"type": "Polygon", "coordinates": [[[126.93461807500012, 35.39159518400004], [126.91088888600007, 35.36962750600003], [126.89803163600004, 35.36531034700005], [126.886687004, 35.35852577400004], [126.88063653300003, 35.34248724300005], [126.88593069500007, 35.32521141800004], [126.88063653300003, 35.32027479000004], [126.86777928300012, 35.316572121000036], [126.86626666600012, 35.30669750800007], [126.86626666600012, 35.27953610900005], [126.87609868100003, 35.26409943500005], [126.87912391600003, 35.249895097000035], [126.88819962200012, 35.24495387500008], [126.91088888600007, 35.25421842000003], [126.92374613600009, 35.250512729000036], [126.93584707700006, 35.240012351000075], [126.95778003300006, 35.212828588000036], [126.97063728300009, 35.19490703900004], [126.97366251800008, 35.181308743000045], [126.98576345900005, 35.180072421000034], [127.00240225300001, 35.181308743000045], [127.01904104700009, 35.17883608100004], [127.02736044400001, 35.16832642900005], [127.02055366500008, 35.15967040100003], [127.01677212100003, 35.13740781400003], [127.04399923900007, 35.12874849600007], [127.05912541500004, 35.116995092000025], [127.07500790000006, 35.112664464000034], [127.08559622400003, 35.11452047600005], [127.09089038500008, 35.12379990100004], [127.08862145900002, 35.133078270000055], [127.0772768270001, 35.14111866800005], [127.06971373800002, 35.15101345200003], [127.07047004700007, 35.16832642900005], [127.0818146790001, 35.177599722000025], [127.10147870900005, 35.181308743000045], [127.11433595900007, 35.189344375000076], [127.11282334100008, 35.19985131000004], [127.10677287100009, 35.20973894800005], [127.09542823800007, 35.221478955000066], [127.08786515000008, 35.24433620100007], [127.10072240000011, 35.25545361300004], [127.10450394400004, 35.261629294000045], [127.09988100600003, 35.29846517200008], [127.09769716500011, 35.299059286000045], [127.08587983900009, 35.305810277000035], [127.06815385100003, 35.30773902800007], [127.05160959600005, 35.31352500600008], [127.05160959600005, 35.324131557000044], [127.05633652600011, 35.33377266800005], [127.06579038600012, 35.34148473000005], [127.07051731600006, 35.348232179000036], [127.07051731600006, 35.357870416000026], [127.06579038600012, 35.370398403000024], [127.05279132900012, 35.375216342000044], [127.03979227100001, 35.378106968000054], [127.03388360800011, 35.39255854100003], [127.04215573600004, 35.40026498900005], [127.05160959600005, 35.405081144000064], [127.05397306100008, 35.417601802000036], [127.05279132900012, 35.42819468500005], [127.03861053800006, 35.435897725000075], [127.04097400300009, 35.44648820100008], [127.03861053800006, 35.45611469900007], [127.00434029500002, 35.45515210100007], [126.99606816700009, 35.42819468500005], [126.9700700510001, 35.41567567300007], [126.97479698100005, 35.404117936000034], [126.97243351600002, 35.39448522200007], [126.95234406300006, 35.38966843400004], [126.93461807500012, 35.39159518400004]]]}}, {"type": "Feature", "properties": {"shapeName": "Gokseong-gun", "shapeISO": "", "shapeID": "91817680B55822624410007", "shapeGroup": "KOR", "shapeType": "ADM2"}, "geometry": {"type": "Polygon", "coordinates": [[[127.19215426800008, 35.33586696500004], [127.17214631400009, 35.33280860900004], [127.16505591900011, 35.324131557000044], [127.15205686100012, 35.31738209500003], [127.14496646600003, 35.30773902800007], [127.13433087300007, 35.30388148000003], [127.12487701300006, 35.29520132400006], [127.10833275700008, 35.29616583200004], [127.09988100600003, 35.29846517200008], [127.10450394400004, 35.261629294000045], [127.10072240000011, 35.25545361300004], [127.08786515000008, 35.24433620100007], [127.09542823800007, 35.221478955000066], [127.10677287100009, 35.20973894800005], [127.11282334100008, 35.19985131000004], [127.11424142100009, 35.19000109800004], [127.15323859400007, 35.19386406900003], [127.16741938400003, 35.19772685500004], [127.17923670900007, 35.21124516200007], [127.19341750000001, 35.21221067000005], [127.2040530920001, 35.202555080000025], [127.20759829000008, 35.192898343000024], [127.19105403500009, 35.17647925500006], [127.19696269700012, 35.16392124400005], [127.20641655800011, 35.156192273000045], [127.21114348800006, 35.14459744000004], [127.20783622300007, 35.129271309000046], [127.20759829000008, 35.12816859800006], [127.21941561500012, 35.125269047000074], [127.238323336, 35.10593606600003], [127.25723105600002, 35.097234728000046], [127.27023011400001, 35.085631499000044], [127.28441090500007, 35.083697467000036], [127.30095516000006, 35.07789509600008], [127.31868114800011, 35.06725634400004], [127.3352254030001, 35.070157960000074], [127.34231579900006, 35.083697467000036], [127.34349753100003, 35.092400250000026], [127.37304084400012, 35.09916843900004], [127.38367643700008, 35.109803029000034], [127.38840336700002, 35.11946963400004], [127.41440148300012, 35.13300095500006], [127.41558321600007, 35.170683491000034], [127.41297525400012, 35.176012945000025], [127.41085628500002, 35.180342868000025], [127.39431203000004, 35.18324045800006], [127.37776777500005, 35.18806954400003], [127.37067737900009, 35.20062382500004], [127.37776777500005, 35.21896889900006], [127.39076683200005, 35.23151840300005], [127.40140242500001, 35.23537939900007], [127.40731108800003, 35.24213569900007], [127.38840336700002, 35.27976763600003], [127.38775952700007, 35.30220538400005], [127.38013124000008, 35.30773902800007], [127.37185911200004, 35.318346338000026], [127.35767832200008, 35.318346338000026], [127.3316802060001, 35.30098819800003], [127.32340807800006, 35.299059286000045], [127.31159075300002, 35.30098819800003], [127.29504649700004, 35.30966773400007], [127.26668491700002, 35.30773902800007], [127.2548675910001, 35.31256070500007], [127.2454137310001, 35.325095720000036], [127.23477813800002, 35.33280860900004], [127.22886947600011, 35.31545357300007], [127.21823388300004, 35.30870338700004], [127.19814443000007, 35.30870338700004], [127.18987230200003, 35.318346338000026], [127.19105403500009, 35.33377266800005], [127.19215426800008, 35.33586696500004]]]}}, {"type": "Feature", "properties": {"shapeName": "Gurye-gun", "shapeISO": "", "shapeID": "91817680B46219646335198", "shapeGroup": "KOR", "shapeType": "ADM2"}, "geometry": {"type": "Polygon", "coordinates": [[[127.38775952700007, 35.30220538400005], [127.38840336700002, 35.27976763600003], [127.40731108800003, 35.24213569900007], [127.40140242500001, 35.23537939900007], [127.39076683200005, 35.23151840300005], [127.37776777500005, 35.21896889900006], [127.37067737900009, 35.20062382500004], [127.37776777500005, 35.18806954400003], [127.39431203000004, 35.18324045800006], [127.41085628500002, 35.180342868000025], [127.41297525400012, 35.176012945000025], [127.43330920300002, 35.18324045800006], [127.4439447960001, 35.17841108500005], [127.46048905200007, 35.16198907000006], [127.49357756300003, 35.142664807000074], [127.49830449300009, 35.132034506000025], [127.50657662000003, 35.12236939200005], [127.52193914300005, 35.11656977300004], [127.53139300400005, 35.10883630500007], [127.53338597668026, 35.10659439551021], [127.54084686400006, 35.09820158900004], [127.55739111900004, 35.09046637800003], [127.57275364200007, 35.10110210400006], [127.58102577000011, 35.11173644200005], [127.58929789800004, 35.11560313000007], [127.60702388600009, 35.12043623200003], [127.60702388600009, 35.133967392000045], [127.61411428100007, 35.15909072300008], [127.61884121100002, 35.16971749000004], [127.62947680400009, 35.173581425000066], [127.63420373400004, 35.17841108500005], [127.61765947800006, 35.20158945800006], [127.62238640800001, 35.23151840300005], [127.60466042000007, 35.26143631100007], [127.57984403700004, 35.291343178000034], [127.58338923500003, 35.30388148000003], [127.55384592200005, 35.31738209500003], [127.52548434100004, 35.334736716000066], [127.51130355100008, 35.347268292000024], [127.49357756300003, 35.35690664400005], [127.47939677200009, 35.36076166200007], [127.45812558700004, 35.36076166200007], [127.43921786600004, 35.35883417600007], [127.41676494800004, 35.330880456000045], [127.40967455300006, 35.31738209500003], [127.40022069300005, 35.30484588400003], [127.39076683200005, 35.30002374800006], [127.38775952700007, 35.30220538400005]]]}}, {"type": "Feature", "properties": {"shapeName": "Hwasun-gun", "shapeISO": "", "shapeID": "91817680B60872934813823", "shapeGroup": "KOR", "shapeType": "ADM2"}, "geometry": {"type": "Polygon", "coordinates": [[[127.01677212100003, 35.13740781400003], [127.01261242200007, 35.12236939200005], [127.0055220270001, 35.109803029000034], [126.99724990000004, 35.09820158900004], [126.97361524900009, 35.07596088100007], [126.94998059800002, 35.068223561000025], [126.9381632730001, 35.07886218700003], [126.93343634300004, 35.08756548500003], [126.91807382000002, 35.092400250000026], [126.9166964100001, 35.090753032000066], [126.90288521200011, 35.074234646000036], [126.90271129700011, 35.07402662000004], [126.89562090200002, 35.062420090000046], [126.90271129700011, 35.053714109000055], [126.90507476200003, 35.046942149000074], [126.8968026340001, 35.03629936300007], [126.89443916900007, 35.025655191000055], [126.88616704200001, 35.019848695000064], [126.87789491400008, 35.00436268900006], [126.89207570400004, 34.997586639000076], [126.89916610000012, 34.98984189500004], [126.8932574370001, 34.97241354200003], [126.88498530900006, 34.965634848000036], [126.88144011200006, 34.95691856000008], [126.87907664600004, 34.928826435000076], [126.87907664600004, 34.899755491000064], [126.87316798400002, 34.89200150100004], [126.8518967980001, 34.88230798400008], [126.844806403, 34.86873513900008], [126.85544199600008, 34.861947877000034], [126.86505617024633, 34.86234231130555], [126.87907664600004, 34.86291752000005], [126.89562090200002, 34.863887152000075], [126.90743822700006, 34.86097822200003], [126.90980169200009, 34.84352248300007], [126.92870941300009, 34.83770308000004], [126.93934500600005, 34.82412287400007], [126.94998059800002, 34.82509296300003], [126.95588926100004, 34.834793225000055], [126.96770658600008, 34.84352248300007], [126.98070564400007, 34.84255261100003], [126.98661430700008, 34.83770308000004], [127.01615762000006, 34.83382325000008], [127.03286293341468, 34.835292358853344], [127.04924613100002, 34.836733140000035], [127.06460865400004, 34.856129777000035], [127.07169904900002, 34.86873513900008], [127.084698107, 34.87164379500007], [127.08824330400012, 34.894909333000044], [127.08233464200009, 34.905570504000025], [127.08706157200004, 34.919137265000074], [127.09533370000008, 34.93270178300003], [127.10833275700008, 34.939483202000076], [127.12487701300006, 34.96079258000003], [127.13905780300001, 34.96660326700004], [127.17096458200001, 34.967571675000045], [127.17584792500008, 34.984148824000044], [127.17923670900007, 34.99565052200006], [127.18632710500003, 35.005330650000076], [127.18869057000006, 35.015977468000074], [127.18869057000006, 35.04500720000004], [127.19578096500004, 35.05564885200005], [127.19578096500004, 35.06435462600007], [127.18987230200003, 35.07886218700003], [127.18869057000006, 35.08756548500003], [127.18987230200003, 35.09820158900004], [127.19696269700012, 35.12720209300005], [127.20783622300007, 35.129271309000046], [127.21114348800006, 35.14459744000004], [127.20641655800011, 35.156192273000045], [127.19696269700012, 35.16392124400005], [127.19105403500009, 35.17647925500006], [127.20759829000008, 35.192898343000024], [127.2040530920001, 35.202555080000025], [127.19341750000001, 35.21221067000005], [127.17923670900007, 35.21124516200007], [127.16741938400003, 35.19772685500004], [127.15323859400007, 35.19386406900003], [127.11433595900007, 35.189344375000076], [127.10147870900005, 35.181308743000045], [127.0818146790001, 35.177599722000025], [127.07047004700007, 35.16832642900005], [127.06971373800002, 35.15101345200003], [127.0772768270001, 35.14111866800005], [127.08862145900002, 35.133078270000055], [127.09089038500008, 35.12379990100004], [127.08559622400003, 35.11452047600005], [127.07500790000006, 35.112664464000034], [127.05912541500004, 35.116995092000025], [127.04399923900007, 35.12874849600007], [127.01677212100003, 35.13740781400003]]]}}, {"type": "Feature", "properties": {"shapeName": "Naju-si", "shapeISO": "", "shapeID": "91817680B40505476377979", "shapeGroup": "KOR", "shapeType": "ADM2"}, "geometry": {"type": "Polygon", "coordinates": [[[126.90288521200011, 35.074234646000036], [126.85662372800005, 35.068223561000025], [126.84007947300006, 35.06435462600007], [126.8294438800001, 35.05661620600006], [126.81762655500006, 35.05081190900006], [126.8034457650001, 35.04887705200008], [126.78690150900002, 35.04984448600004], [126.77969537700005, 35.05211342400003], [126.77153898600011, 35.05468148600005], [126.75853992800012, 35.061452804000055], [126.7526312660001, 35.070157960000074], [126.76326685800007, 35.074993756000026], [126.76090339300004, 35.08659849800006], [126.75144953300003, 35.09336716800004], [126.73608701000012, 35.09820158900004], [126.71836102200007, 35.10013527700005], [126.70063503400002, 35.10400251500005], [126.67345518600007, 35.10110210400006], [126.67096396600004, 35.100762409000026], [126.65927439600011, 35.09916843900004], [126.64863880300004, 35.092400250000026], [126.63209454800005, 35.08659849800006], [126.62027722200003, 35.08466448900003], [126.61318682700005, 35.09046637800003], [126.60255123400009, 35.09530097100003], [126.59546083900011, 35.07789509600008], [126.59664257200006, 35.02662290000006], [126.60136950200001, 35.00629860000004], [126.60136950200001, 34.99661858600007], [126.58837044400002, 34.97725512400007], [126.57537138600003, 34.968540071000064], [126.560008863, 34.98790559500003], [126.54819153800008, 34.98209641900007], [126.54228287500007, 34.97338188200007], [126.54184493900004, 34.96871666000004], [126.5411011430001, 34.96079258000003], [126.53401074700002, 34.94529540000008], [126.53401074700002, 34.93560817400004], [126.5446463400001, 34.928826435000076], [126.54346460800002, 34.92010623300007], [126.53637421300004, 34.91332321300007], [126.5186482250001, 34.916230290000044], [126.53873767800007, 34.88521615900004], [126.55646366600001, 34.877460797000026], [126.56237232800004, 34.866795979000074], [126.57064445600008, 34.86485677200005], [126.58009831600009, 34.87067425400005], [126.58482524600004, 34.916230290000044], [126.60964162900007, 34.925919804000046], [126.62500415200009, 34.92398199300004], [126.63563974500005, 34.916230290000044], [126.63682147800012, 34.90653963300008], [126.63563974500005, 34.894909333000044], [126.64273014000003, 34.88424677900008], [126.66400132600006, 34.881338570000025], [126.67818211600002, 34.88230798400008], [126.68290904600008, 34.88812423200005], [126.68409077900003, 34.91719929300007], [126.68054558100005, 34.92398199300004], [126.66990998900008, 34.930764132000036], [126.67109172100004, 34.939483202000076], [126.68409077900003, 34.94335804600007], [126.6982715690001, 34.94238935200008], [126.70418023200011, 34.93173296300006], [126.70418023200011, 34.92107519000007], [126.7207244870001, 34.907508750000034], [126.72308795200001, 34.894909333000044], [126.73254181300001, 34.88327738700008], [126.74908606800011, 34.893940067000074], [126.77981111400004, 34.89103220100003], [126.80226403200004, 34.866795979000074], [126.822353485, 34.86582638100003], [126.844806403, 34.86873513900008], [126.8518967980001, 34.88230798400008], [126.87316798400002, 34.89200150100004], [126.87907664600004, 34.899755491000064], [126.87907664600004, 34.928826435000076], [126.88144011200006, 34.95691856000008], [126.88498530900006, 34.965634848000036], [126.8932574370001, 34.97241354200003], [126.89916610000012, 34.98984189500004], [126.89207570400004, 34.997586639000076], [126.87789491400008, 35.00436268900006], [126.88616704200001, 35.019848695000064], [126.89443916900007, 35.025655191000055], [126.8968026340001, 35.03629936300007], [126.90507476200003, 35.046942149000074], [126.90271129700011, 35.053714109000055], [126.89562090200002, 35.062420090000046], [126.90271129700011, 35.07402662000004], [126.90288521200011, 35.074234646000036]]]}}, {"type": "Feature", "properties": {"shapeName": "Buk-gu", "shapeISO": "", "shapeID": "91817680B75710427976091", "shapeGroup": "KOR", "shapeType": "ADM2"}, "geometry": {"type": "Polygon", "coordinates": [[[126.87912391600003, 35.249895097000035], [126.86016892600003, 35.238275025000064], [126.84489263800003, 35.22134588700004], [126.8483516010001, 35.220899718000055], [126.85071506600002, 35.21221067000005], [126.85662372800005, 35.206417454000075], [126.85780546100011, 35.19772685500004], [126.85426026300001, 35.179376982000065], [126.87553144900005, 35.16875147800005], [126.88262184400003, 35.16971749000004], [126.8968026340001, 35.156192273000045], [126.90422609440022, 35.15453697663835], [126.90980169200009, 35.15329372000008], [126.91218534000006, 35.15451177700004], [126.91925555300008, 35.15812458500005], [126.93579980800007, 35.15909072300008], [126.94407193600011, 35.15812458500005], [126.95825272600007, 35.14653002700004], [126.96534312100005, 35.13783302400003], [126.97243351600002, 35.133967392000045], [126.98661430700008, 35.12236939200005], [126.98949369145257, 35.12053189081306], [127.00572955100006, 35.11017085300006], [127.01261242200007, 35.12236939200005], [127.01677212100003, 35.13740781400003], [127.02055366500008, 35.15967040100003], [127.02736044400001, 35.16832642900005], [127.01904104700009, 35.17883608100004], [127.00240225300001, 35.181308743000045], [126.98576345900005, 35.180072421000034], [126.97366251800008, 35.181308743000045], [126.97063728300009, 35.19490703900004], [126.95778003300006, 35.212828588000036], [126.93584707700006, 35.240012351000075], [126.92374613600009, 35.250512729000036], [126.91088888600007, 35.25421842000003], [126.88819962200012, 35.24495387500008], [126.87912391600003, 35.249895097000035]]]}}, {"type": "Feature", "properties": {"shapeName": "Gimje-si", "shapeISO": "", "shapeID": "91817680B35753357340942", "shapeGroup": "KOR", "shapeType": "ADM2"}, "geometry": {"type": "Polygon", "coordinates": [[[127.06815385100003, 35.788481295000054], [127.0279749450001, 35.788481295000054], [127.02206628300007, 35.79710822200008], [127.00434029500002, 35.80477581500003], [126.99606816700009, 35.81340097300006], [126.99961336500007, 35.83160656200005], [127.00434029500002, 35.84022880500004], [127.00906722500008, 35.84022880500004], [127.01138802981353, 35.862540361932645], [127.00788549200001, 35.86992046700004], [126.99724990000004, 35.88619827000008], [126.99980336200008, 35.88645633800007], [126.9550029620001, 35.90307099000006], [126.93838484800006, 35.90755781000007], [126.92361319100007, 35.89708816800004], [126.8940698780001, 35.90755781000007], [126.88114467800006, 35.901575327000046], [126.84975490800002, 35.90755781000007], [126.85086064200004, 35.90964752900004], [126.83236510100427, 35.902703880681685], [126.8284512250001, 35.89213404800006], [126.80954350400009, 35.88294297700003], [126.8004677990001, 35.86455763500004], [126.794417328, 35.857202304000054], [126.74676987200007, 35.86026710800007], [126.7376941660001, 35.85842824000008], [126.72559322500001, 35.85229837000003], [126.7112233580001, 35.851685357000065], [126.69760979900002, 35.84494190100003], [126.69836610800007, 35.83697162300007], [126.7097107400001, 35.83267960300003], [126.724080608, 35.82470809300003], [126.73845047500004, 35.81428260200005], [126.75130772500006, 35.809376016000044], [126.77626591600006, 35.803242356000055], [126.77777853400005, 35.79772165700007], [126.772484372, 35.78054369500006], [126.77274838832676, 35.77647385373306], [126.77324068100006, 35.768885107000074], [126.7815600780001, 35.76643045000003], [126.78307269600009, 35.75292848000004], [126.78609793100009, 35.74617663600003], [126.79517363700006, 35.74249357000008], [126.80273672500005, 35.73574084100005], [126.8065182690001, 35.72714563000005], [126.81256874000007, 35.72284767700006], [126.82525433900003, 35.707351310000035], [126.83653427500008, 35.715594355000064], [126.85426026300001, 35.718472736000024], [126.87316798400002, 35.718472736000024], [126.88262184400003, 35.734781600000076], [126.88498530900006, 35.74629172900006], [126.90389303000006, 35.74820992200006], [126.92516421500011, 35.73957768900004], [126.92989114500006, 35.725188555000045], [126.94170847100008, 35.718472736000024], [126.96179792400005, 35.718472736000024], [126.975978714, 35.715594355000064], [127.00079509700004, 35.685844993000046], [127.01143069000011, 35.678165937000074], [127.01970281800004, 35.67624605700007], [127.02324801500004, 35.66856607700004], [127.02915667800005, 35.66664596600003], [127.05397306100008, 35.665685894000035], [127.06922925598577, 35.66955780169304], [127.06815385100003, 35.670486141000026], [127.07051731600006, 35.70120088800007], [127.07878944400011, 35.70695858700003], [127.084698107, 35.71751328700003], [127.09372293100012, 35.72150989700003], [127.0504278630001, 35.756841218000034], [127.06342692100009, 35.75875915700004], [127.0693355840001, 35.76259489600005], [127.07288078200008, 35.77122463200004], [127.06815385100003, 35.78081213000007], [127.06815385100003, 35.788481295000054]]]}}, {"type": "Feature", "properties": {"shapeName": "Buan-gun", "shapeISO": "", "shapeID": "91817680B44911241756091", "shapeGroup": "KOR", "shapeType": "ADM2"}, "geometry": {"type": "Polygon", "coordinates": [[[126.82525433900003, 35.707351310000035], [126.81256874000007, 35.72284767700006], [126.8065182690001, 35.72714563000005], [126.80273672500005, 35.73574084100005], [126.79517363700006, 35.74249357000008], [126.78609793100009, 35.74617663600003], [126.78307269600009, 35.75292848000004], [126.7815600780001, 35.76643045000003], [126.77324068100006, 35.768885107000074], [126.77274838832676, 35.77647385373306], [126.7526312660001, 35.78081213000007], [126.73845047500004, 35.78464680500008], [126.72899661500003, 35.78943988900005], [126.7171792900001, 35.79231560000005], [126.62973108200003, 35.79039847100006], [126.63327628000002, 35.76834815700005], [126.62500415200009, 35.73382234800005], [126.6084598970001, 35.72135101400005], [126.59546083900011, 35.699281563000056], [126.582461781, 35.69544277400007], [126.5670992580001, 35.693523310000046], [126.55173673500008, 35.68776464200005], [126.52101169000002, 35.65896506300004], [126.4997405040001, 35.649362894000035], [126.48910491100003, 35.649362894000035], [126.4678337260001, 35.63399702300006], [126.47374238800012, 35.61862819700008], [126.47492412100007, 35.60709964000006], [126.47846931900006, 35.598452131000045], [126.49737703900007, 35.58788168500007], [126.50564916700012, 35.58019321100005], [126.5221934220001, 35.578270977000045], [126.53991941000004, 35.57923210000007], [126.55055500300011, 35.584037540000054], [126.57773485100006, 35.58019321100005], [126.58718871100007, 35.58019321100005], [126.60255123400009, 35.58307647500004], [126.61555029200008, 35.58884269200007], [126.6309128150001, 35.59268660600003], [126.64154840800006, 35.59268660600003], [126.65809266300005, 35.586920666000026], [126.66518305800003, 35.57923210000007], [126.67345518600007, 35.573465191000025], [126.73489558980165, 35.57110449199857], [126.72899661500003, 35.57250399900005], [126.72663315000011, 35.635917918000075], [126.76326685800007, 35.66856607700004], [126.799900567, 35.67624605700007], [126.82826214800002, 35.67528610000005], [126.8388977400001, 35.685844993000046], [126.83417081000005, 35.69832188300006], [126.82471695000004, 35.70695858700003], [126.82525433900003, 35.707351310000035]]]}}, {"type": "Feature", "properties": {"shapeName": "Gochang-gun", "shapeISO": "", "shapeID": "91817680B73468302874709", "shapeGroup": "KOR", "shapeType": "ADM2"}, "geometry": {"type": "Polygon", "coordinates": [[[126.73489558980165, 35.57110449199857], [126.67345518600007, 35.573465191000025], [126.67109172100004, 35.560968797000044], [126.66754652300006, 35.553277740000055], [126.6533657330001, 35.55712336100004], [126.64745707000009, 35.56577533300003], [126.63445801300008, 35.56385275300005], [126.62382242000001, 35.553277740000055], [126.61318682700005, 35.54847045400004], [126.60373296700004, 35.540778198000055], [126.60018776900006, 35.53597016300006], [126.57418965400007, 35.53597016300006], [126.56119059600007, 35.53020014100008], [126.55410020000011, 35.522506133000036], [126.5411011430001, 35.52058251500006], [126.52573862000008, 35.525391472000024], [126.51392129400006, 35.525391472000024], [126.50683089900008, 35.514811387000066], [126.49501357400004, 35.510963737000054], [126.48792317900006, 35.503267884000024], [126.47492412100007, 35.49364703200007], [126.46428852800011, 35.47728893800007], [126.45956159800005, 35.462852561000034], [126.44892600500009, 35.45322687000004], [126.4359269470001, 35.43782337000005], [126.4359269470001, 35.42819468500005], [126.45601640000007, 35.42337991000005], [126.47256065600004, 35.42337991000005], [126.49146837600006, 35.41374949900006], [126.49855877200002, 35.403154716000074], [126.49146837600006, 35.39063181400007], [126.4902866440001, 35.38388790800008], [126.49737703900007, 35.36461649700004], [126.49737703900007, 35.34919605500005], [126.50564916700012, 35.34630439400007], [126.515103027, 35.354979066000055], [126.52573862000008, 35.35305144100005], [126.52101169000002, 35.33859279300003], [126.52101169000002, 35.32605987100004], [126.52455688700002, 35.32027479000004], [126.53519248000009, 35.310632069000064], [126.55055500300011, 35.30773902800007], [126.57182618800005, 35.30773902800007], [126.58128004900004, 35.294236805000025], [126.59309737400008, 35.305810277000035], [126.58718871100007, 35.31159639300006], [126.58718871100007, 35.31931057000003], [126.60491469900012, 35.32220319600003], [126.62027722200003, 35.32220319600003], [126.62854935000007, 35.31738209500003], [126.646275338, 35.31738209500003], [126.66163786100003, 35.32991636200006], [126.66754652300006, 35.343412630000046], [126.68172731400011, 35.343412630000046], [126.6947263720001, 35.345340484000076], [126.72190622000005, 35.35594286000003], [126.7301783480001, 35.36268910300004], [126.73254181300001, 35.372325613000044], [126.7301783480001, 35.38388790800008], [126.72308795200001, 35.388705042000026], [126.73136008000006, 35.39544854500008], [126.74554087000001, 35.399301723000065], [126.75381299800006, 35.41856484900006], [126.75144953300003, 35.42530585500003], [126.7431774050001, 35.42915760500006], [126.7396322080001, 35.435897725000075], [126.74081394000007, 35.44167452100004], [126.75381299800006, 35.445525488000044], [126.77807854797994, 35.46883203678669], [126.7750841840001, 35.47151469800008], [126.76799378900012, 35.503267884000024], [126.77272071900006, 35.537893412000074], [126.77272071900006, 35.550393403000044], [126.76917552100008, 35.56289144600004], [126.75735819600004, 35.56577533300003], [126.73489558980165, 35.57110449199857]]]}}, {"type": "Feature", "properties": {"shapeName": "Jangseong-gun", "shapeISO": "", "shapeID": "91817680B915295689263", "shapeGroup": "KOR", "shapeType": "ADM2"}, "geometry": {"type": "Polygon", "coordinates": [[[126.77807854797994, 35.46883203678669], [126.75381299800006, 35.445525488000044], [126.74081394000007, 35.44167452100004], [126.7396322080001, 35.435897725000075], [126.7431774050001, 35.42915760500006], [126.75144953300003, 35.42530585500003], [126.75381299800006, 35.41856484900006], [126.74554087000001, 35.399301723000065], [126.73136008000006, 35.39544854500008], [126.72308795200001, 35.388705042000026], [126.7301783480001, 35.38388790800008], [126.73254181300001, 35.372325613000044], [126.7301783480001, 35.36268910300004], [126.72190622000005, 35.35594286000003], [126.6947263720001, 35.345340484000076], [126.68172731400011, 35.343412630000046], [126.66754652300006, 35.343412630000046], [126.66163786100003, 35.32991636200006], [126.646275338, 35.31738209500003], [126.62027722200003, 35.28844944800005], [126.62027722200003, 35.275908755000046], [126.61791375700011, 35.26819044000007], [126.59309737400008, 35.25468162000004], [126.5895521760001, 35.24406596700004], [126.59073390900005, 35.23634461900008], [126.59307081800011, 35.235151648000056], [126.60018776900006, 35.23151840300005], [126.61436856000012, 35.22572656600005], [126.63918494300003, 35.202555080000025], [126.66967098600003, 35.182155231000024], [126.67345518600007, 35.18710375000006], [126.68054558100005, 35.192898343000024], [126.68409077900003, 35.21317616500005], [126.72545141700004, 35.210279644000025], [126.73136008000006, 35.23924021100004], [126.74081394000007, 35.246961283000076], [126.75972166100007, 35.24599618900004], [126.76090339300004, 35.23441416700007], [126.80226403200004, 35.21896889900006], [126.81408135700008, 35.21800347200008], [126.8258986830001, 35.22379586100004], [126.84489263800003, 35.22134588700004], [126.86016892600003, 35.238275025000064], [126.87912391600003, 35.249895097000035], [126.87609868100003, 35.26409943500005], [126.86626666600012, 35.27953610900005], [126.86626666600012, 35.30669750800007], [126.86777928300012, 35.316572121000036], [126.88063653300003, 35.32027479000004], [126.88593069500007, 35.32521141800004], [126.88063653300003, 35.34248724300005], [126.886687004, 35.35852577400004], [126.89803163600004, 35.36531034700005], [126.91088888600007, 35.36962750600003], [126.93461807500012, 35.39159518400004], [126.92161901800011, 35.404117936000034], [126.90389303000006, 35.43686055300003], [126.89089397200007, 35.44937627200005], [126.86371412400001, 35.46189004400003], [126.85426026300001, 35.46189004400003], [126.84953333300007, 35.47632659400006], [126.84126120500002, 35.48113820100008], [126.822353485, 35.479213593000054], [126.81880828700002, 35.462852561000034], [126.80580923000002, 35.45996497500005], [126.78690150900002, 35.46092751500004], [126.77807854797994, 35.46883203678669]]]}}, {"type": "Feature", "properties": {"shapeName": "Hampyeong-gun", "shapeISO": "", "shapeID": "91817680B7912985797785", "shapeGroup": "KOR", "shapeType": "ADM2"}, "geometry": {"type": "Polygon", "coordinates": [[[126.67096396600004, 35.100762409000026], [126.65691093100008, 35.11076974100007], [126.6533657330001, 35.12720209300005], [126.65572919800002, 35.142664807000074], [126.67463691900002, 35.16198907000006], [126.6758186510001, 35.173581425000066], [126.66754652300006, 35.179376982000065], [126.66967098600003, 35.182155231000024], [126.63918494300003, 35.202555080000025], [126.61436856000012, 35.22572656600005], [126.60018776900006, 35.23151840300005], [126.59307081800011, 35.235151648000056], [126.59546083900011, 35.21800347200008], [126.59546083900011, 35.20931411300006], [126.58837044400002, 35.195795485000076], [126.57418965400007, 35.194829782000056], [126.56473579300007, 35.190966858000024], [126.56473579300007, 35.18324045800006], [126.54937327000005, 35.17841108500005], [126.50683089900008, 35.179376982000065], [126.49383184100009, 35.18710375000006], [126.48437798100008, 35.19000109800004], [126.4678337260001, 35.18613794400005], [126.46310679600003, 35.17841108500005], [126.45365293500004, 35.17261545800005], [126.43829041200001, 35.173581425000066], [126.43120001700004, 35.18227460600008], [126.41938269200011, 35.18227460600008], [126.41229229700002, 35.17261545800005], [126.37329512300005, 35.16198907000006], [126.4099288320001, 35.12816859800006], [126.42056442400008, 35.12043623200003], [126.42410962200006, 35.109803029000034], [126.43474521500002, 35.10303572300006], [126.44892600500009, 35.10303572300006], [126.47256065600004, 35.10013527700005], [126.47137892300009, 35.092400250000026], [126.45956159800005, 35.08949942500004], [126.45365293500004, 35.07982926600005], [126.45601640000007, 35.06725634400004], [126.48201451600005, 35.06435462600007], [126.48437798100008, 35.05661620600006], [126.47492412100007, 35.047909606000076], [126.47374238800012, 35.038234518000024], [126.47610585300004, 35.01888090500006], [126.49146837600006, 35.01694529200006], [126.4997405040001, 35.01791310400006], [126.50328570200008, 35.000490729000035], [126.50092223700005, 34.99371435900008], [126.50446743400005, 34.983064643000034], [126.52810208500011, 34.98112818300007], [126.53282901500006, 34.975318526000024], [126.54184493900004, 34.96871666000004], [126.54228287500007, 34.97338188200007], [126.54819153800008, 34.98209641900007], [126.560008863, 34.98790559500003], [126.57537138600003, 34.968540071000064], [126.58837044400002, 34.97725512400007], [126.60136950200001, 34.99661858600007], [126.60136950200001, 35.00629860000004], [126.59664257200006, 35.02662290000006], [126.59546083900011, 35.07789509600008], [126.60255123400009, 35.09530097100003], [126.61318682700005, 35.09046637800003], [126.62027722200003, 35.08466448900003], [126.63209454800005, 35.08659849800006], [126.64863880300004, 35.092400250000026], [126.65927439600011, 35.09916843900004], [126.67096396600004, 35.100762409000026]]]}}, {"type": "Feature", "properties": {"shapeName": "Jangheung-gun", "shapeISO": "", "shapeID": "91817680B67324121140218", "shapeGroup": "KOR", "shapeType": "ADM2"}, "geometry": {"type": "Polygon", "coordinates": [[[126.86505617024633, 34.86234231130555], [126.85870357800002, 34.84806133100005], [126.85265310700004, 34.84061283300008], [126.84433371000011, 34.835026017000075], [126.81861921000007, 34.828197171000056], [126.81256874000007, 34.82260951300003], [126.80424934300004, 34.80025508800003], [126.8050056510001, 34.78845447400005], [126.80382990500004, 34.781212168000025], [126.8034930340001, 34.77913700800008], [126.8065182690001, 34.77043975600003], [126.81861921000007, 34.76857594000006], [126.82315706300005, 34.75925622900007], [126.8239133720001, 34.74807118600006], [126.82769491600004, 34.74123513700005], [126.84509001900005, 34.73066922000004], [126.8518967980001, 34.72445334400004], [126.85870357800002, 34.688392047000036], [126.85719096000003, 34.680929126000024], [126.86626666600012, 34.67284353700006], [126.8723171360001, 34.66413509600005], [126.87761129800003, 34.62120155200006], [126.864754048, 34.619956770000044], [126.85794726900008, 34.61684473400004], [126.85643465100009, 34.60875289200004], [126.85719096000003, 34.601282800000035], [126.8738297540001, 34.58384997200005], [126.87988022500008, 34.56454507400008], [126.88290546000007, 34.54398977400007], [126.87836760700009, 34.532775652000055], [126.86021619500002, 34.51969060000005], [126.85416572500003, 34.511589300000026], [126.85643465100009, 34.50161738800006], [126.85870357800002, 34.457976245000054], [126.87139811582502, 34.44144727991037], [126.87307344500005, 34.43926591200005], [126.88366176900001, 34.42866152900007], [126.88441807800007, 34.43427578200004], [126.8738297540001, 34.446126854000056], [126.87156082800004, 34.45361087600003], [126.87912391600003, 34.45922345200006], [126.91618304800011, 34.45361087600003], [126.93130922400007, 34.44799792200007], [126.94038493000005, 34.45111627600005], [126.9441664740001, 34.45859985100003], [126.93811600400011, 34.46920043400007], [126.935090768, 34.479799670000034], [126.94341016500005, 34.48665728200007], [126.95778003300006, 34.47418847700004], [126.96761204800009, 34.47855277100007], [126.96685573900004, 34.48665728200007], [126.96080526800006, 34.49538433600003], [126.96231788600005, 34.50473373800003], [126.97063728300009, 34.511589300000026], [126.98122560600007, 34.53402174000007], [126.98651976800011, 34.54149787800003], [126.98349453300011, 34.562053793000075], [126.97971298900006, 34.573886714000025], [126.98878869500004, 34.578868492000026], [126.99635178300002, 34.600037719000056], [126.99635178300002, 34.60750792400006], [126.9895450030001, 34.61497745600008], [126.97063728300009, 34.61808956200008], [126.9630741950001, 34.62493578600004], [126.97668775400007, 34.62929218000005], [126.98349453300011, 34.627425182000025], [126.99559547400008, 34.62680284000004], [127.01828473900002, 34.627425182000025], [127.05458756200005, 34.64484886300005], [127.04626816500001, 34.65418147200006], [127.00845272400011, 34.67844133700004], [126.98651976800011, 34.680929126000024], [126.97668775400007, 34.693366953000066], [126.97593144500001, 34.70704640500003], [126.98425084200005, 34.71575033200003], [127.00164594500006, 34.72134523100004], [127.01677212100003, 34.73129078200003], [127.02736044400001, 34.74061364900007], [127.01601581200009, 34.790317842000036], [127.025847827, 34.80957016800005], [127.03286293341468, 34.835292358853344], [127.01615762000006, 34.83382325000008], [126.98661430700008, 34.83770308000004], [126.98070564400007, 34.84255261100003], [126.96770658600008, 34.84352248300007], [126.95588926100004, 34.834793225000055], [126.94998059800002, 34.82509296300003], [126.93934500600005, 34.82412287400007], [126.92870941300009, 34.83770308000004], [126.90980169200009, 34.84352248300007], [126.90743822700006, 34.86097822200003], [126.89562090200002, 34.863887152000075], [126.87907664600004, 34.86291752000005], [126.86505617024633, 34.86234231130555]]]}}, {"type": "Feature", "properties": {"shapeName": "Gangjin-gun", "shapeISO": "", "shapeID": "91817680B37660936440541", "shapeGroup": "KOR", "shapeType": "ADM2"}, "geometry": {"type": "Polygon", "coordinates": [[[126.80382990500004, 34.781212168000025], [126.77550960700012, 34.783485290000044], [126.76038343100004, 34.76049891800005], [126.75282034300005, 34.754906670000025], [126.7316436960001, 34.753663897000024], [126.724080608, 34.754906670000025], [126.71878644600008, 34.76112025500004], [126.7097107400001, 34.76049891800005], [126.70063503400002, 34.75242110500005], [126.69080302000009, 34.74682831000007], [126.6643322110001, 34.73812765400004], [126.6643322110001, 34.73129078200003], [126.66962637300003, 34.72321011300005], [126.67945838700007, 34.72134523100004], [126.68550885800005, 34.713263589000064], [126.68475254900011, 34.703937637000024], [126.67794577000006, 34.694610633000025], [126.67794577000006, 34.687226010000074], [126.67794577000006, 34.68652638000003], [126.68248362300005, 34.68030718600005], [126.69307194600003, 34.67781937800004], [126.70441657800006, 34.68217299300005], [126.7081981230001, 34.679063291000034], [126.71046704900004, 34.67408752500006], [126.702147652, 34.66600126800006], [126.70063503400002, 34.64920421100004], [126.69382825500008, 34.64484886300005], [126.69231563700009, 34.63489292200006], [126.70441657800006, 34.62929218000005], [126.70592919600006, 34.62431342600007], [126.70366027000011, 34.60813041000006], [126.68399624000006, 34.600660262000076], [126.68097100500006, 34.58820852200006], [126.68853409300004, 34.58073658200004], [126.69836610800007, 34.57450945200003], [126.69987872500008, 34.56703628100007], [126.69760979900002, 34.55271082500008], [126.69609718100003, 34.546481596000035], [126.68550885800005, 34.54212085900008], [126.67945838700007, 34.53713687900006], [126.68097100500006, 34.529037276000054], [126.6892904020001, 34.52529873100008], [126.69080302000009, 34.513458901000035], [126.69155932800004, 34.49413767000004], [126.68702147600004, 34.470447472000046], [126.69382825500008, 34.46732984000005], [126.71727382800009, 34.46732984000005], [126.72256799000002, 34.46920043400007], [126.73542524000004, 34.468576907000056], [126.74525725500007, 34.47169449300003], [126.74374463700008, 34.476058917000046], [126.73920678400009, 34.48042311300003], [126.73996309300003, 34.48603388600003], [126.74676987200007, 34.48915081900003], [126.76038343100004, 34.499124223000024], [126.7596271220001, 34.51034287600004], [126.75735819600004, 34.516574809000076], [126.75887081300004, 34.52280627500005], [126.76567759300008, 34.52592183400003], [126.76340866600003, 34.53651386100006], [126.76945913700001, 34.58260463000005], [126.76945913700001, 34.61186523200007], [126.77172806300007, 34.62120155200006], [126.7800474600001, 34.62804752000005], [126.78609793100009, 34.627425182000025], [126.78231638700004, 34.60688543200007], [126.79592994600011, 34.584472636000044], [126.79895518100011, 34.57637764000003], [126.8004677990001, 34.55582526400008], [126.79290471000002, 34.53713687900006], [126.79063578400007, 34.51969060000005], [126.79668625400006, 34.50784997300008], [126.79668625400006, 34.484163670000044], [126.8050056510001, 34.47107098500004], [126.80576196000004, 34.464212092000025], [126.80878719600003, 34.45859985100003], [126.81483766600002, 34.45361087600003], [126.82996384300009, 34.45111627600005], [126.83979585700001, 34.45423451400006], [126.8488715630001, 34.449245278000035], [126.85643465100009, 34.44238459200005], [126.87139811582502, 34.44144727991037], [126.85870357800002, 34.457976245000054], [126.85643465100009, 34.50161738800006], [126.85416572500003, 34.511589300000026], [126.86021619500002, 34.51969060000005], [126.87836760700009, 34.532775652000055], [126.88290546000007, 34.54398977400007], [126.87988022500008, 34.56454507400008], [126.8738297540001, 34.58384997200005], [126.85719096000003, 34.601282800000035], [126.85643465100009, 34.60875289200004], [126.85794726900008, 34.61684473400004], [126.864754048, 34.619956770000044], [126.87761129800003, 34.62120155200006], [126.8723171360001, 34.66413509600005], [126.86626666600012, 34.67284353700006], [126.85719096000003, 34.680929126000024], [126.85870357800002, 34.688392047000036], [126.8518967980001, 34.72445334400004], [126.84509001900005, 34.73066922000004], [126.82769491600004, 34.74123513700005], [126.8239133720001, 34.74807118600006], [126.82315706300005, 34.75925622900007], [126.81861921000007, 34.76857594000006], [126.8065182690001, 34.77043975600003], [126.8034930340001, 34.77913700800008], [126.80382990500004, 34.781212168000025]]]}}, {"type": "Feature", "properties": {"shapeName": "Haenam-gun", "shapeISO": "", "shapeID": "91817680B93885607227135", "shapeGroup": "KOR", "shapeType": "ADM2"}, "geometry": {"type": "Polygon", "coordinates": [[[126.67794577000006, 34.687226010000074], [126.66045612800008, 34.685282578000056], [126.64863880300004, 34.67556473700006], [126.63563974500005, 34.670705388000044], [126.62500415200009, 34.67264916200003], [126.60964162900007, 34.67848020900004], [126.59427910700003, 34.679452010000034], [126.56119059600007, 34.67848020900004], [126.55410020000011, 34.670705388000044], [126.55882713100004, 34.662929838000025], [126.56946272300002, 34.65320937400003], [126.62500415200009, 34.62793083200006], [126.60609643200007, 34.628903226000034], [126.58718871100007, 34.63376502500006], [126.53637421300004, 34.65806974800006], [126.51037609700006, 34.66195784300004], [126.48319624900012, 34.677508396000064], [126.48201451600005, 34.66973348500005], [126.47374238800012, 34.66584575500008], [126.46428852800011, 34.668761569000026], [126.44656254000006, 34.69208438900006], [126.4548346680001, 34.697914067000056], [126.45601640000007, 34.704714840000065], [126.44656254000006, 34.70762928500005], [126.42174615700003, 34.70860074500007], [126.40756536700007, 34.71442925900004], [126.39338457600002, 34.713457869000024], [126.383930716, 34.70180029100004], [126.38511244900008, 34.691112736000036], [126.38156725100009, 34.685282578000056], [126.3650229960001, 34.67362103200003], [126.36384126300004, 34.66001381800004], [126.37802205300011, 34.64251554600003], [126.3910211110001, 34.63182034000005], [126.42174615700003, 34.61723374500008], [126.44419907500003, 34.60069917100003], [126.45247120300007, 34.58999857400005], [126.4323817500001, 34.58999857400005], [126.42174615700003, 34.59875371000004], [126.39692977400011, 34.60945317900007], [126.38511244900008, 34.616261214000076], [126.37329512300005, 34.62793083200006], [126.3461152750001, 34.67362103200003], [126.34138834500004, 34.69305603000004], [126.34729700800006, 34.70180029100004], [126.34729700800006, 34.70860074500007], [126.33902488000001, 34.717343363000055], [126.32957102000012, 34.72317126100006], [126.32838928700005, 34.74259462300006], [126.29884597400007, 34.76201342000007], [126.29057384600003, 34.756188260000044], [126.28348345100005, 34.74550773400006], [126.28111998600002, 34.717343363000055], [126.27048439300006, 34.69694248300004], [126.26103053300005, 34.68625430000003], [126.25748533500007, 34.67556473700006], [126.26457573000005, 34.65029301200008], [126.27048439300006, 34.640571066000064], [126.2823017180001, 34.630847980000055], [126.28702864900004, 34.62404114200007], [126.28702864900004, 34.61237097700007], [126.28348345100005, 34.60361727600008], [126.28939211400007, 34.59388986000005], [126.30711810200012, 34.594862653000064], [126.31184503200006, 34.58610710700003], [126.3142084970001, 34.575404631000026], [126.32602582200002, 34.571512480000024], [126.34966047300009, 34.571512480000024], [126.36265953000009, 34.56567391200008], [126.36738646100002, 34.55983493300005], [126.38511244900008, 34.55983493300005], [126.38156725100009, 34.54231554000006], [126.38983937900002, 34.53744838700004], [126.40165670400006, 34.539395282000044], [126.40756536700007, 34.55204899200004], [126.42056442400008, 34.55788851600005], [126.428836552, 34.55788851600005], [126.4453808080001, 34.54134213200007], [126.47147346200006, 34.522183150000046], [126.47752393200005, 34.513458901000035], [126.4767676240001, 34.499124223000024], [126.46542299100008, 34.48915081900003], [126.45861621200004, 34.47792931400005], [126.46769191800001, 34.47107098500004], [126.46996084400007, 34.45735263500006], [126.46239775600009, 34.449245278000035], [126.46239775600009, 34.44550315500004], [126.47298608000006, 34.43178060500003], [126.48130547700009, 34.42866152900007], [126.48433071200009, 34.43427578200004], [126.49567534400012, 34.434899564000034], [126.5047510500001, 34.44113713400003], [126.51231413800008, 34.434899564000034], [126.51533937300007, 34.42304689900004], [126.51458306500001, 34.41618406200007], [126.51080152100008, 34.41056859500003], [126.50248212400004, 34.404328744000054], [126.49113749100002, 34.408072710000056], [126.49038118200008, 34.39871248000003], [126.49945688800005, 34.384982250000064], [126.49567534400012, 34.38248560200003], [126.48357440300003, 34.38685468600005], [126.4797928590001, 34.37686787300004], [126.4828180940001, 34.36812843400003], [126.48962487400001, 34.360636760000034], [126.49718796200011, 34.35751503200004], [126.5047510500001, 34.36250974100005], [126.51382675600007, 34.365631284000074], [126.51912091800011, 34.36375837200006], [126.52063353500012, 34.35314441700007], [126.52895293200004, 34.336284196000065], [126.52592769700004, 34.327540525000074], [126.51458306500001, 34.31629732300007], [126.5176083, 34.29693050000003], [126.5266840060001, 34.29318156700003], [126.53273447600009, 34.30442786500004], [126.54029756500006, 34.30692683800004], [126.5486169620001, 34.31254925400003], [126.55769266700008, 34.32004522500006], [126.55996159400001, 34.32504216600006], [126.57886931400003, 34.32379295900006], [126.5955081080001, 34.31442331000005], [126.60080227000003, 34.31692198500008], [126.60080227000003, 34.32629135500002], [126.60458381400008, 34.347524720000024], [126.6204662990001, 34.36313405900006], [126.62122260800004, 34.37000124700006], [126.61441582900011, 34.381861428000036], [126.6159284470001, 34.39808842800005], [126.6204662990001, 34.40370473300004], [126.62878569600002, 34.40869668800008], [126.64618079900004, 34.41244045900004], [126.64920603500002, 34.41743189300007], [126.65676912300012, 34.42304689900004], [126.67567684300002, 34.425542337000024], [126.68172731400011, 34.43178060500003], [126.69534087300008, 34.440513398000064], [126.71197966700004, 34.44238459200005], [126.72710584300012, 34.44799792200007], [126.71727382800009, 34.46732984000005], [126.69382825500008, 34.46732984000005], [126.68702147600004, 34.470447472000046], [126.69155932800004, 34.49413767000004], [126.69080302000009, 34.513458901000035], [126.6892904020001, 34.52529873100008], [126.68097100500006, 34.529037276000054], [126.67945838700007, 34.53713687900006], [126.68550885800005, 34.54212085900008], [126.69609718100003, 34.546481596000035], [126.69760979900002, 34.55271082500008], [126.69987872500008, 34.56703628100007], [126.69836610800007, 34.57450945200003], [126.68853409300004, 34.58073658200004], [126.68097100500006, 34.58820852200006], [126.68399624000006, 34.600660262000076], [126.70366027000011, 34.60813041000006], [126.70592919600006, 34.62431342600007], [126.70441657800006, 34.62929218000005], [126.69231563700009, 34.63489292200006], [126.69382825500008, 34.64484886300005], [126.70063503400002, 34.64920421100004], [126.702147652, 34.66600126800006], [126.71046704900004, 34.67408752500006], [126.7081981230001, 34.679063291000034], [126.70441657800006, 34.68217299300005], [126.69307194600003, 34.67781937800004], [126.68248362300005, 34.68030718600005], [126.67794577000006, 34.68652638000003], [126.67794577000006, 34.687226010000074]]]}}, {"type": "Feature", "properties": {"shapeName": "Yeongam-gun", "shapeISO": "", "shapeID": "91817680B36456413113015", "shapeGroup": "KOR", "shapeType": "ADM2"}, "geometry": {"type": "Polygon", "coordinates": [[[126.844806403, 34.86873513900008], [126.822353485, 34.86582638100003], [126.80226403200004, 34.866795979000074], [126.77981111400004, 34.89103220100003], [126.74908606800011, 34.893940067000074], [126.73254181300001, 34.88327738700008], [126.72308795200001, 34.894909333000044], [126.7207244870001, 34.907508750000034], [126.70418023200011, 34.92107519000007], [126.70418023200011, 34.93173296300006], [126.6982715690001, 34.94238935200008], [126.68409077900003, 34.94335804600007], [126.67109172100004, 34.939483202000076], [126.66990998900008, 34.930764132000036], [126.68054558100005, 34.92398199300004], [126.68409077900003, 34.91719929300007], [126.68290904600008, 34.88812423200005], [126.67818211600002, 34.88230798400008], [126.66400132600006, 34.881338570000025], [126.64273014000003, 34.88424677900008], [126.63563974500005, 34.894909333000044], [126.63682147800012, 34.90653963300008], [126.63563974500005, 34.916230290000044], [126.62500415200009, 34.92398199300004], [126.60964162900007, 34.925919804000046], [126.58482524600004, 34.916230290000044], [126.58009831600009, 34.87067425400005], [126.57064445600008, 34.86485677200005], [126.56237232800004, 34.866795979000074], [126.55173673500008, 34.84255261100003], [126.55173673500008, 34.82315277400005], [126.5446463400001, 34.81054042900007], [126.53519248000009, 34.80180767400003], [126.53046555000003, 34.79501489200004], [126.52337515500005, 34.779486432000056], [126.51392129400006, 34.76589663100003], [126.4902866440001, 34.761042588000066], [126.48083278400009, 34.77560386000005], [126.47019719100001, 34.78239824100007], [126.45956159800005, 34.78433939000007], [126.43474521500002, 34.776574520000054], [126.39574804100005, 34.77172110500004], [126.39213387400002, 34.76832813400006], [126.38510299400002, 34.76907296200005], [126.38056514200002, 34.76758188700006], [126.3819264980001, 34.75565232500003], [126.3737583620001, 34.74856833100006], [126.36740536900004, 34.74856833100006], [126.36241373000007, 34.74222950600006], [126.37103565100006, 34.73812765400004], [126.37363719400003, 34.73894990300005], [126.37802205300011, 34.735796966000066], [126.45365293500004, 34.71928604100003], [126.46901545800006, 34.72122867400003], [126.47965105100002, 34.71831470800004], [126.50092223700005, 34.70762928500005], [126.51155782900003, 34.69208438900006], [126.51746649200004, 34.68625430000003], [126.53637421300004, 34.67556473700006], [126.55736178200004, 34.674281896000025], [126.56119059600007, 34.67848020900004], [126.59427910700003, 34.679452010000034], [126.60964162900007, 34.67848020900004], [126.62500415200009, 34.67264916200003], [126.63563974500005, 34.670705388000044], [126.64863880300004, 34.67556473700006], [126.66045612800008, 34.685282578000056], [126.67794577000006, 34.687226010000074], [126.67794577000006, 34.694610633000025], [126.68475254900011, 34.703937637000024], [126.68550885800005, 34.713263589000064], [126.67945838700007, 34.72134523100004], [126.66962637300003, 34.72321011300005], [126.6643322110001, 34.73129078200003], [126.6643322110001, 34.73812765400004], [126.69080302000009, 34.74682831000007], [126.70063503400002, 34.75242110500005], [126.7097107400001, 34.76049891800005], [126.71878644600008, 34.76112025500004], [126.724080608, 34.754906670000025], [126.7316436960001, 34.753663897000024], [126.75282034300005, 34.754906670000025], [126.76038343100004, 34.76049891800005], [126.77550960700012, 34.783485290000044], [126.80382990500004, 34.781212168000025], [126.8050056510001, 34.78845447400005], [126.80424934300004, 34.80025508800003], [126.81256874000007, 34.82260951300003], [126.81861921000007, 34.828197171000056], [126.84433371000011, 34.835026017000075], [126.85265310700004, 34.84061283300008], [126.85870357800002, 34.84806133100005], [126.86505617024633, 34.86234231130555], [126.85544199600008, 34.861947877000034], [126.844806403, 34.86873513900008]]]}}, {"type": "Feature", "properties": {"shapeName": "Boseong-gun", "shapeISO": "", "shapeID": "91817680B27152027053647", "shapeGroup": "KOR", "shapeType": "ADM2"}, "geometry": {"type": "Polygon", "coordinates": [[[127.03286293341468, 34.835292358853344], [127.025847827, 34.80957016800005], [127.01601581200009, 34.790317842000036], [127.02736044400001, 34.74061364900007], [127.01677212100003, 34.73129078200003], [127.00164594500006, 34.72134523100004], [126.98425084200005, 34.71575033200003], [126.97593144500001, 34.70704640500003], [126.97668775400007, 34.693366953000066], [126.98651976800011, 34.680929126000024], [127.00845272400011, 34.67844133700004], [127.04626816500001, 34.65418147200006], [127.05458756200005, 34.64484886300005], [127.06971373800002, 34.66040262700005], [127.08257098800004, 34.667867397000066], [127.10601656200004, 34.67657544600007], [127.12251354800003, 34.70277181900008], [127.13196740800004, 34.70665781500003], [127.14496646600003, 34.697914067000056], [127.17687324400003, 34.69208438900006], [127.19814443000007, 34.70957219200005], [127.20878002300003, 34.722199973000045], [127.20996175500011, 34.73385467500003], [127.21468868500006, 34.741623564000065], [127.24565742645267, 34.777611857528925], [127.24489672300001, 34.779486432000056], [127.26151483700005, 34.788585494000074], [127.30213689300001, 34.80526450000008], [127.31702672200004, 34.81267496100003], [127.32685873700007, 34.81950509400008], [127.35030431100006, 34.827576339000075], [127.3571110900001, 34.83192206600006], [127.36821370300004, 34.83624273400005], [127.37789445600004, 34.83743460200003], [127.38467098300009, 34.83624273400005], [127.39289962300006, 34.827501839000035], [127.39677192400006, 34.82551514200003], [127.40306441400003, 34.82551514200003], [127.41806958100005, 34.83028313300008], [127.42048976900003, 34.83385894500003], [127.40403248900009, 34.83425624800003], [127.38660713400009, 34.840215561000036], [127.38079868200009, 34.845777197000075], [127.37692638100009, 34.85411894600003], [127.35030431100006, 34.858090910000044], [127.34352778300001, 34.86523996300008], [127.33675125600007, 34.87794785500006], [127.31835782600001, 34.88072744500005], [127.31158129900007, 34.88588929000008], [127.29512401900001, 34.88985972000006], [127.26947002400004, 34.88191866900007], [127.25204466900004, 34.88072744500005], [127.23607142600008, 34.88549223700005], [127.23714160300005, 34.92785757000007], [127.23005120800008, 34.93754571100004], [127.22532427800002, 34.949169969000025], [127.21823388300004, 34.95595002600004], [127.20168962700006, 34.96660326700004], [127.2005551640001, 34.97210367200006], [127.1945046940001, 34.97644175800008], [127.17584792500008, 34.984148824000044], [127.17096458200001, 34.967571675000045], [127.13905780300001, 34.96660326700004], [127.12487701300006, 34.96079258000003], [127.10833275700008, 34.939483202000076], [127.09533370000008, 34.93270178300003], [127.08706157200004, 34.919137265000074], [127.08233464200009, 34.905570504000025], [127.08824330400012, 34.894909333000044], [127.084698107, 34.87164379500007], [127.07169904900002, 34.86873513900008], [127.06460865400004, 34.856129777000035], [127.04924613100002, 34.836733140000035], [127.03286293341468, 34.835292358853344]]]}}, {"type": "Feature", "properties": {"shapeName": "Suncheon-si", "shapeISO": "", "shapeID": "91817680B16002130574290", "shapeGroup": "KOR", "shapeType": "ADM2"}, "geometry": {"type": "Polygon", "coordinates": [[[127.20783622300007, 35.129271309000046], [127.19696269700012, 35.12720209300005], [127.18987230200003, 35.09820158900004], [127.18869057000006, 35.08756548500003], [127.18987230200003, 35.07886218700003], [127.19578096500004, 35.06435462600007], [127.19578096500004, 35.05564885200005], [127.18869057000006, 35.04500720000004], [127.18869057000006, 35.015977468000074], [127.18632710500003, 35.005330650000076], [127.17923670900007, 34.99565052200006], [127.17584792500008, 34.984148824000044], [127.1945046940001, 34.97644175800008], [127.2005551640001, 34.97210367200006], [127.20168962700006, 34.96660326700004], [127.21823388300004, 34.95595002600004], [127.22532427800002, 34.949169969000025], [127.23005120800008, 34.93754571100004], [127.23714160300005, 34.92785757000007], [127.23607142600008, 34.88549223700005], [127.25204466900004, 34.88072744500005], [127.26947002400004, 34.88191866900007], [127.29512401900001, 34.88985972000006], [127.31158129900007, 34.88588929000008], [127.31835782600001, 34.88072744500005], [127.33675125600007, 34.87794785500006], [127.34352778300001, 34.86523996300008], [127.35030431100006, 34.858090910000044], [127.37692638100009, 34.85411894600003], [127.38079868200009, 34.845777197000075], [127.38660713400009, 34.840215561000036], [127.40403248900009, 34.83425624800003], [127.42048976900003, 34.83385894500003], [127.44748999400008, 34.831883266000034], [127.45458038900006, 34.83382325000008], [127.4628525170001, 34.83867300900005], [127.4888506320001, 34.83964292700006], [127.49475929500011, 34.84837167100005], [127.49357756300003, 34.860008556000025], [127.49712276000002, 34.87358284100003], [127.51248528300005, 34.87939970600007], [127.523120876, 34.87358284100003], [127.52902953800003, 34.84158272800005], [127.54084686400006, 34.836733140000035], [127.55148245700002, 34.84546219200007], [127.55620938700008, 34.85709948900006], [127.55620938700008, 34.86582638100003], [127.54202859600002, 34.877460797000026], [127.55030072400007, 34.88424677900008], [127.58220750200007, 34.881338570000025], [127.59047963000012, 34.88424677900008], [127.59746872200003, 34.88615782800008], [127.60434789300007, 34.888038779000055], [127.5855466050001, 34.907724280000025], [127.5907447300001, 34.912200151000036], [127.58693443300001, 34.91719929300007], [127.592055748, 34.919823861000054], [127.59638829300002, 34.92204413600007], [127.59166136300007, 34.930764132000036], [127.56802671200012, 34.94045193000005], [127.55739111900004, 34.94820134400004], [127.5491189920001, 34.96176105700005], [127.55502765400001, 34.97919167600003], [127.55739111900004, 34.99274626000005], [127.56329978200006, 35.000490729000035], [127.56684497900005, 35.00920238000003], [127.56448151400002, 35.020816473000025], [127.54202859600002, 35.05081190900006], [127.53257473600002, 35.06725634400004], [127.53338597668026, 35.10659439551021], [127.53139300400005, 35.10883630500007], [127.52193914300005, 35.11656977300004], [127.50657662000003, 35.12236939200005], [127.49830449300009, 35.132034506000025], [127.49357756300003, 35.142664807000074], [127.46048905200007, 35.16198907000006], [127.4439447960001, 35.17841108500005], [127.43330920300002, 35.18324045800006], [127.41297525400012, 35.176012945000025], [127.41558321600007, 35.170683491000034], [127.41440148300012, 35.13300095500006], [127.38840336700002, 35.11946963400004], [127.38367643700008, 35.109803029000034], [127.37304084400012, 35.09916843900004], [127.34349753100003, 35.092400250000026], [127.34231579900006, 35.083697467000036], [127.3352254030001, 35.070157960000074], [127.31868114800011, 35.06725634400004], [127.30095516000006, 35.07789509600008], [127.28441090500007, 35.083697467000036], [127.27023011400001, 35.085631499000044], [127.25723105600002, 35.097234728000046], [127.238323336, 35.10593606600003], [127.21941561500012, 35.125269047000074], [127.20759829000008, 35.12816859800006], [127.20783622300007, 35.129271309000046]]]}}, {"type": "Feature", "properties": {"shapeName": "Seocheon-gun", "shapeISO": "", "shapeID": "91817680B6691327376510", "shapeGroup": "KOR", "shapeType": "ADM2"}, "geometry": {"type": "Polygon", "coordinates": [[[126.7010756463091, 36.17324812064954], [126.65691093100008, 36.169086796000045], [126.62382242000001, 36.165270752000026], [126.60609643200007, 36.165270752000026], [126.58482524600004, 36.170040777000054], [126.56946272300002, 36.17576442500007], [126.56828099100005, 36.18434911200006], [126.55528193300006, 36.188164226000026], [126.54346460800002, 36.183395304000044], [126.53637421300004, 36.17290265300005], [126.51392129400006, 36.15095893400007], [126.50210396900002, 36.14809625700008], [126.4997405040001, 36.13759888000004], [126.50210396900002, 36.12996354200004], [126.51037609700006, 36.11850914200005], [126.52455688700002, 36.14427919100007], [126.537555945, 36.14714200800006], [126.54819153800008, 36.13950759800008], [126.560008863, 36.12805459200007], [126.57182618800005, 36.131872446000045], [126.59427910700003, 36.127100099000074], [126.60609643200007, 36.109917246000066], [126.61082336200002, 36.09750506900008], [126.64863880300004, 36.08604593500007], [126.64391187300009, 36.07649538000004], [126.6309128150001, 36.06694366500005], [126.61555029200008, 36.06312265400004], [126.61791375700011, 36.05452470200004], [126.63209454800005, 36.050703088000034], [126.64982053500012, 36.04974765500003], [126.66045612800008, 36.04497031900007], [126.67109172100004, 36.03159223600005], [126.66518305800003, 36.00769714900008], [126.6722734540001, 35.996224934000054], [126.68552824300002, 35.989847542000064], [126.69231563700009, 35.99683682700004], [126.7316436960001, 35.992553473000044], [126.74374463700008, 35.999896224000054], [126.74979510800006, 36.00907370300007], [126.7581145050001, 36.01702665300007], [126.76794651900002, 36.01947355300007], [126.77475329900005, 36.02375544600005], [126.79290471000002, 36.025590471000044], [126.80878719600003, 36.02497880100003], [126.81937551900012, 36.03231853300008], [126.82240075400011, 36.04149223600007], [126.83374538700002, 36.045772932000034], [126.84660263700005, 36.04638444100004], [126.85567834200003, 36.05433362500003], [126.86852274196191, 36.065992292257846], [126.86844105400007, 36.068854101000056], [126.84953333300007, 36.072674833000065], [126.84362467100004, 36.08127080200006], [126.84362467100004, 36.091775711000025], [126.84007947300006, 36.11373598200004], [126.83298907800008, 36.124236551000024], [126.799900567, 36.13759888000004], [126.79871883400006, 36.154775674000064], [126.79399190400011, 36.169086796000045], [126.77390245100003, 36.17194870600008], [126.75026780100006, 36.17194870600008], [126.73490527800004, 36.170994748000055], [126.72190622000005, 36.16622478000005], [126.70654369700003, 36.167178797000076], [126.7010756463091, 36.17324812064954]]]}}, {"type": "Feature", "properties": {"shapeName": "Hongseong-gun", "shapeISO": "", "shapeID": "91817680B43357769940671", "shapeGroup": "KOR", "shapeType": "ADM2"}, "geometry": {"type": "Polygon", "coordinates": [[[126.58823800800008, 36.64353127100003], [126.53991941000004, 36.63419603700004], [126.5221934220001, 36.62566091100007], [126.51273956200009, 36.62471250500005], [126.50328570200008, 36.63040276400005], [126.48201451600005, 36.63893736500006], [126.47256065600004, 36.633247736000044], [126.4678337260001, 36.620918766000045], [126.47137892300009, 36.61427927200003], [126.48437798100008, 36.611433600000055], [126.48910491100003, 36.60384462700006], [126.47610585300004, 36.590562128000045], [126.46547026100006, 36.590562128000045], [126.4583798650001, 36.58486892900004], [126.4583798650001, 36.54025767400003], [126.47374238800012, 36.52981302200004], [126.48889637000002, 36.50769028000008], [126.4997405040001, 36.50986931500006], [126.51628475900009, 36.516517789000034], [126.53637421300004, 36.50132043900004], [126.54700980500002, 36.49942056100008], [126.59191564100001, 36.49847060400003], [126.5990060370001, 36.48707021400003], [126.60136950200001, 36.46616514100003], [126.61436856000012, 36.47566814600003], [126.62382242000001, 36.47661838300007], [126.63209454800005, 36.461413202000074], [126.63800321000008, 36.45571049100005], [126.64982053500012, 36.45285897700006], [126.68284217700011, 36.44988309100006], [126.68323993100012, 36.451376149000055], [126.6877777840001, 36.458067662000076], [126.70139134300007, 36.465975069000024], [126.73920678400009, 36.46779974100008], [126.74525725500007, 36.47205714200004], [126.74979510800006, 36.479354998000076], [126.750551416, 36.487868296000045], [126.75433296100005, 36.49698864800007], [126.77172806300007, 36.50610792600003], [126.77172806300007, 36.51097110200004], [126.77713358924977, 36.52643502266385], [126.77405016800003, 36.52726098900007], [126.7537391400001, 36.52429340400005], [126.74635331200011, 36.54061371700004], [126.74635331200011, 36.553964138000026], [126.7537391400001, 36.56879523600003], [126.77589662500009, 36.589553988000034], [126.78143599600003, 36.59993127100006], [126.78143599600003, 36.61030715900006], [126.77589662500009, 36.626609305000045], [126.75927851100005, 36.63401823100003], [126.74450685500005, 36.64438953200005], [126.75189268300005, 36.65475943700005], [126.71127062700009, 36.66512794400006], [126.69834542800004, 36.656240737000076], [126.68172731400011, 36.65031536300006], [126.66510920000007, 36.65179674900003], [126.64110525800004, 36.64883394800006], [126.63371943000004, 36.61919966600004], [126.62079423000012, 36.61475354100003], [126.59309737400008, 36.61771765300006], [126.58571154600008, 36.63846324600007], [126.58823800800008, 36.64353127100003]]]}}, {"type": "Feature", "properties": {"shapeName": "Seosan-si", "shapeISO": "", "shapeID": "91817680B60871253292980", "shapeGroup": "KOR", "shapeType": "ADM2"}, "geometry": {"type": "Polygon", "coordinates": [[[126.6612316400001, 36.760600597000064], [126.65100226800007, 36.788612973000056], [126.64745707000009, 36.797130018000075], [126.63800321000008, 36.80280752200008], [126.62382242000001, 36.808484606000036], [126.61436856000012, 36.80943074500004], [126.60609643200007, 36.81416126800008], [126.5990060370001, 36.826459259000046], [126.58482524600004, 36.82835108200004], [126.57537138600003, 36.81889149800003], [126.55528193300006, 36.816999441000064], [126.53519248000009, 36.81889149800003], [126.5221934220001, 36.82835108200004], [126.51273956200009, 36.86050491900005], [126.48555971400003, 36.87374080400008], [126.48201451600005, 36.88508402400004], [126.48201451600005, 36.904930603000025], [126.48674144600011, 36.91626918800006], [126.49737703900007, 36.926661410000065], [126.49737703900007, 36.94555273100008], [126.49737703900007, 36.94838602500005], [126.428836552, 37.00691717500007], [126.4134740290001, 37.00691717500007], [126.39929323900003, 37.00125483800008], [126.36147779800001, 37.00408605900003], [126.35084220500005, 36.99936729800004], [126.34020661200009, 36.98992889800007], [126.3366614150001, 36.97860127200005], [126.34375181000007, 36.96538357700007], [126.36147779800001, 36.94649717400006], [126.37329512300005, 36.94177484100004], [126.38156725100009, 36.93327390500008], [126.38156725100009, 36.912489847000074], [126.38983937900002, 36.915324370000064], [126.39692977400011, 36.924772020000034], [126.4134740290001, 36.924772020000034], [126.41465576200005, 36.91343469900005], [126.43120001700004, 36.895480494000026], [126.42410962200006, 36.88886472200005], [126.41111056400007, 36.88697439600003], [126.40520190200004, 36.87752206500005], [126.39220284400005, 36.87185010400003], [126.38274898400005, 36.86523228400006], [126.37329512300005, 36.83402627100003], [126.36265953000009, 36.82078350900008], [126.35084220500005, 36.84915805000003], [126.33902488000001, 36.85199492500004], [126.32957102000012, 36.83970103900003], [126.32957102000012, 36.830242859000066], [126.34729700800006, 36.81416126800008], [126.35202393800012, 36.79807629800007], [126.35675086800006, 36.76589622300003], [126.35084220500005, 36.73559675200005], [126.3521832376299, 36.72843114141374], [126.35438740300003, 36.716653508000036], [126.35793260000003, 36.678753002000064], [126.3685681930001, 36.658847758000036], [126.3685681930001, 36.62376408800003], [126.37329512300005, 36.61712483900004], [126.38983937900002, 36.61712483900004], [126.40874709900004, 36.60004986100006], [126.41820095900005, 36.59435736100005], [126.42765482000004, 36.60194726700007], [126.43829041200001, 36.62471250500005], [126.44065387800003, 36.656951752000055], [126.44656254000006, 36.67211849300003], [126.46074333100012, 36.68633459800003], [126.46665199300003, 36.67496192400006], [126.47917835800001, 36.63723052100005], [126.48201451600005, 36.63893736500006], [126.50328570200008, 36.63040276400005], [126.51273956200009, 36.62471250500005], [126.5221934220001, 36.62566091100007], [126.53991941000004, 36.63419603700004], [126.58823800800008, 36.64353127100003], [126.59309737400008, 36.65327810700006], [126.60048320200008, 36.67253316600005], [126.60417611600008, 36.69326399700003], [126.61525485900006, 36.71398923900006], [126.62633360100006, 36.72582972500004], [126.64110525800004, 36.736188653000056], [126.65403045800008, 36.750984698000025], [126.6612316400001, 36.760600597000064]]]}}, {"type": "Feature", "properties": {"shapeName": "Ganghwa-gun", "shapeISO": "", "shapeID": "91817680B24929628173287", "shapeGroup": "KOR", "shapeType": "ADM2"}, "geometry": {"type": "MultiPolygon", "coordinates": [[[[126.24330454500011, 37.646846227000026], [126.2338506850001, 37.65620248400006], [126.2279420220001, 37.641231907000076], [126.24684974200011, 37.62157844700005], [126.26693919500008, 37.61689828500005], [126.26812092800003, 37.62438640200003], [126.27993825300007, 37.62719425200004], [126.28348345100005, 37.63561716300006], [126.27166612600001, 37.647781906000034], [126.25866706800002, 37.64497483400004], [126.24330454500011, 37.646846227000026]]], [[[126.23030548700001, 37.65807359400003], [126.21376123200002, 37.66275116200006], [126.20785256900001, 37.66929926300003], [126.20312563900006, 37.68145848800003], [126.19485351100002, 37.67491146100008], [126.17949098800011, 37.673976124000035], [126.16767366300007, 37.66929926300003], [126.16649193, 37.65807359400003], [126.19367177900006, 37.65620248400006], [126.19839870900012, 37.64591053700008], [126.20785256900001, 37.643103395000026], [126.21966989400005, 37.647781906000034], [126.23030548700001, 37.65807359400003]]], [[[126.23975804200006, 37.718860017000054], [126.2338506850001, 37.72446743800003], [126.22203335900008, 37.716054607000046], [126.21257949900007, 37.71418495900008], [126.22321509200003, 37.70483601300003], [126.24921320800001, 37.70577096100004], [126.23857761500005, 37.71979376100006], [126.23975804200006, 37.718860017000054]]], [[[126.34020661200009, 37.63187376500008], [126.35084220500005, 37.643103395000026], [126.37447685600011, 37.65526691100007], [126.38038551800003, 37.66088017000004], [126.37920378600006, 37.67210541500003], [126.37211339100008, 37.683328962000076], [126.32838928700005, 37.69735600700005], [126.32129889200007, 37.70577096100004], [126.32838928700005, 37.71418495900008], [126.33429795000006, 37.73848669900008], [126.32129889200007, 37.74315919700007], [126.29057384600003, 37.73101009000004], [126.2917555790001, 37.72353272600003], [126.28584691600008, 37.70390105400003], [126.27639305600007, 37.70109610500003], [126.28466518300002, 37.691745507000064], [126.30829983400008, 37.67584678600008], [126.33193448500003, 37.66368664100003], [126.32720755500009, 37.643103395000026], [126.33193448500003, 37.63000199500004], [126.34020661200009, 37.63187376500008]]], [[[126.28821038100011, 37.79453719800006], [126.2693026610001, 37.80947682200008], [126.24566801000003, 37.806675873000074], [126.23030548700001, 37.79547101300005], [126.22912375400006, 37.77679247000003], [126.22676028900003, 37.76745142800007], [126.2149429640001, 37.76184623600005], [126.22321509200003, 37.74596255300003], [126.25039494000009, 37.74596255300003], [126.2598488000001, 37.75343765300005], [126.26693919500008, 37.75624062000003], [126.3142084970001, 37.76371468100007], [126.31775369400009, 37.77305619500004], [126.33547968200003, 37.778660536000075], [126.33547968200003, 37.78893406000003], [126.33075275200008, 37.79547101300005], [126.3142084970001, 37.793603371000074], [126.28821038100011, 37.79453719800006]]], [[[126.5100068050001, 37.76937811400006], [126.49154223500011, 37.77667571400008], [126.45276663600009, 37.800023192000026], [126.42876269400006, 37.81752895900007], [126.3881406380001, 37.80148216500004], [126.37152252400006, 37.789809578000074], [126.36413669600006, 37.773756760000026], [126.36413669600006, 37.75186093700006], [126.36782961000006, 37.73433961100005], [126.35675086800006, 37.709510634000026], [126.3733689820001, 37.696362512000064], [126.3881406380001, 37.68759580200003], [126.39921938100008, 37.67152080900007], [126.41029812300008, 37.64228462500006], [126.40291229500008, 37.63204924100006], [126.3770618960001, 37.62619981700004], [126.3918335520001, 37.602797518000045], [126.41953040900012, 37.58377772800003], [126.44168789300011, 37.58231446600007], [126.47307766400002, 37.58524096200006], [126.49708160600005, 37.57646113000004], [126.52477846200009, 37.57499772400007], [126.52847137600008, 37.58670416600006], [126.54324303300007, 37.59401975800006], [126.55410020000011, 37.59401975800006], [126.55616823200012, 37.59401975800006], [126.55801468900006, 37.61011152800006], [126.53216429000008, 37.63497378000005], [126.53216429000008, 37.67005927300005], [126.52847137600008, 37.689056992000076], [126.51923909100003, 37.705128186000024], [126.52662491900003, 37.722656423000046], [126.52477846200009, 37.74018051400003], [126.5100068050001, 37.76937811400006]]]]}}, {"type": "Feature", "properties": {"shapeName": "Gimpo-si", "shapeISO": "", "shapeID": "91817680B93241302453804", "shapeGroup": "KOR", "shapeType": "ADM2"}, "geometry": {"type": "Polygon", "coordinates": [[[126.55410020000011, 37.59401975800006], [126.57537138600003, 37.58319242700003], [126.57722960500007, 37.58309425500005], [126.59309737400008, 37.582255935000035], [126.61673202500003, 37.59068393700005], [126.62973108200003, 37.59723839000003], [126.65927439600011, 37.62345042900006], [126.67345518600007, 37.62813017800005], [126.68645424400006, 37.61877038500006], [126.70890716200006, 37.59723839000003], [126.72308795200001, 37.589747540000076], [126.72395136380796, 37.58971333143693], [126.74672260300008, 37.58881113000007], [126.75617646300009, 37.57757329900005], [126.78335631100003, 37.573826979000046], [126.78547225791341, 37.574589242422384], [126.79635536900003, 37.578509850000046], [126.80462749700007, 37.584128907000036], [126.80287086800001, 37.59248077500007], [126.80226403200004, 37.59536574800006], [126.77272071900006, 37.61315394400003], [126.72545141700004, 37.637488792000056], [126.67818211600002, 37.66462210700007], [126.67463691900002, 37.678652690000035], [126.6758186510001, 37.68800493800006], [126.68051946600008, 37.69135286000005], [126.68763597600002, 37.69642095300003], [126.68881770900009, 37.71138039900006], [126.68054558100005, 37.73194470800007], [126.67936384900008, 37.75717491900008], [126.67463691900002, 37.76745142800007], [126.668728256, 37.76745142800007], [126.66754652300006, 37.76745142800007], [126.65927439600011, 37.76838558500003], [126.646275338, 37.76464888500004], [126.63327628000002, 37.751568949000045], [126.62973108200003, 37.74315919700007], [126.57537138600003, 37.74689698200007], [126.5670992580001, 37.75343765300005], [126.54228287500007, 37.76278046400006], [126.53637421300004, 37.77305619500004], [126.52810208500011, 37.77959455200005], [126.52101169000002, 37.77772650900005], [126.5100068050001, 37.76937811400006], [126.52477846200009, 37.74018051400003], [126.52662491900003, 37.722656423000046], [126.51923909100003, 37.705128186000024], [126.52847137600008, 37.689056992000076], [126.53216429000008, 37.67005927300005], [126.53216429000008, 37.63497378000005], [126.55801468900006, 37.61011152800006], [126.55616823200012, 37.59401975800006], [126.55410020000011, 37.59401975800006]]]}}, {"type": "Feature", "properties": {"shapeName": "Paju-si", "shapeISO": "", "shapeID": "91817680B14253606839965", "shapeGroup": "KOR", "shapeType": "ADM2"}, "geometry": {"type": "Polygon", "coordinates": [[[126.83603446997836, 37.950394039166525], [126.83535254300011, 37.92422423800008], [126.83417081000005, 37.915834146000066], [126.82708041500007, 37.904645867000056], [126.8258986830001, 37.89532100200006], [126.82117175200005, 37.88599495500006], [126.81053616000008, 37.87946601900006], [126.79635536900003, 37.88692761300007], [126.78926497400005, 37.90557828900006], [126.7750841840001, 37.908375482000054], [126.77035725400003, 37.925156412000035], [126.7750841840001, 37.944729324000036], [126.7750841840001, 37.957775036000044], [126.76799378900012, 37.969886838000036], [126.75617646300009, 37.97268158500003], [126.74554087000001, 37.96150195700005], [126.74908606800011, 37.94659313900007], [126.73490527800004, 37.939137595000034], [126.7301783480001, 37.92795286100005], [126.71836102200007, 37.92422423800008], [126.69354463900004, 37.933545441000035], [126.68172731400011, 37.948456907000036], [126.67345518600007, 37.937273591000064], [126.66990998900008, 37.911172570000076], [126.68290904600008, 37.90091606300007], [126.713634092, 37.89905109000006], [126.73608701000012, 37.88226420500007], [126.75972166100007, 37.84681266000007], [126.75735819600004, 37.83841374300005], [126.73726874300007, 37.835613892000026], [126.7301783480001, 37.83281393400006], [126.68645424400006, 37.82721370000007], [126.67463691900002, 37.82067955700006], [126.66990998900008, 37.81041044800003], [126.668728256, 37.76745142800007], [126.67463691900002, 37.76745142800007], [126.67936384900008, 37.75717491900008], [126.68054558100005, 37.73194470800007], [126.68881770900009, 37.71138039900006], [126.68763597600002, 37.69642095300003], [126.68051946600008, 37.69135286000005], [126.70654369700003, 37.68800493800006], [126.73136008000006, 37.69735600700005], [126.7750841840001, 37.69642095300003], [126.78217457900007, 37.71138039900006], [126.79517363700006, 37.72353272600003], [126.8069909620001, 37.72540213800005], [126.82117175200005, 37.716054607000046], [126.83771600800003, 37.71698941300008], [126.84598813600007, 37.729140820000055], [126.8613506590001, 37.72820616700005], [126.8743497160001, 37.71511978900003], [126.88971223900012, 37.713250118000076], [126.89562090200002, 37.727271503000054], [126.90743822700006, 37.736617618000025], [126.93698154100002, 37.73755216500007], [126.93579980800007, 37.76371468100007], [126.92280075000008, 37.77585841900003], [126.90980169200009, 37.78239652800005], [126.91807382000002, 37.80947682200008], [126.91807382000002, 37.82628028700003], [126.93225461000009, 37.83468058500006], [126.94052673800002, 37.836547188000054], [126.94643540100003, 37.84587949400003], [126.95470752800009, 37.89998358200006], [126.953525796, 37.907443096000065], [126.96770658600008, 37.92235985600007], [126.98479679444517, 37.93281431218079], [126.98198191500012, 37.93757183500003], [126.98425084200005, 37.947711405000064], [126.99408285600009, 37.956656923000025], [127.01979735600003, 37.969178818000046], [127.01828473900002, 37.980506312000045], [127.00920903300005, 37.987659618000066], [126.9880323860001, 37.99183205700007], [126.96156157700011, 37.969178818000046], [126.92525875400008, 37.972756110000034], [126.91240150400006, 37.98110244700007], [126.89803163600004, 37.98646744800004], [126.89349378300005, 37.97692939800004], [126.8942500920001, 37.953675205000025], [126.88441807800007, 37.95248248400003], [126.86929190100011, 37.95844589600006], [126.86248512200007, 37.96619760800007], [126.84962787200004, 37.97335230900006], [126.84735894500011, 37.96798634900006], [126.8458463280001, 37.953675205000025], [126.84130847500012, 37.95009698300004], [126.83603446997836, 37.950394039166525]]]}}, {"type": "Feature", "properties": {"shapeName": "Goyang-si", "shapeISO": "", "shapeID": "91817680B27371207272645", "shapeGroup": "KOR", "shapeType": "ADM2"}, "geometry": {"type": "Polygon", "coordinates": [[[126.80287086800001, 37.59248077500007], [126.85898719300008, 37.56539706800004], [126.87198625100007, 37.56820714400004], [126.8838035770001, 37.57570016300008], [126.8887638430001, 37.58061406400003], [126.8932574370001, 37.585065375000056], [126.90507476200003, 37.58787470900006], [126.90980169200009, 37.59911098500004], [126.90861996000001, 37.61221782900003], [126.90980169200009, 37.63561716300006], [126.92043728500005, 37.63842458800008], [126.94289020300005, 37.63842458800008], [126.953525796, 37.646846227000026], [126.9606161910001, 37.647781906000034], [126.96888831900003, 37.63561716300006], [126.98188737700002, 37.62438640200003], [126.99134123700003, 37.62906609200007], [126.99015950400008, 37.65900913100006], [126.99961336500007, 37.66462210700007], [126.99795893900011, 37.66724135100003], [126.99488643500001, 37.67210541500003], [126.98070564400007, 37.673976124000035], [126.97125178400006, 37.67958796800008], [126.9570709940001, 37.678652690000035], [126.94525366800008, 37.671170043000075], [126.94170847100008, 37.661815672000046], [126.93225461000009, 37.65900913100006], [126.91925555300008, 37.65900913100006], [126.91216515700012, 37.66555756200006], [126.92398248300003, 37.695485888000064], [126.93698154100002, 37.73755216500007], [126.90743822700006, 37.736617618000025], [126.89562090200002, 37.727271503000054], [126.88971223900012, 37.713250118000076], [126.8743497160001, 37.71511978900003], [126.8613506590001, 37.72820616700005], [126.84598813600007, 37.729140820000055], [126.83771600800003, 37.71698941300008], [126.82117175200005, 37.716054607000046], [126.8069909620001, 37.72540213800005], [126.79517363700006, 37.72353272600003], [126.78217457900007, 37.71138039900006], [126.7750841840001, 37.69642095300003], [126.73136008000006, 37.69735600700005], [126.70654369700003, 37.68800493800006], [126.68051946600008, 37.69135286000005], [126.6758186510001, 37.68800493800006], [126.67463691900002, 37.678652690000035], [126.67818211600002, 37.66462210700007], [126.72545141700004, 37.637488792000056], [126.77272071900006, 37.61315394400003], [126.80226403200004, 37.59536574800006], [126.80287086800001, 37.59248077500007]]]}}, {"type": "Feature", "properties": {"shapeName": "Yangju-si", "shapeISO": "", "shapeID": "91817680B42166609445104", "shapeGroup": "KOR", "shapeType": "ADM2"}, "geometry": {"type": "Polygon", "coordinates": [[[126.98479679444517, 37.93281431218079], [126.96770658600008, 37.92235985600007], [126.953525796, 37.907443096000065], [126.95470752800009, 37.89998358200006], [126.94643540100003, 37.84587949400003], [126.94052673800002, 37.836547188000054], [126.93225461000009, 37.83468058500006], [126.91807382000002, 37.82628028700003], [126.91807382000002, 37.80947682200008], [126.90980169200009, 37.78239652800005], [126.92280075000008, 37.77585841900003], [126.93579980800007, 37.76371468100007], [126.93698154100002, 37.73755216500007], [126.92398248300003, 37.695485888000064], [126.91216515700012, 37.66555756200006], [126.91925555300008, 37.65900913100006], [126.93225461000009, 37.65900913100006], [126.94170847100008, 37.661815672000046], [126.94525366800008, 37.671170043000075], [126.9570709940001, 37.678652690000035], [126.97125178400006, 37.67958796800008], [126.98070564400007, 37.673976124000035], [126.99488643500001, 37.67210541500003], [126.99795893900011, 37.66724135100003], [127.01024003600003, 37.68116919200003], [127.01379415500003, 37.68519938800006], [127.01733935300001, 37.68987524600004], [127.01781204600002, 37.69062335600006], [127.02206628300007, 37.69735600700005], [127.01970281800004, 37.71698941300008], [127.00906722500008, 37.72259800300003], [127.00434029500002, 37.73287931300007], [127.00315856200007, 37.75717491900008], [127.01615762000006, 37.76091199600006], [127.0279749450001, 37.75997774500007], [127.04451920100007, 37.75250330600005], [127.06460865400004, 37.74970019700004], [127.07406251400005, 37.75530630900005], [127.11660488500002, 37.77275728400008], [127.12341166500005, 37.785908188000064], [127.1256805910001, 37.80981292900003], [127.12189904700006, 37.83191792500003], [127.11660488500002, 37.836099207000075], [127.11509226800001, 37.84207205600006], [127.11405055900002, 37.85540215900005], [127.1022350180001, 37.86058481200007], [127.06366326800003, 37.861181920000035], [127.05307494400006, 37.86834684300004], [127.05231863600011, 37.88386845100007], [127.04551185600008, 37.88864367200006], [127.02736044400001, 37.88744989600008], [127.01828473900002, 37.892224885000076], [127.0129905770001, 37.89819318600007], [127.01374688600004, 37.90177393400006], [127.00863117900008, 37.92562773100008], [127.00542748900011, 37.92504455200003], [126.98727607700005, 37.92862399300003], [126.98479679444517, 37.93281431218079]]]}}, {"type": "Feature", "properties": {"shapeName": "Uijeongbu-si", "shapeISO": "", "shapeID": "91817680B6871011244235", "shapeGroup": "KOR", "shapeType": "ADM2"}, "geometry": {"type": "Polygon", "coordinates": [[[127.11660488500002, 37.77275728400008], [127.07406251400005, 37.75530630900005], [127.06460865400004, 37.74970019700004], [127.04451920100007, 37.75250330600005], [127.0279749450001, 37.75997774500007], [127.01615762000006, 37.76091199600006], [127.00315856200007, 37.75717491900008], [127.00434029500002, 37.73287931300007], [127.00906722500008, 37.72259800300003], [127.01970281800004, 37.71698941300008], [127.02206628300007, 37.69735600700005], [127.01781204600002, 37.69062335600006], [127.03979227100001, 37.68519938800006], [127.05515479400003, 37.68145848800003], [127.06815385100003, 37.68145848800003], [127.07760771200003, 37.68426418000007], [127.09136307800009, 37.68789271800006], [127.0917885020001, 37.68800493800006], [127.09297023500005, 37.69922607900003], [127.10478756000009, 37.70109610500003], [127.11542315300005, 37.70857573300003], [127.12133181500008, 37.729140820000055], [127.129603943, 37.73848669900008], [127.14417043619154, 37.74835425032353], [127.1331491410001, 37.75343765300005], [127.1287058260001, 37.763789417000055], [127.11963012000001, 37.76797455700006], [127.11660488500002, 37.77275728400008]]]}}, {"type": "Feature", "properties": {"shapeName": "Namyangju-si", "shapeISO": "", "shapeID": "91817680B38772026787440", "shapeGroup": "KOR", "shapeType": "ADM2"}, "geometry": {"type": "Polygon", "coordinates": [[[127.14417043619154, 37.74835425032353], [127.129603943, 37.73848669900008], [127.12133181500008, 37.729140820000055], [127.11542315300005, 37.70857573300003], [127.10478756000009, 37.70109610500003], [127.09297023500005, 37.69922607900003], [127.0917885020001, 37.68800493800006], [127.09136307800009, 37.68789271800006], [127.09920978200012, 37.66626849900007], [127.1052602530001, 37.64111961700007], [127.10979810600008, 37.63513053200006], [127.11887381200006, 37.63333371300007], [127.14307569400012, 37.63513053200006], [127.14988247300005, 37.63153685000003], [127.1506387820001, 37.62255188300003], [127.14458831200011, 37.614164935000076], [127.14534462000006, 37.605177869000045], [127.1521514000001, 37.596788960000026], [127.16198341400002, 37.59079630400004], [127.16576495800007, 37.581806415000074], [127.1755969730001, 37.577011363000054], [127.18074531371181, 37.57803141019522], [127.1818386860001, 37.578248046000056], [127.18467267900007, 37.57880954400008], [127.1960173110001, 37.58000830700007], [127.20358039900009, 37.57880954400008], [127.21416872300006, 37.56622136800007], [127.23005120800008, 37.55363106500005], [127.23837060500011, 37.539239542000075], [127.24669000200004, 37.53324225400007], [127.28374913400012, 37.51344778200007], [127.2858534610001, 37.49875017800008], [127.29887531100007, 37.49964853000006], [127.30719470800011, 37.50084856600006], [127.3117325610001, 37.506848458000036], [127.3132451780001, 37.51224794900003], [127.31702672200004, 37.51464759700008], [127.32371240942538, 37.52618865337687], [127.32104461300003, 37.52698207100008], [127.32104461300003, 37.539164579000044], [127.33049847300003, 37.55228197800005], [127.33995233400003, 37.55883981200003], [127.34231579900006, 37.573826979000046], [127.35176965900007, 37.584128907000036], [127.35295139100003, 37.60847325200007], [127.35767832200008, 37.61596221800005], [127.36595044900002, 37.62064243800006], [127.38477094434349, 37.656767833791385], [127.36831391400005, 37.68052323400008], [127.35767832200008, 37.68987524600004], [127.347042729, 37.729140820000055], [127.33049847300003, 37.750634579000064], [127.2997734270001, 37.76558307800008], [127.27220338300003, 37.77997344000005], [127.26668491700002, 37.77212209600003], [127.23595987100009, 37.74783139900006], [127.21823388300004, 37.74783139900006], [127.19932616200003, 37.76184623600005], [127.19341750000001, 37.75997774500007], [127.18987230200003, 37.751568949000045], [127.17569151200007, 37.74409366100008], [127.1591472560001, 37.74315919700007], [127.14732993100006, 37.74689698200007], [127.14417043619154, 37.74835425032353]]]}}, {"type": "Feature", "properties": {"shapeName": "Seongnam-si", "shapeISO": "", "shapeID": "91817680B94836834309250", "shapeGroup": "KOR", "shapeType": "ADM2"}, "geometry": {"type": "Polygon", "coordinates": [[[127.17907308400004, 37.46593867400003], [127.15205686100012, 37.470729326000026], [127.15075271400008, 37.47041880900008], [127.14023953600008, 37.46791557700004], [127.1341291970001, 37.46098705600008], [127.13196740800004, 37.458535647000076], [127.12251354800003, 37.452907124000035], [127.10170248600002, 37.44831783600006], [127.10124236200011, 37.448216365000064], [127.09297023500005, 37.43789566000004], [127.07878944400011, 37.42663508500004], [127.05988172400009, 37.41818854200005], [127.05379663700012, 37.41496653400003], [127.04924613100002, 37.41255698400005], [127.04761335, 37.40672075900005], [127.0468826660001, 37.404108853000025], [127.04570093300003, 37.39378206600003], [127.03033841000001, 37.37124595600005], [127.0344337250001, 37.360833670000034], [127.0374288060001, 37.361853911000026], [127.06697211900007, 37.35152130400007], [127.08942503700007, 37.33367072400006], [127.10242409500006, 37.32897249700005], [127.11778661800008, 37.328032817000064], [127.14120308023001, 37.33148788878789], [127.13433087300007, 37.33461033400005], [127.13551260600002, 37.34494526800006], [127.15796552400002, 37.35152130400007], [127.16978284900006, 37.35997536100007], [127.17687324400003, 37.37124595600005], [127.17923670900007, 37.383453856000074], [127.17923670900007, 37.396598604000076], [127.19105403500009, 37.405047581000076], [127.19578096500004, 37.41537281600006], [127.19696269700012, 37.438833964000025], [127.1816001740001, 37.451030856000045], [127.1780549770001, 37.459473693000064], [127.17907308400004, 37.46593867400003]]]}}, {"type": "Feature", "properties": {"shapeName": "Suwon-si", "shapeISO": "", "shapeID": "91817680B43312282385471", "shapeGroup": "KOR", "shapeType": "ADM2"}, "geometry": {"type": "Polygon", "coordinates": [[[127.02088455000012, 37.342126791000055], [127.00079509700004, 37.33179146800006], [126.99134123700003, 37.31769555500006], [126.97125178400006, 37.316755734000026], [126.96770658600008, 37.297956835000036], [126.95588926100004, 37.29513659500003], [126.94761713300011, 37.291376110000044], [126.94616864800003, 37.28878324800007], [126.94289020300005, 37.282914332000075], [126.93461807500012, 37.27915323700006], [126.931072878, 37.25940440200003], [126.94289020300005, 37.248117028000024], [126.96179792400005, 37.23588713100003], [126.96770658600008, 37.22836005400006], [126.975978714, 37.223655250000036], [127.0019768300001, 37.22083222600003], [127.01379415500003, 37.215185862000055], [127.02561148000007, 37.21895015200005], [127.03861053800006, 37.22647816800003], [127.07159063300003, 37.224622133000025], [127.07406251400005, 37.23118279600004], [127.09060677000002, 37.25093903000004], [127.09533370000008, 37.266928378000046], [127.09533370000008, 37.280093528000066], [127.08706157200004, 37.28667524000008], [127.0693355840001, 37.28667524000008], [127.062245189, 37.293256376000045], [127.05751825900006, 37.30735687200007], [127.0468826660001, 37.31769555500006], [127.0374288060001, 37.33554993200005], [127.02088455000012, 37.342126791000055]]]}}, {"type": "Feature", "properties": {"shapeName": "Nam-gu [South District]", "shapeISO": "", "shapeID": "91817680B68494559899558", "shapeGroup": "KOR", "shapeType": "ADM2"}, "geometry": {"type": "Polygon", "coordinates": [[[126.90288521200011, 35.074234646000036], [126.9166964100001, 35.090753032000066], [126.91845197400005, 35.112664464000034], [126.92828398900008, 35.126892808000036], [126.92828398900008, 35.134315306000076], [126.91218534000006, 35.15451177700004], [126.90980169200009, 35.15329372000008], [126.90422609440022, 35.15453697663835], [126.90256948900003, 35.141737127000056], [126.89046854800006, 35.13678932200003], [126.88971223900012, 35.12503707800005], [126.89198116600005, 35.11761373500008], [126.88819962200012, 35.11018971500005], [126.87912391600003, 35.105239993000055], [126.83223276900003, 35.09100786700003], [126.80710456600002, 35.08600526500004], [126.79871883400006, 35.07982926600005], [126.79162843900008, 35.07209231300004], [126.77969537700005, 35.05211342400003], [126.78690150900002, 35.04984448600004], [126.8034457650001, 35.04887705200008], [126.81762655500006, 35.05081190900006], [126.8294438800001, 35.05661620600006], [126.84007947300006, 35.06435462600007], [126.85662372800005, 35.068223561000025], [126.90288521200011, 35.074234646000036]]]}}, {"type": "Feature", "properties": {"shapeName": "Dong-gu [East District]", "shapeISO": "", "shapeID": "91817680B89733153975870", "shapeGroup": "KOR", "shapeType": "ADM2"}, "geometry": {"type": "Polygon", "coordinates": [[[126.99724990000004, 35.09820158900004], [127.00479853700006, 35.10878842000005], [126.98949369145257, 35.12053189081306], [126.98661430700008, 35.12236939200005], [126.97243351600002, 35.133967392000045], [126.96534312100005, 35.13783302400003], [126.95825272600007, 35.14653002700004], [126.94407193600011, 35.15812458500005], [126.93579980800007, 35.15909072300008], [126.91925555300008, 35.15812458500005], [126.91218534000006, 35.15451177700004], [126.92828398900008, 35.134315306000076], [126.92828398900008, 35.126892808000036], [126.91845197400005, 35.112664464000034], [126.9166964100001, 35.090753032000066], [126.91807382000002, 35.092400250000026], [126.93343634300004, 35.08756548500003], [126.9381632730001, 35.07886218700003], [126.94998059800002, 35.068223561000025], [126.97361524900009, 35.07596088100007], [126.99724990000004, 35.09820158900004]]]}}, {"type": "Feature", "properties": {"shapeName": "Gwangsan-gu", "shapeISO": "", "shapeID": "91817680B16538338684661", "shapeGroup": "KOR", "shapeType": "ADM2"}, "geometry": {"type": "Polygon", "coordinates": [[[126.77969537700005, 35.05211342400003], [126.79162843900008, 35.07209231300004], [126.79871883400006, 35.07982926600005], [126.80710456600002, 35.08600526500004], [126.81053616000008, 35.08853246100006], [126.81053616000008, 35.09916843900004], [126.81408135700008, 35.109803029000034], [126.82117175200005, 35.114636475000054], [126.82353521800007, 35.125269047000074], [126.83298907800008, 35.14363112900003], [126.83417081000005, 35.15812458500005], [126.83771600800003, 35.16875147800005], [126.84362467100004, 35.174547380000035], [126.85426026300001, 35.179376982000065], [126.85780546100011, 35.19772685500004], [126.85662372800005, 35.206417454000075], [126.85071506600002, 35.21221067000005], [126.8483516010001, 35.220899718000055], [126.84489263800003, 35.22134588700004], [126.8258986830001, 35.22379586100004], [126.81408135700008, 35.21800347200008], [126.80226403200004, 35.21896889900006], [126.76090339300004, 35.23441416700007], [126.75972166100007, 35.24599618900004], [126.74081394000007, 35.246961283000076], [126.73136008000006, 35.23924021100004], [126.72545141700004, 35.210279644000025], [126.68409077900003, 35.21317616500005], [126.68054558100005, 35.192898343000024], [126.67345518600007, 35.18710375000006], [126.66967098600003, 35.182155231000024], [126.66754652300006, 35.179376982000065], [126.6758186510001, 35.173581425000066], [126.67463691900002, 35.16198907000006], [126.65572919800002, 35.142664807000074], [126.6533657330001, 35.12720209300005], [126.65691093100008, 35.11076974100007], [126.67096396600004, 35.100762409000026], [126.67345518600007, 35.10110210400006], [126.70063503400002, 35.10400251500005], [126.71836102200007, 35.10013527700005], [126.73608701000012, 35.09820158900004], [126.75144953300003, 35.09336716800004], [126.76090339300004, 35.08659849800006], [126.76326685800007, 35.074993756000026], [126.7526312660001, 35.070157960000074], [126.75853992800012, 35.061452804000055], [126.77153898600011, 35.05468148600005], [126.77969537700005, 35.05211342400003]]]}}, {"type": "Feature", "properties": {"shapeName": "Seo-gu [West District]", "shapeISO": "", "shapeID": "91817680B87996420220515", "shapeGroup": "KOR", "shapeType": "ADM2"}, "geometry": {"type": "Polygon", "coordinates": [[[126.80710456600002, 35.08600526500004], [126.83223276900003, 35.09100786700003], [126.87912391600003, 35.105239993000055], [126.88819962200012, 35.11018971500005], [126.89198116600005, 35.11761373500008], [126.88971223900012, 35.12503707800005], [126.89046854800006, 35.13678932200003], [126.90256948900003, 35.141737127000056], [126.90422609440022, 35.15453697663835], [126.8968026340001, 35.156192273000045], [126.88262184400003, 35.16971749000004], [126.87553144900005, 35.16875147800005], [126.85426026300001, 35.179376982000065], [126.84362467100004, 35.174547380000035], [126.83771600800003, 35.16875147800005], [126.83417081000005, 35.15812458500005], [126.83298907800008, 35.14363112900003], [126.82353521800007, 35.125269047000074], [126.82117175200005, 35.114636475000054], [126.81408135700008, 35.109803029000034], [126.81053616000008, 35.09916843900004], [126.81053616000008, 35.08853246100006], [126.80710456600002, 35.08600526500004]]]}}, {"type": "Feature", "properties": {"shapeName": "Dong-gu [East District]", "shapeISO": "", "shapeID": "91817680B33034423068968", "shapeGroup": "KOR", "shapeType": "ADM2"}, "geometry": {"type": "Polygon", "coordinates": [[[129.39778354700002, 35.51713527800007], [129.395847397, 35.502950799000075], [129.39923566000004, 35.50019241600006], [129.4040760370001, 35.499798353000074], [129.40843237600006, 35.497039861000076], [129.40843237600006, 35.489946160000045], [129.4040760370001, 35.48166938500003], [129.40504411200004, 35.47496851300008], [129.413272752, 35.47220916900005], [129.41617697800007, 35.47575688000006], [129.4156929400001, 35.47969859800003], [129.4273098440001, 35.48403426500005], [129.43215022000004, 35.48048691900004], [129.43747463400007, 35.48364012300004], [129.4389267470001, 35.490340271000036], [129.44328308600006, 35.491522592000024], [129.4427990480001, 35.494675364000045], [129.4389267470001, 35.49428127400006], [129.434570408, 35.49073438000005], [129.430698107, 35.49231079700007], [129.43360233300007, 35.499798353000074], [129.44231501100012, 35.50216269900005], [129.44231501100012, 35.50610312200007], [129.432634258, 35.50610312200007], [129.43408637100003, 35.51083137400008], [129.44521923700006, 35.510043352000025], [129.44570327400004, 35.51831720400003], [129.448123462, 35.52304473700008], [129.44570327400004, 35.52383263200005], [129.43941078500006, 35.52107496600007], [129.43844271000012, 35.527771992000055], [129.44231501100012, 35.52895376200007], [129.44763942500003, 35.52737806400006], [129.453931914, 35.52895376200007], [129.4524798010001, 35.54549671600006], [129.45296383900006, 35.549041190000025], [129.45683614000006, 35.55219170300006], [129.45732017800003, 35.56361127400004], [129.45102768800007, 35.56282376900003], [129.43941078500006, 35.56400502300005], [129.422953505, 35.558886132000055], [129.41617697800007, 35.55337311300008], [129.4098844890001, 35.54470903300006], [129.4021398860001, 35.51713527800007], [129.39778354700002, 35.51713527800007]]]}}, {"type": "Feature", "properties": {"shapeName": "Nam-gu [South District]", "shapeISO": "", "shapeID": "91817680B65451529480853", "shapeGroup": "KOR", "shapeType": "ADM2"}, "geometry": {"type": "Polygon", "coordinates": [[[129.35731798070654, 35.54975006647092], [129.33147039000005, 35.549041190000025], [129.31065677100003, 35.54864736800005], [129.3053323570001, 35.54785971600006], [129.29661968000005, 35.543527495000035], [129.2646731950001, 35.54431518900003], [129.24821591500006, 35.53919504000004], [129.24602262000008, 35.53848114800007], [129.24258897800007, 35.53289287000007], [129.2498495035348, 35.52698413500008], [129.25450840500002, 35.52698413500008], [129.2646731950001, 35.52580233600003], [129.27532202300006, 35.52028704400004], [129.2801624000001, 35.51398338800004], [129.2841492923756, 35.50830385211612], [129.28418596300003, 35.50827027200006], [129.28421651551832, 35.50820808924732], [129.2879070020001, 35.502950799000075], [129.29274737900005, 35.496645783000076], [129.3014600560001, 35.49428127400006], [129.31017273400005, 35.487581454000065], [129.32711405100008, 35.47851610300006], [129.33485865400007, 35.479304435000074], [129.33969903000002, 35.47693941600005], [129.34550748200002, 35.47260336700003], [129.3498638210001, 35.46471904200007], [129.35664034800004, 35.45841102600008], [129.36680513800002, 35.454073977000064], [129.3711614770001, 35.45604539200008], [129.3750337780001, 35.462353594000035], [129.38132626800007, 35.46669019600006], [129.38181030500004, 35.469055516000026], [129.37939011700007, 35.47220916900005], [129.38326241800007, 35.475362698000026], [129.386166644, 35.484428405000074], [129.386166644, 35.491128487000026], [129.3769699290001, 35.499798353000074], [129.3711614770001, 35.49901022200004], [129.36244879900005, 35.50570908900005], [129.3750337780001, 35.50176864700006], [129.38713471900007, 35.50334484700005], [129.3847145310001, 35.516347317000054], [129.37551781600007, 35.51831720400003], [129.37358166500007, 35.52304473700008], [129.37454974000002, 35.53092334000007], [129.36002861100008, 35.542345940000075], [129.358286076, 35.54935624700005], [129.35731798070654, 35.54975006647092]]]}}, {"type": "Feature", "properties": {"shapeName": "Jung-gu [Central District]", "shapeISO": "", "shapeID": "91817680B57927404517776", "shapeGroup": "KOR", "shapeType": "ADM2"}, "geometry": {"type": "Polygon", "coordinates": [[[129.29423144100008, 35.58948956000006], [129.2539336100001, 35.555662046000066], [129.24863944800006, 35.542739794000056], [129.24602262000008, 35.53848114800007], [129.24821591500006, 35.53919504000004], [129.2646731950001, 35.54431518900003], [129.29661968000005, 35.543527495000035], [129.3053323570001, 35.54785971600006], [129.31065677100003, 35.54864736800005], [129.33147039000005, 35.549041190000025], [129.35731798070654, 35.54975006647092], [129.35615631000007, 35.550222647000055], [129.35325208400002, 35.55376691300006], [129.34937978300002, 35.58408367100003], [129.34260325600007, 35.587626439000076], [129.31452907300002, 35.584477320000076], [129.3033962070001, 35.58526461100007], [129.2941994910001, 35.58880732700004], [129.29423144100008, 35.58948956000006]]]}}, {"type": "Feature", "properties": {"shapeName": "Haeundae-gu", "shapeISO": "", "shapeID": "91817680B8006777837161", "shapeGroup": "KOR", "shapeType": "ADM2"}, "geometry": {"type": "Polygon", "coordinates": [[[129.1440427993028, 35.24445878297897], [129.13059476800004, 35.23059791500003], [129.12285016500005, 35.22150366900007], [129.1160736380001, 35.21240840400003], [129.1141374880001, 35.20608066200003], [129.11399882500007, 35.20554248800005], [129.1122013370001, 35.19856582800003], [129.1160736380001, 35.185907694000036], [129.11808616430136, 35.17702513121115], [129.11849382600008, 35.17522586000007], [129.129142655, 35.166916796000066], [129.13391752047224, 35.16236273693394], [129.13495110600002, 35.161376948000054], [129.14172763300007, 35.153066469000066], [129.14947223600007, 35.14910879900003], [129.1606051020001, 35.150691890000076], [129.17851449400007, 35.14950457500004], [129.18432294600007, 35.15227495000005], [129.18674313400004, 35.16295980000007], [129.191099473, 35.17008225300003], [129.19836003800003, 35.17522586000007], [129.21530135500007, 35.17562150800006], [129.21557362594965, 35.18578406811904], [129.20931139000004, 35.187490069000035], [129.19645414000001, 35.19305286000008], [129.16998333100003, 35.194288984000025], [129.16393286000005, 35.21530021600006], [129.1586386990001, 35.22642160800007], [129.14880668400008, 35.240012351000075], [129.1440427993028, 35.24445878297897]]]}}, {"type": "Feature", "properties": {"shapeName": "Geumjeong-gu", "shapeISO": "", "shapeID": "91817680B87761816793360", "shapeGroup": "KOR", "shapeType": "ADM2"}, "geometry": {"type": "Polygon", "coordinates": [[[129.11616071100002, 35.30275677100008], [129.0428466527436, 35.27548703912438], [129.04201587900002, 35.26024598200007], [129.04298395400008, 35.24680686800008], [129.04685625500008, 35.24166779500007], [129.05363278200002, 35.23929580500004], [129.05460085700008, 35.22506240800004], [129.05820693302744, 35.22358949092547], [129.06234546000007, 35.22189909200006], [129.06815391100008, 35.22189909200006], [129.0831590780001, 35.22545781400004], [129.0889675300001, 35.215176636000024], [129.0947759820001, 35.21240840400003], [129.102036547, 35.21122199000007], [129.11399882500007, 35.20554248800005], [129.1141374880001, 35.20608066200003], [129.1160736380001, 35.21240840400003], [129.12285016500005, 35.22150366900007], [129.13059476800004, 35.23059791500003], [129.1440427993028, 35.24445878297897], [129.1382183600001, 35.249895097000035], [129.13141158100007, 35.25977663900005], [129.129142655, 35.26903949000007], [129.130655272, 35.28077091500006], [129.11401647800005, 35.29867349800003], [129.11616071100002, 35.30275677100008]]]}}, {"type": "Feature", "properties": {"shapeName": "Buk-gu [North Distrikt]", "shapeISO": "", "shapeID": "91817680B37722151409475", "shapeGroup": "KOR", "shapeType": "ADM2"}, "geometry": {"type": "Polygon", "coordinates": [[[129.01433498584376, 35.2706560373587], [129.0085586670001, 35.246961283000076], [129.00383173700004, 35.23151840300005], [128.99416586639063, 35.226659494619724], [128.99415126833134, 35.22650624591546], [128.99445629800005, 35.22665958500005], [128.99172552400012, 35.19808179000006], [128.99142238280947, 35.19796745744767], [128.99073814100007, 35.19181671700005], [128.9945196850001, 35.18439946500007], [129.01040217000002, 35.18254504600003], [129.01796525800012, 35.18192689700004], [129.01798340995532, 35.181949150353965], [129.01915208100002, 35.18338191700008], [129.0225031110001, 35.187490069000035], [129.0270409640001, 35.19614313500006], [129.0519991550001, 35.20726715100005], [129.05820693302744, 35.22358949092547], [129.05460085700008, 35.22506240800004], [129.05363278200002, 35.23929580500004], [129.04685625500008, 35.24166779500007], [129.04298395400008, 35.24680686800008], [129.04201587900002, 35.26024598200007], [129.0428466527436, 35.27548703912438], [129.0310115850001, 35.27108489400007], [129.01433498584376, 35.2706560373587]]]}}, {"type": "Feature", "properties": {"shapeName": "Changwon-si", "shapeISO": "", "shapeID": "91817680B26152541530210", "shapeGroup": "KOR", "shapeType": "ADM2"}, "geometry": {"type": "Polygon", "coordinates": [[[128.6447773540001, 35.37748316500006], [128.62604661900002, 35.371843815000034], [128.59281039100006, 35.38840397900003], [128.57619227700002, 35.38087705300006], [128.57223938200002, 35.37657976700007], [128.57486282800005, 35.359797925000066], [128.55831857300007, 35.35015991900008], [128.56422723600008, 35.33184453800004], [128.57249936300002, 35.32220319600003], [128.5665907010001, 35.30870338700004], [128.5831349560001, 35.291343178000034], [128.585498421, 35.28169700800004], [128.5831349560001, 35.27397924500008], [128.5701358980001, 35.270120087000066], [128.55359164300012, 35.27204968900003], [128.53586565500007, 35.26722559900003], [128.5287752600001, 35.26047139000008], [128.518139667, 35.26336612000006], [128.5027771440001, 35.270120087000066], [128.48859635400004, 35.26240122100006], [128.48505115600005, 35.248891436000065], [128.47205209800006, 35.24213569900007], [128.4708703660001, 35.228622536000046], [128.47205209800006, 35.21800347200008], [128.486232889, 35.21124516200007], [128.49095981900007, 35.20352069100005], [128.48859635400004, 35.192898343000024], [128.48268769100002, 35.18806954400003], [128.46732516800012, 35.19000109800004], [128.45432611, 35.185172127000044], [128.4519626450001, 35.173581425000066], [128.4425087850001, 35.16392124400005], [128.42360106400008, 35.161022966000075], [128.41532893700003, 35.16875147800005], [128.40587507600003, 35.18613794400005], [128.40587507600003, 35.195795485000076], [128.40114814600008, 35.204486290000034], [128.38578562300006, 35.198692523000034], [128.37396829800002, 35.190966858000024], [128.3656961700001, 35.19386406900003], [128.36296909500004, 35.19720687500006], [128.36451443800001, 35.15522610000005], [128.3621509730001, 35.14556373900007], [128.3491519150001, 35.133967392000045], [128.35033364700007, 35.12720209300005], [128.345606717, 35.11850302500005], [128.3527462730001, 35.107541651000076], [128.36920355300003, 35.10120574700005], [128.383240644, 35.10001771000003], [128.38808102100006, 35.09328517400007], [128.3875969830001, 35.086948162000056], [128.3972777360001, 35.082987279000065], [128.41179886500004, 35.08853246100006], [128.4205115430001, 35.08972066500007], [128.42535191900004, 35.082591180000065], [128.42196365600012, 35.068330341000035], [128.42616265750235, 35.06145651526034], [128.42680403200006, 35.06040657600005], [128.43309652200003, 35.06357617400005], [128.4360007470001, 35.068330341000035], [128.44906976400011, 35.07348037600008], [128.46310685600008, 35.07348037600008], [128.4650430060001, 35.07902620400006], [128.4645589690001, 35.086948162000056], [128.451005914, 35.094077266000056], [128.4476176510001, 35.10041372400008], [128.45342610300008, 35.10674969000007], [128.4626228180001, 35.10714567200006], [128.46552704400005, 35.10160175500005], [128.47181953300003, 35.099621694000064], [128.48150028600003, 35.10001771000003], [128.48779277500012, 35.102789769000026], [128.48876085100005, 35.10833360500004], [128.5032819800001, 35.10080973700008], [128.51151062000008, 35.09922567600006], [128.52022329800002, 35.10001771000003], [128.52312752400007, 35.10437376100003], [128.5284519380001, 35.10516574500008], [128.53571250200002, 35.11506489800007], [128.5420049920001, 35.11823237300007], [128.53958480300003, 35.112293256000044], [128.54829748100008, 35.10595772100004], [128.54442518000008, 35.10160175500005], [128.55216978200008, 35.096849527000074], [128.5846003040001, 35.09051279200003], [128.584116267, 35.08853246100006], [128.5691111000001, 35.082591180000065], [128.5633026480001, 35.07466879900005], [128.570563213, 35.067537999000024], [128.58314819100008, 35.06634947200007], [128.5884726060001, 35.07189578400005], [128.59331298200004, 35.07229193500007], [128.5942810570001, 35.06634947200007], [128.57733974000007, 35.06080278200005], [128.57395147600005, 35.05802929600003], [128.580243966, 35.05565194700006], [128.6058979610001, 35.05802929600003], [128.61315852500002, 35.06199139000006], [128.63397214400004, 35.067537999000024], [128.636392332, 35.071103477000065], [128.62574350400007, 35.075064937000036], [128.618966977, 35.07149963200004], [128.61025430000007, 35.07149963200004], [128.60444584800007, 35.07546107200005], [128.607350074, 35.07942232000005], [128.61606275100007, 35.07942232000005], [128.62574350400007, 35.082591180000065], [128.624775429, 35.086552082000026], [128.61848294000004, 35.08853246100006], [128.6136425630001, 35.092097022000075], [128.6117064130001, 35.097245557000065], [128.603477773, 35.10001771000003], [128.59960547100002, 35.11823237300007], [128.59186086900002, 35.11823237300007], [128.58702049300007, 35.12021198200006], [128.59718528300004, 35.122587450000026], [128.60105758400005, 35.12575463200005], [128.60250969700007, 35.131296905000056], [128.5846003040001, 35.12812993800003], [128.5768557020001, 35.129317565000065], [128.57395147600005, 35.13288034300007], [128.57733974000007, 35.13683880100007], [128.58750453000005, 35.132088628000076], [128.59476509500007, 35.13763047000003], [128.5962172080001, 35.14277612800004], [128.59137683100005, 35.145942525000066], [128.58363222900005, 35.167312485000025], [128.57007917500005, 35.177599722000025], [128.56572283600008, 35.18828124500004], [128.5691111000001, 35.194214817000045], [128.58750453000005, 35.208849110000074], [128.59379702, 35.210826515000065], [128.60638199800007, 35.210826515000065], [128.60105758400005, 35.20687165700008], [128.59089279400007, 35.20252109100005], [128.59089279400007, 35.193028137000056], [128.59379702, 35.17641279900005], [128.61025430000007, 35.15623246600006], [128.61412660100007, 35.14752567800008], [128.6078341110001, 35.13842213100003], [128.6136425630001, 35.13881795800006], [128.618966977, 35.13406790000005], [128.6291317680001, 35.14792146100007], [128.63929655800007, 35.146338316000026], [128.64316885900007, 35.14950457500004], [128.6465571230001, 35.14990034900006], [128.64365289700004, 35.146338316000026], [128.6465571230001, 35.136442964000025], [128.65865806400006, 35.13565128400006], [128.6639824780001, 35.130109307000055], [128.66495055300004, 35.12219154300004], [128.67075900500004, 35.121003812000026], [128.6736632310001, 35.12417105600008], [128.67850360700004, 35.126150521000056], [128.67511534400012, 35.13406790000005], [128.67414726900006, 35.14435934200003], [128.68963647300006, 35.146734105000064], [128.6906045490001, 35.13525544100003], [128.69592896300003, 35.129317565000065], [128.70367356500003, 35.12694229400006], [128.70560971600003, 35.12298335400004], [128.7041576030001, 35.11942014400006], [128.69399281200003, 35.109521520000044], [128.68818436000004, 35.10793762900005], [128.69254069900012, 35.09922567600006], [128.69883318900008, 35.10001771000003], [128.70318952700006, 35.10437376100003], [128.71335431800003, 35.104769754000074], [128.71577450600012, 35.10318577000004], [128.7138383560001, 35.09566142700004], [128.7220669950001, 35.095265389000076], [128.72497122100003, 35.09764158400003], [128.72981159800008, 35.095265389000076], [128.72981159800008, 35.092889125000056], [128.73465197400003, 35.092097022000075], [128.73949235100008, 35.09843363400006], [128.74336465200008, 35.09764158400003], [128.73755620000009, 35.089324599000065], [128.73804023800005, 35.08615600100006], [128.76659845900008, 35.077045594000026], [128.76659845900008, 35.071103477000065], [128.76272615800008, 35.06397236500004], [128.76901864700005, 35.064368554000055], [128.7719228730001, 35.06634947200007], [128.77337498600002, 35.07664946700004], [128.78063555000006, 35.087740315000076], [128.78208766300008, 35.09645349600004], [128.76950268500002, 35.096849527000074], [128.76563038400002, 35.10080973700008], [128.7661144210001, 35.10595772100004], [128.77143883500003, 35.10199776200005], [128.7777313250001, 35.102393767000024], [128.7816036260001, 35.11110538100007], [128.78450785200005, 35.113877063000075], [128.78838015300005, 35.112293256000044], [128.78838015300005, 35.10714567200006], [128.79031630300005, 35.104769754000074], [128.78838015300005, 35.10160175500005], [128.7932205290001, 35.09882965600008], [128.7970928300001, 35.10120574700005], [128.80144916900008, 35.10041372400008], [128.80338532000007, 35.09764158400003], [128.80144916900008, 35.095265389000076], [128.7912843790001, 35.094077266000056], [128.78402381400008, 35.088136389000056], [128.78821134800012, 35.07971257000003], [128.7927885580001, 35.087021597000046], [128.8095522210001, 35.08997543100003], [128.82684570900005, 35.09018352500004], [128.83401600700006, 35.092235533000064], [128.83865727400007, 35.10133311300007], [128.83597989200007, 35.11663024500007], [128.83251130300005, 35.12248365900007], [128.8281384820001, 35.125181981000026], [128.80446590100007, 35.13236358900008], [128.7976417550001, 35.13778259800006], [128.7910756240001, 35.14649170700005], [128.79028300200002, 35.14788979800005], [128.78866935300005, 35.150132307000035], [128.77693909100003, 35.15812458500005], [128.75094097500005, 35.160056850000046], [128.74385058000007, 35.16875147800005], [128.74030538300008, 35.181308743000045], [128.74739577800005, 35.189035327000056], [128.74975924300009, 35.194829782000056], [128.7426688480001, 35.198692523000034], [128.72257939500003, 35.204486290000034], [128.72494286000006, 35.23344892400007], [128.71312553400003, 35.251786579000054], [128.715489, 35.27204968900003], [128.71312553400003, 35.28266167700008], [128.70367167400002, 35.28941403600004], [128.7048534070001, 35.30002374800006], [128.715489, 35.30098819800003], [128.7143072670001, 35.318346338000026], [128.72612459200002, 35.32027479000004], [128.73557845300002, 35.31159639300006], [128.74385058000007, 35.31256070500007], [128.75094097500005, 35.32605987100004], [128.75699360310958, 35.34409276136766], [128.73557845300002, 35.345340484000076], [128.70603513900005, 35.36461649700004], [128.69067261600003, 35.378106968000054], [128.675310093, 35.38003399400003], [128.65758410600006, 35.37425277800003], [128.64458504800007, 35.37714343700003], [128.6447773540001, 35.37748316500006]]]}}, {"type": "Feature", "properties": {"shapeName": "Goseong-gun", "shapeISO": "", "shapeID": "91817680B97433571779884", "shapeGroup": "KOR", "shapeType": "ADM2"}, "geometry": {"type": "Polygon", "coordinates": [[[128.18134589600004, 35.043072205000044], [128.17921877700007, 35.02971949300007], [128.16636152700005, 35.02538423000004], [128.16182367400006, 35.01857121000006], [128.16182367400006, 35.008660349000024], [128.1640926010001, 35.00060689000003], [128.1716556890001, 34.99688964200004], [128.1716556890001, 34.98635652100006], [128.1686304540001, 34.98139929000007], [128.1451848800001, 34.98139929000007], [128.1406470270001, 34.971483926000076], [128.1391344100001, 34.963426809000055], [128.12930239500008, 34.946690266000076], [128.1262771600001, 34.92436955900007], [128.1172014540001, 34.921268980000036], [128.10888205700007, 34.91382711400007], [128.11341991000006, 34.90886549500004], [128.12703346800004, 34.902042779000055], [128.12854608600003, 34.89521949600004], [128.13686548300007, 34.890256753000074], [128.14442857100005, 34.90266304900007], [128.15577320400007, 34.90762504300005], [128.16333629200005, 34.90142250400004], [128.17619354200008, 34.89770075500007], [128.19585757100003, 34.89521949600004], [128.20266435000008, 34.899561651000056], [128.1966138800001, 34.90762504300005], [128.19585757100003, 34.91444729500006], [128.204933277, 34.92312934200004], [128.19963911500008, 34.93057036400006], [128.19963911500008, 34.93677070100006], [128.20795851200012, 34.93925070500006], [128.2170342180001, 34.93801071300004], [128.22459730600008, 34.94111065800007], [128.2419924090001, 34.94297057000006], [128.26014382100004, 34.94049067900005], [128.2669506000001, 34.94111065800007], [128.27148845300007, 34.93553067200003], [128.26997583500008, 34.93181046900003], [128.26165643800005, 34.929950305000034], [128.26921952700002, 34.91506747200003], [128.27905154100006, 34.90886549500004], [128.2843457030001, 34.91258673700003], [128.29266510000002, 34.91134634200006], [128.29947187900007, 34.91444729500006], [128.30098449700006, 34.92002871600005], [128.29947187900007, 34.928710172000024], [128.30325342300011, 34.93863071100003], [128.31837960000007, 34.94049067900005], [128.320648526, 34.94545038600006], [128.31611067300003, 34.94978988300005], [128.319135909, 34.958468190000076], [128.32896792300005, 34.957228488000055], [128.33501839400003, 34.95102969800007], [128.33879993800008, 34.94421048700008], [128.34938826100006, 34.93801071300004], [128.35467623901428, 34.938281645278934], [128.36148920300002, 34.93863071100003], [128.36582146084362, 34.9411166516889], [128.36905229100012, 34.94297057000006], [128.3700619803237, 34.94297057000006], [128.3781279970001, 34.94297057000006], [128.38342215800003, 34.94545038600006], [128.38438533050982, 34.94632758646501], [128.39022893800006, 34.951649598000074], [128.4007971575414, 34.95864534647674], [128.40514268847932, 34.96152191819446], [128.40989296700002, 34.964666417000046], [128.42426283500004, 34.96900489800004], [128.4284825005259, 34.96990692693515], [128.43156958133554, 34.97056684564157], [128.44165793700006, 34.97272341200005], [128.44014532000006, 34.980779615000074], [128.43106961400008, 34.98387794300004], [128.40913665800008, 34.98449759500005], [128.40686773200002, 34.99317222500002], [128.42426283500004, 34.994411383000056], [128.43863270200006, 34.99379180600005], [128.45905304000007, 34.99007424800004], [128.47115398100004, 34.99874828700007], [128.47871707000002, 35.001226415000076], [128.48552384900006, 35.01237706300003], [128.49157432000004, 35.00680192900006], [128.503675261, 35.017332418000024], [128.49989371700008, 35.02228747300006], [128.4862801580001, 35.02476488800005], [128.48325492300012, 35.036531584000045], [128.47947337800008, 35.037770085000034], [128.47266659900004, 35.03529306400003], [128.4643472020001, 35.04148547600005], [128.46132196700012, 35.04705824400003], [128.4673724370001, 35.050154063000036], [128.48098599600007, 35.047677417000045], [128.48249861400006, 35.05201149800007], [128.47569183400003, 35.06067896800005], [128.47115398100004, 35.07367844800007], [128.46132196700012, 35.06377427000007], [128.45375887900002, 35.07058352100006], [128.44619579000005, 35.06253616300006], [128.4484647170001, 35.05201149800007], [128.41821236400006, 35.045819884000025], [128.40232987900004, 35.040247031000035], [128.39325417300006, 35.03467379700004], [128.389472629, 35.027242228000034], [128.38796001100002, 35.01919059900007], [128.3796406140001, 35.01857121000006], [128.3720775260001, 35.01299649900005], [128.35997658500003, 35.01175762200006], [128.36678336400007, 35.02166810800003], [128.3735901440001, 35.02600356800008], [128.3751027610001, 35.03219668300005], [128.3796406140001, 35.03715083700007], [128.37132121700006, 35.04396230900005], [128.38644739400002, 35.05324976400004], [128.3940104820001, 35.05386889000005], [128.40611142300008, 35.06005989300007], [128.41367451100007, 35.06005989300007], [128.42616265750235, 35.06145651526034], [128.42196365600012, 35.068330341000035], [128.42535191900004, 35.082591180000065], [128.4205115430001, 35.08972066500007], [128.41179886500004, 35.08853246100006], [128.3972777360001, 35.082987279000065], [128.3875969830001, 35.086948162000056], [128.38808102100006, 35.09328517400007], [128.383240644, 35.10001771000003], [128.36920355300003, 35.10120574700005], [128.3527462730001, 35.107541651000076], [128.345606717, 35.11850302500005], [128.33378939200009, 35.11656977300004], [128.300700881, 35.11753640500007], [128.29006528800005, 35.12623557500007], [128.27352103300007, 35.12720209300005], [128.2593402430001, 35.12623557500007], [128.24515945200005, 35.12236939200005], [128.2345238590001, 35.109803029000034], [128.2215248020001, 35.11076974100007], [128.20616227900007, 35.10400251500005], [128.1990718840001, 35.096267855000065], [128.18725455800006, 35.08949942500004], [128.18489109300003, 35.08079633300008], [128.18843629100002, 35.07209231300004], [128.2085257440001, 35.07209231300004], [128.2085257440001, 35.06435462600007], [128.19434495300004, 35.05081190900006], [128.18134589600004, 35.043072205000044]]]}}, {"type": "Feature", "properties": {"shapeName": "Sacheon-si", "shapeISO": "", "shapeID": "91817680B75900877128055", "shapeGroup": "KOR", "shapeType": "ADM2"}, "geometry": {"type": "Polygon", "coordinates": [[[127.94263592400011, 35.152327512000056], [127.93341841100005, 35.144829353000034], [127.92207377800003, 35.14235558200005], [127.90165344000002, 35.151631836000035], [127.8903088080001, 35.14977667000005], [127.88501464600006, 35.14235558200005], [127.88274572000012, 35.133696790000045], [127.88803988100005, 35.12874849600007], [127.90467867500001, 35.11946963400004], [127.906191293, 35.11204578400003], [127.90543498400007, 35.08853246100006], [127.89560297000003, 35.084200320000036], [127.89484666100009, 35.077392205000024], [127.89711558700003, 35.06996452200008], [127.91072914600011, 35.06810749600004], [127.91904854300003, 35.064393316000064], [127.92434270500007, 35.056964450000066], [127.92661163100001, 35.049534909000045], [127.92661163100001, 35.04148547600005], [127.92434270500007, 35.02600356800008], [127.92674636882697, 35.01981683942193], [127.92963686600001, 35.01237706300003], [127.94476304300008, 34.999987361000024], [127.94022519000009, 34.994411383000056], [127.94703196900002, 34.98511724200006], [127.95686398400005, 34.98573688400006], [127.9606455280001, 34.99007424800004], [127.96972123400008, 34.99069385300004], [127.97728432200006, 34.98759578200003], [127.98106586600011, 34.98201896000006], [127.98862895400009, 34.980159935000074], [127.99316680700008, 34.98201896000006], [127.99392311600002, 34.98759578200003], [128.00148620400012, 34.98697615400005], [128.00980560100004, 34.98387794300004], [128.01661238100007, 34.999987361000024], [128.01585607200002, 35.009279813000035], [128.00526774800005, 35.02786155100006], [127.99694835100001, 35.034054526000034], [127.98636002800004, 35.03219668300005], [127.9795532490001, 35.03591232700006], [127.98333479300004, 35.04210469100008], [127.99165419000008, 35.04520069700004], [127.99921727800006, 35.04396230900005], [128.00224251300006, 35.03900856700005], [128.01207452800008, 35.03219668300005], [128.0249317780001, 35.03095809700005], [128.02871332200004, 35.04829658600005], [128.02720070400005, 35.058821730000034], [128.03173855700004, 35.06253616300006], [128.03400748400009, 35.068726509000044], [128.03778902800002, 35.07058352100006], [128.04459580700006, 35.07801114800003], [128.0514025860001, 35.08048687300004], [128.05896567500008, 35.07801114800003], [128.04308318900007, 35.06253616300006], [128.04157057200007, 35.058821730000034], [128.04459580700006, 35.047677417000045], [128.03778902800002, 35.02786155100006], [128.04157057200007, 35.02166810800003], [128.04610842500006, 35.02414554200004], [128.05064627800004, 35.02042936300006], [128.04610842500006, 35.008660349000024], [128.04157057200007, 35.00308496200006], [128.03930164500002, 34.99379180600005], [128.04535211600012, 34.98449759500005], [128.0514025860001, 34.97892056100005], [128.05215889500005, 34.97272341200005], [128.03854533700007, 34.962806998000076], [128.03400748400009, 34.95288938400006], [128.0544278220001, 34.93057036400006], [128.06425983600002, 34.92622985000003], [128.07560446900004, 34.92498966100004], [128.09299957200005, 34.92622985000003], [128.11746996600004, 34.92136071500005], [128.1262771600001, 34.92436955900007], [128.12930239500008, 34.946690266000076], [128.1391344100001, 34.963426809000055], [128.1406470270001, 34.971483926000076], [128.1451848800001, 34.98139929000007], [128.1686304540001, 34.98139929000007], [128.1716556890001, 34.98635652100006], [128.1716556890001, 34.99688964200004], [128.1640926010001, 35.00060689000003], [128.16182367400006, 35.008660349000024], [128.16182367400006, 35.01857121000006], [128.16636152700005, 35.02538423000004], [128.17921877700007, 35.02971949300007], [128.18134589600004, 35.043072205000044], [128.16834683800005, 35.05468148600005], [128.15534778000006, 35.059518199000024], [128.1506208500001, 35.06725634400004], [128.1506208500001, 35.07886218700003], [128.17071030300008, 35.08659849800006], [128.17071030300008, 35.09336716800004], [128.16125644300007, 35.10593606600003], [128.13998525700003, 35.11076974100007], [128.11989580400007, 35.11076974100007], [128.10689674600007, 35.10110210400006], [128.09153422300005, 35.10013527700005], [128.08444382800008, 35.10593606600003], [128.05726398000002, 35.12236939200005], [128.04308318900007, 35.11946963400004], [128.01708507400008, 35.10593606600003], [128.00526774800005, 35.113669809000044], [128.0005408180001, 35.12333595500007], [128.00644948100012, 35.14653002700004], [127.99345042300001, 35.151361293000036], [127.94263592400011, 35.152327512000056]]]}}, {"type": "Feature", "properties": {"shapeName": "Hadong-gun", "shapeISO": "", "shapeID": "91817680B17319558643664", "shapeGroup": "KOR", "shapeType": "ADM2"}, "geometry": {"type": "Polygon", "coordinates": [[[127.63198063567626, 35.32792289999552], [127.61056908300009, 35.31738209500003], [127.59166136300007, 35.30966773400007], [127.58338923500003, 35.30388148000003], [127.57984403700004, 35.291343178000034], [127.60466042000007, 35.26143631100007], [127.62238640800001, 35.23151840300005], [127.61765947800006, 35.20158945800006], [127.63420373400004, 35.17841108500005], [127.652827838, 35.16028871900005], [127.68459280900004, 35.138644784000064], [127.69366851500001, 35.129985598000076], [127.69518113200002, 35.11328313900003], [127.69820636800011, 35.106477452000036], [127.72013932300001, 35.083581424000045], [127.73829073500008, 35.07367844800007], [127.7541732200001, 35.06005989300007], [127.76778677900006, 35.05572624000007], [127.77156832300011, 35.04396230900005], [127.78291295500003, 35.03033879800006], [127.79123235200007, 35.01609360800006], [127.79047604400012, 35.008040881000056], [127.78442557300002, 34.99069385300004], [127.78140033800003, 34.98387794300004], [127.76778677900006, 34.971483926000076], [127.77988772000003, 34.949169969000025], [127.78820711700007, 34.941730634000066], [127.81014007300007, 34.94049067900005], [127.82677886700003, 34.95102969800007], [127.83282933800001, 34.958468190000076], [127.83963611700005, 34.96032770700003], [127.85098074900009, 34.95040979300006], [127.87669524900002, 34.949169969000025], [127.88577095500011, 34.95288938400006], [127.91148545500005, 34.98201896000006], [127.91677961700009, 34.994411383000056], [127.91753592500004, 35.00308496200006], [127.92674636882697, 35.01981683942193], [127.92434270500007, 35.02600356800008], [127.92661163100001, 35.04148547600005], [127.92661163100001, 35.049534909000045], [127.92434270500007, 35.056964450000066], [127.91904854300003, 35.064393316000064], [127.91072914600011, 35.06810749600004], [127.89711558700003, 35.06996452200008], [127.89484666100009, 35.077392205000024], [127.89560297000003, 35.084200320000036], [127.90543498400007, 35.08853246100006], [127.906191293, 35.11204578400003], [127.90467867500001, 35.11946963400004], [127.88803988100005, 35.12874849600007], [127.88274572000012, 35.133696790000045], [127.88501464600006, 35.14235558200005], [127.8903088080001, 35.14977667000005], [127.90165344000002, 35.151631836000035], [127.92207377800003, 35.14235558200005], [127.93341841100005, 35.144829353000034], [127.94263592400011, 35.152327512000056], [127.94027245900008, 35.15812458500005], [127.93790899400005, 35.161022966000075], [127.93554552900002, 35.161022966000075], [127.9331820640001, 35.17164948000004], [127.91309261100002, 35.17841108500005], [127.9012752860001, 35.18420629800005], [127.89300315800006, 35.194829782000056], [127.89536662300009, 35.220899718000055], [127.89063969300003, 35.237309828000036], [127.88827622800011, 35.25468162000004], [127.87645890300007, 35.25757655600006], [127.86109638000005, 35.25564661000004], [127.85755118200007, 35.24406596700004], [127.85046078700009, 35.23441416700007], [127.82682613600002, 35.21896889900006], [127.8150088110001, 35.214141650000045], [127.78073856800006, 35.216072584000074], [127.76301258, 35.22572656600005], [127.75828564900007, 35.23634461900008], [127.74528659200007, 35.246961283000076], [127.72637887100007, 35.251786579000054], [127.71337981300007, 35.25854151200008], [127.69919902300012, 35.275908755000046], [127.68974516300011, 35.29520132400006], [127.69049402049087, 35.3133779778239], [127.67696768000008, 35.317623156000025], [127.63634562400011, 35.32364947100007], [127.63198063567626, 35.32792289999552]]]}}, {"type": "Feature", "properties": {"shapeName": "Gwangyang-si", "shapeISO": "", "shapeID": "91817680B99071511370380", "shapeGroup": "KOR", "shapeType": "ADM2"}, "geometry": {"type": "MultiPolygon", "coordinates": [[[[127.5855466050001, 34.907724280000025], [127.60415351300003, 34.88824230100005], [127.61265271400009, 34.893829958000026], [127.592055748, 34.919823861000054], [127.58693443300001, 34.91719929300007], [127.5907447300001, 34.912200151000036], [127.5855466050001, 34.907724280000025]]], [[[127.73608231300011, 34.93709310600008], [127.73898653900005, 34.94383851400005], [127.7302738620001, 34.95137684200006], [127.71575273200006, 34.935109057000034], [127.71430061900003, 34.93114081500005], [127.70558794200008, 34.92717238100005], [127.70510390400011, 34.91407518700004], [127.73511423800005, 34.906533430000025], [127.74963536700011, 34.908915112000045], [127.76076823300002, 34.90812122600005], [127.76270438400002, 34.89502099200007], [127.7689968730001, 34.891844863000074], [127.77383725000004, 34.887080439000044], [127.78351800200005, 34.886683392000066], [127.78593819100001, 34.91486901600007], [127.7651245720001, 34.93272813500005], [127.7380184640001, 34.93272813500005], [127.73608231300011, 34.93709310600008]]], [[[127.7689968730001, 34.952567041000066], [127.75980015800008, 34.95970787300007], [127.74818325400008, 34.954550668000024], [127.74043865200008, 34.948202894000076], [127.74527902900002, 34.935109057000034], [127.76851283600001, 34.934712242000046], [127.7689968730001, 34.952567041000066]]], [[[127.53338597668026, 35.10659439551021], [127.53257473600002, 35.06725634400004], [127.54202859600002, 35.05081190900006], [127.56448151400002, 35.020816473000025], [127.56684497900005, 35.00920238000003], [127.56329978200006, 35.000490729000035], [127.55739111900004, 34.99274626000005], [127.55502765400001, 34.97919167600003], [127.5491189920001, 34.96176105700005], [127.55739111900004, 34.94820134400004], [127.56802671200012, 34.94045193000005], [127.59166136300007, 34.930764132000036], [127.59638829300002, 34.92204413600007], [127.600551773, 34.936299492000046], [127.600551773, 34.94740938800004], [127.60394003600004, 34.94780614200005], [127.60636022500012, 34.93907710700006], [127.60539214900007, 34.92756923300004], [127.64072689700004, 34.88549223700005], [127.69639122600006, 34.920822487000066], [127.70171564100008, 34.93193447900006], [127.72010907100002, 34.94661587300004], [127.72349733500005, 34.95137684200006], [127.7554438190001, 34.96288137600004], [127.76464053400002, 34.98152322400006], [127.76948091100007, 34.985489028000075], [127.78331087300012, 34.988182480000035], [127.78442557300002, 34.99069385300004], [127.79047604400012, 35.008040881000056], [127.79123235200007, 35.01609360800006], [127.78291295500003, 35.03033879800006], [127.77156832300011, 35.04396230900005], [127.76778677900006, 35.05572624000007], [127.7541732200001, 35.06005989300007], [127.73829073500008, 35.07367844800007], [127.72013932300001, 35.083581424000045], [127.69820636800011, 35.106477452000036], [127.69518113200002, 35.11328313900003], [127.69366851500001, 35.129985598000076], [127.68459280900004, 35.138644784000064], [127.652827838, 35.16028871900005], [127.63420373400004, 35.17841108500005], [127.62947680400009, 35.173581425000066], [127.61884121100002, 35.16971749000004], [127.61411428100007, 35.15909072300008], [127.60702388600009, 35.133967392000045], [127.60702388600009, 35.12043623200003], [127.58929789800004, 35.11560313000007], [127.58102577000011, 35.11173644200005], [127.57275364200007, 35.10110210400006], [127.55739111900004, 35.09046637800003], [127.54084686400006, 35.09820158900004], [127.53338597668026, 35.10659439551021]]]]}}, {"type": "Feature", "properties": {"shapeName": "Namhae-gun", "shapeISO": "", "shapeID": "91817680B30407776748413", "shapeGroup": "KOR", "shapeType": "ADM2"}, "geometry": {"type": "MultiPolygon", "coordinates": [[[[128.01343588400005, 34.86801998200008], [128.00956358300004, 34.87318262600007], [128.01343588400005, 34.88191866900007], [128.0163401100001, 34.89502099200007], [128.0279570130001, 34.908915112000045], [128.031345277, 34.91486901600007], [128.031345277, 34.92002871600005], [128.02069644800008, 34.920822487000066], [128.01585607200002, 34.91764735600003], [127.99843071700002, 34.91209058100003], [127.99359034000008, 34.90693038200004], [127.98536170000011, 34.88946268600006], [127.98052132400005, 34.886683392000066], [127.97374479700011, 34.87834494500004], [127.96212789300012, 34.86921139000003], [127.96261193100008, 34.86245985000005], [127.96938845800003, 34.847763404000034], [127.97326075900003, 34.842201902000056], [127.9931063030001, 34.83783188700005], [128.01295184600008, 34.838626453000074], [128.02311663700004, 34.850544014000036], [128.0279570130001, 34.84537994900006], [128.04005795400008, 34.842599165000024], [128.0434462180001, 34.83942101100007], [128.05361100800008, 34.83822917100008], [128.05796734700004, 34.83425624800003], [128.0686161750001, 34.83147508800005], [128.0763607780001, 34.83346164000005], [128.079749041, 34.82789917200006], [128.0879776810001, 34.82789917200006], [128.08120115400004, 34.84061283300008], [128.07539270200004, 34.84537994900006], [128.07103636300008, 34.843790941000066], [128.06571194900005, 34.84537994900006], [128.05554715900007, 34.855707755000026], [128.06425983600002, 34.86206268300003], [128.06522791200007, 34.866828557000076], [128.0647438740001, 34.87199127500003], [128.0589354220001, 34.88033036600007], [128.0473185190001, 34.88588929000008], [128.03521757800002, 34.89502099200007], [128.03231335200007, 34.88906564900003], [128.02360067400002, 34.883904003000055], [128.02311663700004, 34.87794785500006], [128.02553682500002, 34.86762284200006], [128.01972837300002, 34.86484281000003], [128.01343588400005, 34.86801998200008]]], [[[127.92207377800003, 34.90452383200005], [127.92963686600001, 34.90948571400003], [127.92888055800006, 34.918168285000036], [127.90846022000005, 34.93863071100003], [127.88955249900005, 34.94359053100004], [127.88047679300007, 34.94421048700008], [127.87064477900003, 34.94049067900005], [127.857787529, 34.91878843300003], [127.86005645500006, 34.91072613700004], [127.8668632340001, 34.90018194000004], [127.85098074900009, 34.90266304900007], [127.84114873500005, 34.899561651000056], [127.83661088200006, 34.89335850200007], [127.83358564600007, 34.87846903500008], [127.82072839600005, 34.872264295000036], [127.8184594700001, 34.86481798700004], [127.81392161700012, 34.862335735000045], [127.81240899900001, 34.850544014000036], [127.82224101400004, 34.824472108000066], [127.83434195500001, 34.81267496100003], [127.83509826400007, 34.80460225600007], [127.83887980800012, 34.79652876100005], [127.85022444000003, 34.781621769000026], [127.85173705800003, 34.77106101900006], [127.84190504300011, 34.76298424000004], [127.83736719, 34.75428528600003], [127.85098074900009, 34.748692617000074], [127.85476229300002, 34.74247809700006], [127.85551860200007, 34.73626310900005], [127.88425833700012, 34.72321011300005], [127.89484666100009, 34.72569655700005], [127.89862820500002, 34.728804506000074], [127.90770391100011, 34.731912339000075], [127.9122417640001, 34.739370661000066], [127.90921652800012, 34.74807118600006], [127.90165344000002, 34.75614942400006], [127.90467867500001, 34.766712082000026], [127.9122417640001, 34.77354602300005], [127.92888055800006, 34.77913700800008], [127.94854458700001, 34.779758205000064], [127.95459505800011, 34.77354602300005], [127.94703196900002, 34.758013521000066], [127.950057205, 34.748692617000074], [127.95081351300007, 34.739370661000066], [127.95459505800011, 34.73066922000004], [127.95913291000011, 34.725074953000046], [127.9576202930001, 34.718858656000066], [127.95308244000012, 34.71450697000006], [127.95837660200004, 34.71139848300004], [127.97577170400007, 34.71264189200008], [127.98333479300004, 34.71139848300004], [127.98711633700009, 34.71699367600007], [127.99770466000007, 34.718858656000066], [128.00678036600004, 34.713263589000064], [128.01131821900003, 34.71575033200003], [128.01585607200002, 34.72321011300005], [128.02568808700005, 34.72134523100004], [128.02720070400005, 34.71512865300008], [128.02115023400006, 34.70704640500003], [128.03022594000004, 34.70269409700006], [128.042326881, 34.70518115800007], [128.04762104200006, 34.70953333400007], [128.03400748400009, 34.721966863000034], [128.03400748400009, 34.73253389200005], [128.04081426300002, 34.73812765400004], [128.05064627800004, 34.74309957000003], [128.05518413100003, 34.748692617000074], [128.0514025860001, 34.77913700800008], [128.05518413100003, 34.78410645400004], [128.05215889500005, 34.79528661400008], [128.05518413100003, 34.802118188000065], [128.06123460100002, 34.80025508800003], [128.06123460100002, 34.818884196000056], [128.0514025860001, 34.824472108000066], [128.04308318900007, 34.821367759000054], [128.03400748400009, 34.83254286600004], [128.0249317780001, 34.83378445100004], [128.0135871450001, 34.83068045300007], [127.99543573400001, 34.83192206600006], [127.9840911010001, 34.82943882200004], [127.97804063100011, 34.82571381400004], [127.976528013, 34.817642387000035], [127.97047754300002, 34.81515871200003], [127.9606455280001, 34.807086250000054], [127.95308244000012, 34.80522326200003], [127.94551935200002, 34.81019113600007], [127.94098149900003, 34.818263294000076], [127.94173780800008, 34.83192206600006], [127.93341841100005, 34.83316366100007], [127.92131746900009, 34.83192206600006], [127.91451069000004, 34.841233567000074], [127.91148545500005, 34.85116467300003], [127.90467867500001, 34.86109458100003], [127.89862820500002, 34.877228125000045], [127.92434270500007, 34.89521949600004], [127.92207377800003, 34.90452383200005]]]]}}, {"type": "Feature", "properties": {"shapeName": "Tongyeong-si", "shapeISO": "", "shapeID": "91817680B95262291256995", "shapeGroup": "KOR", "shapeType": "ADM2"}, "geometry": {"type": "MultiPolygon", "coordinates": [[[[128.2493058020001, 34.64950126200006], [128.24573708900004, 34.65038199300005], [128.23859966300006, 34.64842480100003], [128.2359826070001, 34.64959912200004], [128.22801248200005, 34.648620522000044], [128.23467407900011, 34.64431454600003], [128.235387822, 34.641867869000066], [128.23491199400007, 34.64059556800004], [128.22468168400007, 34.638246655000046], [128.22456272700003, 34.63286347600007], [128.22979683900007, 34.63129739500005], [128.23574469300002, 34.635995550000075], [128.23741009200012, 34.63579979900004], [128.23586365000006, 34.62787148900003], [128.24300107600004, 34.62376021600005], [128.2418115050001, 34.61925715900003], [128.2319380660001, 34.61690764100007], [128.23384138000006, 34.61250211500004], [128.24252524700012, 34.61132726900007], [128.24573708900004, 34.61504755900006], [128.24442856100006, 34.618963473000065], [128.25763279800003, 34.62131293300007], [128.26358065300008, 34.627675719000024], [128.2721455630001, 34.62424966400005], [128.27357304800012, 34.62092136100006], [128.2880788430001, 34.62270024500003], [128.28749799800005, 34.62867483100007], [128.29592025300008, 34.63727747900003], [128.29301602700002, 34.63918905700007], [128.28430335000007, 34.63799432600007], [128.27849489800008, 34.632737304000045], [128.2776236300001, 34.62843585600007], [128.2753002490001, 34.62652403000004], [128.26687799400008, 34.63249834000004], [128.26774926200005, 34.635126901000035], [128.2764619400001, 34.63799432600007], [128.27471940400005, 34.639905888000044], [128.26745884000002, 34.64420674100006], [128.2543898230001, 34.64516245600004], [128.2493058020001, 34.64950126200006]]], [[[128.35488765500008, 34.65057159400004], [128.3520995980001, 34.65164191100007], [128.35061263500006, 34.649807073000034], [128.3450365210001, 34.649195451000026], [128.34392129800005, 34.646290185000055], [128.34838218900006, 34.64093811300006], [128.35321482100005, 34.63971473300006], [128.35860506400002, 34.64047934800004], [128.36009202800005, 34.64292606600003], [128.36213660300007, 34.64292606600003], [128.36529640100002, 34.640020580000055], [128.37273121900012, 34.637726704000045], [128.37626275800005, 34.634973968000054], [128.3757051460001, 34.63879718700008], [128.37960842600012, 34.64047934800004], [128.3775638510001, 34.64567853700004], [128.37421818300004, 34.64093811300006], [128.37143012600006, 34.64093811300006], [128.3684561980001, 34.643231900000046], [128.367898587, 34.64674891800007], [128.3658540120001, 34.646290185000055], [128.3638094370001, 34.64873673100004], [128.36195073200008, 34.64736055800006], [128.3593485460001, 34.647972193000044], [128.35488765500008, 34.65057159400004]]], [[[128.34224846400002, 34.66295585300003], [128.33983214800003, 34.66310873400005], [128.34336368700008, 34.65745196600005], [128.35172785700001, 34.65546436200003], [128.34893980100003, 34.66096838100003], [128.34224846400002, 34.66295585300003]]], [[[128.252101293, 34.67747824400004], [128.25284477500009, 34.68084096000007], [128.24856975500006, 34.67686682600004], [128.24392299300007, 34.67870106600003], [128.2361164340001, 34.67610254700003], [128.23500121100005, 34.67701968100005], [128.23277076600004, 34.67166959300005], [128.24206428900004, 34.67121099800005], [128.24448060500004, 34.66830650400004], [128.25544696100008, 34.67228104900005], [128.2548893500001, 34.67549112000006], [128.252101293, 34.67747824400004]]], [[[128.18004164100012, 34.708692761000066], [128.17655657000012, 34.70940899000004], [128.17336192100004, 34.705589029000066], [128.17045769600008, 34.70463401100005], [128.1753948800001, 34.70081383000007], [128.17684699300003, 34.69675469400005], [128.18004164100012, 34.69627713500006], [128.18497882500003, 34.691740192000054], [128.19340108000006, 34.69412808800007], [128.19659572800003, 34.69365051400007], [128.19891910900003, 34.69150139800007], [128.20095206700012, 34.69269535800004], [128.2021137580001, 34.69556079200004], [128.1997903770001, 34.69961998700006], [128.2021137580001, 34.70153012700007], [128.20066164500008, 34.70344022300003], [128.19049685400012, 34.70893150400008], [128.18643093800006, 34.708692761000066], [128.18410755700006, 34.707021535000024], [128.18004164100012, 34.708692761000066]]], [[[128.42793474400003, 34.72118290900005], [128.42960757800006, 34.72897397300005], [128.4264477810001, 34.73447310600005], [128.4240314650001, 34.72775189400005], [128.42477494600007, 34.722863397000026], [128.42737713300005, 34.71980793900008], [128.42793474400003, 34.72118290900005]]], [[[128.5346476190001, 34.72969957400005], [128.53726142300002, 34.733279749000076], [128.52825832300005, 34.73542777900008], [128.52244987100005, 34.73256372600002], [128.5195456450001, 34.72898352100003], [128.52477325200005, 34.72969957400005], [128.52942001300005, 34.72731270500003], [128.5346476190001, 34.72969957400005]]], [[[128.46436535300006, 34.70605698400004], [128.46640992800008, 34.70697378500006], [128.46678166900006, 34.710946474000025], [128.46213490800005, 34.71430783100004], [128.46048794700005, 34.71842048000008], [128.46715341000004, 34.723474475000046], [128.47180017200003, 34.73019603400007], [128.46640992800008, 34.73264010200006], [128.46473709400004, 34.73569508500003], [128.46213490800005, 34.73493135000007], [128.46009033300004, 34.73065430200006], [128.4567446650001, 34.73004327800004], [128.4545142190001, 34.72714084800003], [128.456001183, 34.723321706000036], [128.45916098100008, 34.721946772000024], [128.45971859200006, 34.717057931000056], [128.4519120330001, 34.71384947300004], [128.448938106, 34.708043374000056], [128.4520979030001, 34.704834566000045], [128.45748814700005, 34.70361213000007], [128.46436535300006, 34.70605698400004]]], [[[128.38146713000003, 34.74195744800005], [128.37923668500002, 34.73951365600004], [128.38053777800008, 34.73768076400006], [128.38834433700004, 34.73905543600006], [128.39670850800007, 34.73386210900003], [128.400425917, 34.729585006000036], [128.40600203000008, 34.72943224800008], [128.4052585490001, 34.73538959200005], [128.40154113900007, 34.73844447400006], [128.39893895300008, 34.739208176000034], [128.3961508960001, 34.73661155800005], [128.3941063210001, 34.73676430300003], [128.3890878190001, 34.74119377100004], [128.3846269280001, 34.74027734800006], [128.38146713000003, 34.74195744800005]]], [[[128.49805437400005, 34.74664436300003], [128.4916650770001, 34.74998517900008], [128.4858566250001, 34.74545118200007], [128.48179070900005, 34.74473526500003], [128.47423972100012, 34.746167092000064], [128.47133549600005, 34.74306476700008], [128.46668873400006, 34.74187153400004], [128.46639831200002, 34.73948501700005], [128.48324282200008, 34.73924636100003], [128.4820811310001, 34.73495044400005], [128.4870183150001, 34.73662110500004], [128.4881800060001, 34.733757093000065], [128.49079380900002, 34.73280240100007], [128.49137465400008, 34.73542777900008], [128.49427888000002, 34.73495044400005], [128.4974735280001, 34.731609020000064], [128.50182986700008, 34.73709843000006], [128.50415324800008, 34.73256372600002], [128.50938085400003, 34.73256372600002], [128.51547972900005, 34.73542777900008], [128.50996170000008, 34.73900770500006], [128.5032819800001, 34.740916936000076], [128.49805437400005, 34.74664436300003]]], [[[128.524153683, 34.76527166400007], [128.51888735400007, 34.763235750000035], [128.5145503760001, 34.76501717700006], [128.51052318300003, 34.76425371300007], [128.51114275100008, 34.75967278000007], [128.52043627400008, 34.75738221800003], [128.5238438990001, 34.75483707500007], [128.53065914900003, 34.755600626000046], [128.55265382000005, 34.748219336000034], [128.5594690700001, 34.75152827200003], [128.55544187700002, 34.75229185400008], [128.55358317200012, 34.75432803700005], [128.5594690700001, 34.75687319600007], [128.56008863800002, 34.75789123800007], [128.55761036500007, 34.75967278000007], [128.544289649, 34.76094528700003], [128.5377841830001, 34.75636417100003], [128.53096893300005, 34.75865476100006], [128.52911022900003, 34.76094528700003], [128.53251785400005, 34.76399922400003], [128.52632217200005, 34.76374473300007], [128.524153683, 34.76527166400007]]], [[[128.47180017200003, 34.81717049400004], [128.46746319400006, 34.81335551600006], [128.46901211500006, 34.806742470000074], [128.4789252060001, 34.80496194300002], [128.4851208880001, 34.799365753000075], [128.48574045600003, 34.79707629300003], [128.482332831, 34.79733068100006], [128.47644693300003, 34.80318137900008], [128.47489801300003, 34.802163896000025], [128.47396866000008, 34.79402358100003], [128.47087081900008, 34.793514784000024], [128.466843626, 34.78715456500004], [128.46560449000003, 34.79147956700007], [128.46746319400006, 34.80114640000005], [128.46281643300006, 34.804198849000045], [128.46405556900004, 34.79707629300003], [128.46095772800004, 34.78715456500004], [128.4649849220001, 34.78206603600006], [128.47056103500006, 34.78155716600003], [128.47025125100004, 34.77850387900003], [128.47334909200003, 34.77417819600004], [128.473039308, 34.77163357000006], [128.46777297800008, 34.76883439200003], [128.471490388, 34.76501717700006], [128.4680827630001, 34.763490242000046], [128.47025125100004, 34.76094528700003], [128.4742784440001, 34.76043628700006], [128.47706650100008, 34.76221777400008], [128.48109369400004, 34.76196327800005], [128.48264261500003, 34.75789123800007], [128.48728937600004, 34.75585514200003], [128.49348505800003, 34.75687319600007], [128.49844160400005, 34.76425371300007], [128.50866447900012, 34.76654408400003], [128.510213399, 34.769343341000024], [128.5083546950001, 34.77265143000005], [128.5099036150001, 34.77595938700006], [128.50494707000007, 34.78104829200004], [128.50494707000007, 34.78562803900007], [128.49813182000003, 34.78181160100007], [128.49410462600008, 34.78181160100007], [128.4928654900001, 34.783338198000024], [128.48945786500008, 34.79478676900004], [128.490077433, 34.80063764800008], [128.486979592, 34.802418268000054], [128.48574045600003, 34.805725031000065], [128.4866698080001, 34.80928601200003], [128.48419153500004, 34.811575133000076], [128.48078391, 34.80801425100003], [128.47799585400003, 34.81081210000008], [128.47830563800005, 34.81360985400005], [128.48295239900006, 34.81640751300006], [128.47180017200003, 34.81717049400004]]], [[[128.35283653700003, 34.82017213700004], [128.35245587500003, 34.82173464400006], [128.34781179000004, 34.82042214000006], [128.34697433200006, 34.81692202800008], [128.35161841700005, 34.81629699200005], [128.35618636900006, 34.81348427200004], [128.35649089900005, 34.81167158000005], [128.36242923700001, 34.81360928400005], [128.36890050300008, 34.81154656500007], [128.367225587, 34.81342176600003], [128.3627337680001, 34.814109329000075], [128.3629621650001, 34.81554694300007], [128.35626250200005, 34.814421856000024], [128.35953620100008, 34.81854709800007], [128.35557730900007, 34.82117214500005], [128.35283653700003, 34.82017213700004]]], [[[128.13500290600007, 34.834767971000076], [128.13240072000008, 34.83598846600006], [128.12626699500004, 34.83537822100004], [128.12459416100012, 34.83370002300006], [128.12570938300007, 34.828817800000024], [128.13518877700005, 34.82393528700004], [128.1409507610001, 34.825003362000075], [128.1411366310001, 34.82836007700007], [128.1433670770001, 34.83049609700004], [128.13927792700008, 34.83415771700004], [128.13500290600007, 34.834767971000076]]], [[[128.2361164340001, 34.838124288000074], [128.2342577290001, 34.84010750200002], [128.23016857900006, 34.83781917400006], [128.22050331600008, 34.839192179000065], [128.21920222300002, 34.83675126600008], [128.21604242500007, 34.83644614700006], [128.2156706840001, 34.83247949500003], [128.20767825400003, 34.828207502000055], [128.21362610900007, 34.82332495300005], [128.21436959100004, 34.820883570000035], [128.20507606800004, 34.82225685700007], [128.20210214100007, 34.82530852300005], [128.201172788, 34.82424045300007], [128.20228801100006, 34.81737395500005], [128.21139566300008, 34.817526550000025], [128.21213914500004, 34.81432199400007], [128.2130684980001, 34.81615318400003], [128.21641416600005, 34.81386419000006], [128.2152989430001, 34.81188034400003], [128.20935108800006, 34.81081210000008], [128.2086076070001, 34.808828180000035], [128.210280441, 34.806996827000035], [128.2227337610001, 34.80837034600006], [128.22496420700008, 34.80089202400006], [128.23760339800003, 34.80012889200003], [128.23927623200007, 34.795244679000064], [128.2429936410001, 34.79539731500006], [128.2454099570001, 34.80180777400005], [128.24206428900004, 34.808522958000026], [128.2383468800001, 34.80928601200003], [128.23890449100008, 34.81126992000003], [128.24132080700008, 34.81126992000003], [128.2435512520001, 34.81386419000006], [128.24615343900007, 34.80989645000005], [128.25117194100005, 34.808522958000026], [128.26046546400005, 34.80898079100007], [128.26269590900006, 34.81477979500005], [128.2665991890001, 34.81539019300004], [128.24931323600003, 34.825613684000075], [128.245038216, 34.828817800000024], [128.24448060500004, 34.83125894800003], [128.24169254800006, 34.827902351000034], [128.23946210200006, 34.83278462900006], [128.240391455, 34.83583590500007], [128.2361164340001, 34.838124288000074]]], [[[128.21009457000002, 34.85185325200007], [128.21009457000002, 34.85337855100005], [128.20563367900002, 34.85551392200006], [128.20358910400012, 34.85917442900006], [128.19782712000006, 34.859937014000025], [128.18964882000012, 34.858564356000045], [128.1831433540001, 34.855361397000024], [128.17682375900006, 34.85520887200005], [128.16938894100008, 34.85170072000005], [128.17199112700007, 34.84651448300008], [128.16994655200006, 34.84407378700007], [128.18574554100007, 34.83507309700008], [128.18444444700003, 34.83308976100005], [128.18109877900008, 34.832326927000054], [128.18184226100004, 34.827597199000024], [128.18927707900002, 34.82668173600007], [128.1993140840001, 34.832937195000056], [128.1989423430001, 34.83675126600008], [128.20433258600008, 34.843158508000045], [128.21585655400008, 34.84407378700007], [128.22106092700005, 34.841785569000024], [128.2221761500001, 34.844531423000035], [128.22793813400006, 34.84239576700003], [128.23295663600004, 34.84483651200003], [128.2223620200001, 34.85200578300004], [128.21009457000002, 34.85185325200007]]], [[[128.4284825005259, 34.96990692693515], [128.41712327900007, 34.96486475300003], [128.410346752, 34.963278055000046], [128.40514268847932, 34.96152191819446], [128.4007971575414, 34.95864534647674], [128.39872984900012, 34.95574082100006], [128.3934054350001, 34.95137684200006], [128.38808102100006, 34.948202894000076], [128.38438533050982, 34.94632758646501], [128.38342215800003, 34.94545038600006], [128.3781279970001, 34.94297057000006], [128.3700619803237, 34.94297057000006], [128.36582146084362, 34.9411166516889], [128.36148920300002, 34.93863071100003], [128.35467623901428, 34.938281645278934], [128.34548570800007, 34.93550587100003], [128.34354955700007, 34.93233130800007], [128.34645378300002, 34.92360062600005], [128.35371434800004, 34.919631828000036], [128.354198386, 34.91407518700004], [128.35710261100007, 34.909312053000065], [128.3527462730001, 34.90534256300003], [128.34596974600004, 34.90534256300003], [128.3353209170001, 34.90812122600005], [128.32854439000005, 34.90693038200004], [128.31063499800007, 34.90970899100006], [128.29950213200004, 34.90375471400006], [128.2985340560001, 34.89978495500003], [128.30143828200005, 34.89660901000008], [128.30676269600008, 34.89422697100008], [128.317411525, 34.87913911900006], [128.32418805200007, 34.885095181000054], [128.32854439000005, 34.87715366900005], [128.3353209170001, 34.87913911900006], [128.3333847670001, 34.88112452100006], [128.34016129400004, 34.883506940000075], [128.3430655200001, 34.87318262600007], [128.34935800900007, 34.87675657400007], [128.352262235, 34.88072744500005], [128.35758664900004, 34.87556527500004], [128.35758664900004, 34.871197032000055], [128.36291106300007, 34.86921139000003], [128.37501200400004, 34.86921139000003], [128.373559891, 34.87874203300004], [128.3798523810001, 34.88549223700005], [128.3837246820001, 34.88310987500006], [128.3875969830001, 34.871594155000025], [128.39098524700012, 34.86762284200006], [128.396793698, 34.866034264000064], [128.41712327900007, 34.86762284200006], [128.4205115430001, 34.86087117100004], [128.41712327900007, 34.858090910000044], [128.39630966100003, 34.86087117100004], [128.3895331340001, 34.86047399700004], [128.375496042, 34.84895510600006], [128.37840026800006, 34.843790941000066], [128.3837246820001, 34.84458544900008], [128.38856505800004, 34.83584544000007], [128.39437351000004, 34.83385894500003], [128.40357022500007, 34.83544814500004], [128.4030861880001, 34.82789917200006], [128.392921397, 34.823528398000064], [128.387112945, 34.828693834000035], [128.38808102100006, 34.81677310900005], [128.383240644, 34.81637572200003], [128.38082045600004, 34.82273368700004], [128.3759800800001, 34.828296504000036], [128.36484721400006, 34.83226971500005], [128.35903876200007, 34.83584544000007], [128.35516646100007, 34.84101010300003], [128.3469378210001, 34.83703731400004], [128.34354955700007, 34.83226971500005], [128.33967725600007, 34.83028313300008], [128.33628899300004, 34.82233632800006], [128.33580495500007, 34.81597833300003], [128.34403359500004, 34.823528398000064], [128.348389934, 34.82392575100005], [128.35903876200007, 34.82193896800004], [128.3798523810001, 34.81399135800007], [128.3779162300001, 34.80405576800007], [128.37259181600007, 34.79928625900004], [128.36920355300003, 34.79928625900004], [128.365815289, 34.79570894600005], [128.37113970300004, 34.794118980000064], [128.3779162300001, 34.78895137600006], [128.38033641800007, 34.794516474000034], [128.38420872000006, 34.79332398500003], [128.39001717100007, 34.78736128000003], [128.3875969830001, 34.78060302600005], [128.3895331340001, 34.77861519900006], [128.3953415850001, 34.78060302600005], [128.39582562300006, 34.767880105000074], [128.400665999, 34.76708485700004], [128.40453830100012, 34.76867534500008], [128.40744252600007, 34.76231321000006], [128.4243838440001, 34.76509670400003], [128.4243838440001, 34.77145862500004], [128.4282561450001, 34.77742247900005], [128.43309652200003, 34.78100058500007], [128.4324575920001, 34.783338198000024], [128.42347385300002, 34.78842664800004], [128.42037601200002, 34.792497182000034], [128.42966953500002, 34.790970755000046], [128.43307716000004, 34.78817223300007], [128.435865217, 34.78893547600006], [128.43834349000008, 34.79733068100006], [128.43183802400006, 34.79860260700008], [128.43338694400006, 34.804453214000034], [128.43524564900008, 34.802418268000054], [128.44113154700005, 34.80190952300006], [128.44299025100008, 34.805470669000044], [128.438963058, 34.81462719500007], [128.43989241000008, 34.82632572000006], [128.438963058, 34.82708861000003], [128.43679456900009, 34.82454561700007], [128.4197564440001, 34.83497138800004], [128.41449011500004, 34.83344574800003], [128.41108249, 34.834462845000076], [128.41820752400008, 34.839548139000044], [128.42440320600008, 34.84132791800005], [128.42874018300006, 34.83751405900006], [128.4336967280001, 34.83751405900006], [128.43648478500006, 34.839548139000044], [128.431218456, 34.84209066900007], [128.43524564900008, 34.84336190400006], [128.44422938700006, 34.842599165000024], [128.454452263, 34.84895510600006], [128.451354422, 34.85403950500006], [128.454452263, 34.85505634700007], [128.45383269400008, 34.85734419600004], [128.44732722800006, 34.86268226200008], [128.4476370120001, 34.866494955000064], [128.45073485300009, 34.86751164300006], [128.45352291000006, 34.86496989900007], [128.45631096700004, 34.86547825400004], [128.45538161500008, 34.873865659000046], [128.45755010300002, 34.874882256000035], [128.4556913990001, 34.880219184000055], [128.45785988800003, 34.88199808300004], [128.46374578500001, 34.87183242700007], [128.4665338420001, 34.87259489500008], [128.4665338420001, 34.87691541200007], [128.47133549600005, 34.888271571000075], [128.47472375900009, 34.89105081200006], [128.47375568400003, 34.89263890700005], [128.4689153070001, 34.890256753000074], [128.46552704400005, 34.89819699800006], [128.4592345540001, 34.898990981000054], [128.46068666700012, 34.90296077700003], [128.45294206500012, 34.909312053000065], [128.45245802700003, 34.91407518700004], [128.4451974630001, 34.91407518700004], [128.44277727500003, 34.910502862000044], [128.44422938700006, 34.90693038200004], [128.4514899520001, 34.90534256300003], [128.45003783900006, 34.90018194000004], [128.44374535000009, 34.89859399000005], [128.44277727500003, 34.89303592600004], [128.43890497300004, 34.88946268600006], [128.43454863500006, 34.887874529000044], [128.4316444090001, 34.883904003000055], [128.42970825800012, 34.875962376000075], [128.42486788200006, 34.873976850000076], [128.42293173100006, 34.87556527500004], [128.42341576900003, 34.884301065000045], [128.41905943000006, 34.89065378300006], [128.42147961800003, 34.89700601000004], [128.42147961800003, 34.90375471400006], [128.4185753920001, 34.90812122600005], [128.4205115430001, 34.91288442900003], [128.4282561450001, 34.91486901600007], [128.4301922960001, 34.92201313000004], [128.42922422000004, 34.93193447900006], [128.42583595700012, 34.935109057000034], [128.42631999500009, 34.94344174100007], [128.43116037100003, 34.95772437100004], [128.44277727500003, 34.96922801300008], [128.44229323700006, 34.97200451300006], [128.43696882300003, 34.971607876000064], [128.43156958133554, 34.97056684564157], [128.4284825005259, 34.96990692693515]]]]}}, {"type": "Feature", "properties": {"shapeName": "Geoje-si", "shapeISO": "", "shapeID": "91817680B58127051569150", "shapeGroup": "KOR", "shapeType": "ADM2"}, "geometry": {"type": "MultiPolygon", "coordinates": [[[[128.53685483100003, 34.80597939200004], [128.54490921800004, 34.81539019300004], [128.5455287860001, 34.81844211400005], [128.54274072900012, 34.82327409100003], [128.5349961270001, 34.82251116600003], [128.53282763800007, 34.81488152900005], [128.5284906610001, 34.812083818000076], [128.52818087700007, 34.80394448200008], [128.53189828600011, 34.80369011500005], [128.53685483100003, 34.80597939200004]]], [[[128.5351377080001, 34.94334254700004], [128.52606200200012, 34.94706222600007], [128.5224317190001, 34.95338529300005], [128.52560821600002, 34.95896406500003], [128.53286878100005, 34.96231114600005], [128.53559149300008, 34.96714557700005], [128.5346839220001, 34.96937675700008], [128.53332256600004, 34.971607876000064], [128.51789604500004, 34.97561540700008], [128.513992765, 34.965258249000044], [128.5143645060001, 34.96297340600006], [128.5188253970001, 34.95931752300004], [128.51733843300008, 34.956575505000046], [128.5191971380001, 34.95215761500003], [128.51640908100012, 34.95017710400003], [128.51733843300008, 34.94743478000004], [128.513992765, 34.94408292500003], [128.51343515400004, 34.940578567000045], [128.5167808220001, 34.936007440000026], [128.521055842, 34.93387416100006], [128.5212417130001, 34.93067413700004], [128.5258884740001, 34.92854071900007], [128.52979175400003, 34.92960743500004], [128.52942001300005, 34.93097890700005], [128.52700369700005, 34.93128367500003], [128.52923414200006, 34.932959881000045], [128.52560821600002, 34.93701870500007], [128.52742335800008, 34.93962269900004], [128.53196121100007, 34.93813471300007], [128.53559149300008, 34.93887870900005], [128.5351377080001, 34.94334254700004]]], [[[128.678836068, 35.04054603800006], [128.6754101040001, 35.04044214900006], [128.68492667100008, 35.034728065000024], [128.68289647000006, 35.03285791400003], [128.67591765400005, 35.03233842000003], [128.675663879, 35.02070089100005], [128.67236480200006, 35.02111654600003], [128.67211102700003, 35.02371433900004], [128.6694463880001, 35.025688606000074], [128.67134970100005, 35.02225958500003], [128.67173036400004, 35.013426594000066], [128.66855817500004, 35.011036327000056], [128.66741618700007, 35.00677524200006], [128.6712228140001, 35.00687917400006], [128.6764252040001, 35.00428084600003], [128.67782096700012, 35.00750276000008], [128.68061249400012, 35.00864599000005], [128.68251580700007, 35.00189031100007], [128.67921673, 35.000227289000065], [128.67363552900008, 35.00113210400008], [128.6734359520001, 34.99925204400006], [128.67473320200008, 34.997535431000074], [128.6787912650001, 34.996663486000045], [128.6811965820001, 34.988744033000046], [128.67719465000005, 34.98767953200007], [128.67464796600007, 34.99006399500007], [128.6750117780001, 34.99372571400005], [128.67329666400008, 34.99308705400006], [128.67028222200008, 34.998664517000066], [128.66628028900004, 34.99427921500006], [128.66446122900004, 34.99487528900005], [128.6640974170001, 34.997642720000044], [128.65978364600005, 34.997642720000044], [128.66019943100002, 34.99385344500007], [128.66477306800004, 34.99193745300005], [128.6672677790001, 34.98823307400005], [128.66399347100003, 34.990362048000065], [128.6587961560001, 34.99074525700007], [128.65921194200007, 34.98946788600006], [128.65708104300006, 34.988403394000045], [128.65505409000002, 34.99002141600005], [128.6536508150001, 34.983378807000065], [128.65915996800004, 34.982527151000056], [128.65806853200002, 34.97984437800005], [128.65541790200007, 34.978353911000056], [128.6468423330001, 34.98073864600008], [128.64705022500004, 34.99142651400007], [128.6448673530001, 34.99402375300008], [128.64762193, 34.995513935000076], [128.65131202300006, 34.993810868000025], [128.65240345900008, 34.99615257700003], [128.64808968800003, 34.99615257700003], [128.64601076200006, 34.999856597000075], [128.6503245340001, 35.00113380700003], [128.64949296300006, 35.00462474400007], [128.652611352, 35.00530588500004], [128.65234732800002, 35.01006860700005], [128.65474225100002, 35.012738470000045], [128.64835579100009, 35.02224574500008], [128.64439751600003, 35.01265674100006], [128.64013987600003, 35.011703228000044], [128.63864304900005, 35.015598942000054], [128.63535003100003, 35.01167598400008], [128.633720153, 35.01232982300007], [128.63445193500002, 35.01072245900008], [128.63112166200006, 35.00846882700006], [128.6313984080001, 35.00562663300008], [128.63497482600008, 35.00299359200005], [128.63444262100006, 34.998651506000044], [128.6309300680001, 34.999157223000054], [128.62735365000003, 34.99781445100007], [128.6238198090001, 34.999785005000035], [128.61728433100006, 34.99924441500008], [128.61583673400003, 34.99512884100005], [128.62447974300005, 34.995529944000054], [128.62647210800003, 34.992988593000064], [128.61932580000007, 34.984672242000045], [128.61770163900007, 34.984472639000046], [128.6154278140001, 34.98686784000006], [128.613153989, 34.986135981000075], [128.61120499600008, 34.98340808200004], [128.61282915700008, 34.980813168000054], [128.608849963, 34.97495767300006], [128.61088016400004, 34.97302793000006], [128.61559023000007, 34.973493734000044], [128.61794526300002, 34.97542346700004], [128.6186761360001, 34.98094624200007], [128.62216808200003, 34.983341547000066], [128.626553316, 34.98028086700003], [128.630857342, 34.980214329000034], [128.6266345240001, 34.97728661300005], [128.62850230900005, 34.97575617500007], [128.63499895200005, 34.978484328000036], [128.63873452200005, 34.97741969400005], [128.64368821200003, 34.97841778900005], [128.6466117020001, 34.98034740500003], [128.65041808500007, 34.978922847000035], [128.6522142770001, 34.976633452000044], [128.6503515600001, 34.97633364600006], [128.65124965600012, 34.97491636400008], [128.64702527800011, 34.96624860800006], [128.6471541720001, 34.96302181600004], [128.65141597000002, 34.96144585400003], [128.6493890170001, 34.95718634800005], [128.6470585410001, 34.960060687000066], [128.6424350100001, 34.95856134100006], [128.6387428380001, 34.962377805000074], [128.63568265900005, 34.96289574000008], [128.63495087700005, 34.96578521200007], [128.63252269100008, 34.96706636000005], [128.63149154400003, 34.96559440100003], [128.63421909500005, 34.962432324000076], [128.63208303700003, 34.96259108500004], [128.63235552600008, 34.96113954500004], [128.6243733020001, 34.963854183000024], [128.61937057500006, 34.96113256700005], [128.61673083800008, 34.96366227800007], [128.60908837400007, 34.958079363000024], [128.6054717080001, 34.95769750000005], [128.60438027200007, 34.95863460500004], [128.60677103700004, 34.95986986300005], [128.60812233900003, 34.96404404500004], [128.61098086200002, 34.96481070800007], [128.6089539090001, 34.96596068900004], [128.60999337200008, 34.96813283300003], [128.60630327900003, 34.96983643400006], [128.599754662, 34.96787729000005], [128.59814349500004, 34.96587550600003], [128.60089807100007, 34.95863460500004], [128.5991309840001, 34.95816605400006], [128.60006650100001, 34.95616403300005], [128.59737425100002, 34.95136094800006], [128.59382140000002, 34.94969689900006], [128.5889996720001, 34.95281696200004], [128.58912656000007, 34.950008911000054], [128.5862081460001, 34.94699274900006], [128.58633503300007, 34.94189622300007], [128.59483650000004, 34.93700742200008], [128.5921718610001, 34.93523906000007], [128.5975011390001, 34.930349861000025], [128.59978511500003, 34.93170222200007], [128.6027035290001, 34.92535633600005], [128.6076521440001, 34.923587723000026], [128.61057055800006, 34.92410790800005], [128.61095122100005, 34.92119483300007], [128.60879413200007, 34.91942613100008], [128.60790591900002, 34.91516027900008], [128.61234698400006, 34.913807646000066], [128.61298142200008, 34.91703311900005], [128.617138747, 34.917532884000025], [128.62619728900006, 34.90948571400003], [128.6269535980001, 34.907004810000046], [128.62468467200006, 34.90018194000004], [128.61787789200002, 34.89459916900006], [128.60199540700012, 34.90328331500007], [128.59065077500009, 34.91506747200003], [128.57779352500006, 34.91072613700004], [128.57779352500006, 34.90452383200005], [128.57153128800007, 34.90018194000004], [128.566690912, 34.90018194000004], [128.55846227200004, 34.90534256300003], [128.5478134430001, 34.908915112000045], [128.53958480300003, 34.919234937000056], [128.53377635200002, 34.92002871600005], [128.51828714700002, 34.91764735600003], [128.50231390500005, 34.90335774600004], [128.49263315200005, 34.89819699800006], [128.48101624800006, 34.88866861100007], [128.47472375900009, 34.87477106600005], [128.48150028600003, 34.854913354000075], [128.48053221100008, 34.84458544900008], [128.48779277500012, 34.83624273400005], [128.50086179200002, 34.83425624800003], [128.50279794200003, 34.82789917200006], [128.5110265820001, 34.81717049400004], [128.51247869500003, 34.810017266000045], [128.51578951300007, 34.80877731000004], [128.521055842, 34.81539019300004], [128.5222949790001, 34.82378270400005], [128.52733231600007, 34.82135964500003], [128.5283474160001, 34.82250547000007], [128.52745920400002, 34.82552620400003], [128.52187615100001, 34.82625533100003], [128.52174926300006, 34.827505246000044], [128.52606344000003, 34.82823435500006], [128.52745920400002, 34.82990086500007], [128.52377946400009, 34.83229641400004], [128.53452525500006, 34.83376104900003], [128.533335684, 34.83245915200007], [128.5371026580001, 34.82985529700005], [128.53987832400003, 34.835062926000035], [128.56386800400003, 34.83311010400007], [128.56585062200008, 34.834411990000035], [128.5626784330001, 34.84271103400005], [128.57259152400002, 34.85361242700003], [128.574970666, 34.854425906000074], [128.58171156800006, 34.85214814500006], [128.5834959240001, 34.848894091000034], [128.58646985100006, 34.849707617000035], [128.58865073100003, 34.84856867900004], [128.58825420800008, 34.84157199900005], [128.5827028770001, 34.842548316000034], [128.58250461500006, 34.84450091400004], [128.57992721100004, 34.84385005300004], [128.57933242600006, 34.84108383600005], [128.58528028, 34.83929388200005], [128.58706463700003, 34.83522565900006], [128.58508201900008, 34.83457472500004], [128.5860733280001, 34.83278462900006], [128.59202118200005, 34.828716084000064], [128.5963829420001, 34.82822784500007], [128.58528028, 34.818462460000035], [128.58627159000002, 34.81325378100007], [128.5846003040001, 34.800478662000046], [128.5768557020001, 34.794118980000064], [128.56862706200002, 34.79252898200008], [128.56475476100002, 34.789746413000046], [128.5613664970001, 34.789348896000035], [128.55604208300008, 34.79133646400004], [128.5497495940001, 34.789746413000046], [128.5439411420001, 34.786566220000054], [128.54103691600005, 34.78100058500007], [128.54103691600005, 34.77861519900006], [128.5458772930001, 34.77980790100003], [128.557325364, 34.78850806100007], [128.56862628800002, 34.787205448000066], [128.56882454900006, 34.78573998500008], [128.56426452800008, 34.78297181700003], [128.5628766950001, 34.779552187000036], [128.5547479600001, 34.77792374200004], [128.55296360400007, 34.773852488000045], [128.554153175, 34.76652372600006], [128.557325364, 34.76766379800006], [128.56307495700003, 34.76603511800005], [128.56585062200008, 34.768315261000055], [128.56822976400008, 34.773852488000045], [128.57437588000005, 34.775481014000036], [128.57596197500004, 34.778086588000065], [128.57933242600006, 34.778086588000065], [128.58329766200006, 34.775969565000025], [128.59142639700008, 34.778086588000065], [128.598167299, 34.777109507000034], [128.59142639700008, 34.77157249900006], [128.5987620840001, 34.76896671900005], [128.602132535, 34.76554650800006], [128.59836556100004, 34.76342916400006], [128.5916246590001, 34.76473215200008], [128.58726289900005, 34.76131176500007], [128.5842889710001, 34.76473215200008], [128.5819098300001, 34.762777663000065], [128.57913416400004, 34.762940538000066], [128.582108091, 34.75675103000003], [128.5779445930001, 34.75251583600004], [128.57774633100007, 34.742904398000064], [128.57834111700004, 34.740623553000034], [128.58627159000002, 34.73703924200004], [128.59221944400008, 34.73817972200004], [128.59578815700002, 34.73492116700004], [128.60391689100004, 34.73622460400003], [128.6068908190001, 34.73231423100003], [128.6035203680001, 34.72693716500004], [128.59995165500004, 34.726122427000064], [128.5979690370001, 34.72367816700006], [128.59459858600007, 34.72221157600006], [128.5916246590001, 34.72351521300004], [128.5860733280001, 34.72302635200003], [128.58825420800008, 34.717974611000045], [128.58646985100006, 34.71634495100005], [128.582108091, 34.715856047000045], [128.57853937900006, 34.70803318700007], [128.57616023700007, 34.70689229200008], [128.57853937900006, 34.70265454200006], [128.581315044, 34.70330651800003], [128.58409071000005, 34.70721826400006], [128.59102987300002, 34.70884810300004], [128.59677946600004, 34.70835915500004], [128.59995165500004, 34.70721826400006], [128.60074470200004, 34.704936435000036], [128.60946822200003, 34.70265454200006], [128.6140282440001, 34.705099424000025], [128.61918305200004, 34.70477344400007], [128.622156979, 34.71259661200003], [128.62790657200003, 34.71324850900004], [128.62850135700012, 34.711781733000066], [128.63583704400003, 34.70884810300004], [128.6388109720001, 34.710477911000055], [128.64297447, 34.71357445600006], [128.63127702300005, 34.72009312000006], [128.6235448120001, 34.73117367000003], [128.62314828800004, 34.72840367200007], [128.6203726220001, 34.730521914000064], [128.62869961900003, 34.73752802100006], [128.6306822370001, 34.73622460400003], [128.62770831000012, 34.73312890700004], [128.63127702300005, 34.732965972000045], [128.63980228100002, 34.73622460400003], [128.6507066810001, 34.73426944100004], [128.65308582300008, 34.73964602900003], [128.6628006520001, 34.738668494000024], [128.66696415, 34.73606167600008], [128.67271374300003, 34.73883141700003], [128.670929386, 34.731499546000066], [128.67291200500006, 34.728892502000065], [128.67509288500003, 34.728729559000044], [128.67707550300008, 34.736876315000075], [128.6812390010001, 34.73622460400003], [128.68242857200005, 34.73769094700003], [128.67767028800006, 34.74339314200006], [128.67568767000012, 34.744696446000034], [128.67370505200006, 34.742415651000044], [128.67053286300006, 34.74599972900006], [128.6683519830001, 34.744370622000076], [128.65249103700012, 34.742578567000066], [128.6483275390001, 34.74746589800003], [128.6509049430001, 34.74958365200007], [128.645353612, 34.75333031300005], [128.64376751700001, 34.75837989300004], [128.64059532800002, 34.75854277800005], [128.63742313900002, 34.76326628900006], [128.64000054300004, 34.77189821500008], [128.64416404100007, 34.77873796800003], [128.65130146600006, 34.77857512400004], [128.65586148800003, 34.77499245900003], [128.6620076050001, 34.776295264000055], [128.6667658880001, 34.780854920000024], [128.67033460100004, 34.781831956000076], [128.67291200500006, 34.78704262000008], [128.6667658880001, 34.79322985700003], [128.66716241200004, 34.795997681000074], [128.669343292, 34.797462962000054], [128.66716241200004, 34.80088184900006], [128.66855024500012, 34.80430059500003], [128.66696415, 34.81130044200006], [128.66855024500012, 34.812277117000065], [128.67667897900003, 34.812765451000075], [128.69194513900004, 34.80837034600006], [128.69095383, 34.802347044000044], [128.68778164100002, 34.799905039000066], [128.69511732800004, 34.797137346000056], [128.69908256500003, 34.79909102100004], [128.69610863700007, 34.80706804700003], [128.70106518300008, 34.808533132000036], [128.70800434700004, 34.81374210900003], [128.71534003400006, 34.801533050000046], [128.7107800120001, 34.79941662900006], [128.70939217900002, 34.797462962000054], [128.71058175000007, 34.794858], [128.7179174380001, 34.79388111800006], [128.72049484100012, 34.79225295600003], [128.7292183610001, 34.79306704100003], [128.7363557870001, 34.786879792000036], [128.73893319, 34.786554135000074], [128.73972623800012, 34.787693930000046], [128.73932971400006, 34.79241577300007], [128.7363557870001, 34.79469518700006], [128.73893319, 34.79941662900006], [128.72703748100002, 34.81243989500007], [128.7228739830001, 34.81325378100007], [128.7226757210001, 34.821066676000044], [128.71771917600006, 34.82318254100005], [128.7187104850001, 34.82529835100007], [128.7260461720001, 34.82855333800006], [128.72327050700005, 34.83359831300004], [128.71831396100004, 34.83750388900006], [128.71494351, 34.83262189100003], [128.70641825200005, 34.829529809000064], [128.70344432500008, 34.83164545600005], [128.7012634450001, 34.83961933100005], [128.71375393900007, 34.848894091000034], [128.71692612800007, 34.84921950200004], [128.72049484100012, 34.84921950200004], [128.72545138700002, 34.84157199900005], [128.7339766450001, 34.84206015900003], [128.73595926300004, 34.84629075500004], [128.734174907, 34.850521134000076], [128.72941662300002, 34.854425906000074], [128.72941662300002, 34.85881855300005], [128.72426181600008, 34.86434970100004], [128.72882183800004, 34.866789795000045], [128.7315975030001, 34.86223489500003], [128.73774361900007, 34.86500040000004], [128.74071754700003, 34.864837726000076], [128.7428984270001, 34.86939248300007], [128.7395279760001, 34.87850123900006], [128.74468278300003, 34.87963976300006], [128.74369147400012, 34.884356335000064], [128.74745844900008, 34.88582004400007], [128.75221673200008, 34.89460175000005], [128.74151059400003, 34.88907263700003], [128.73913145200004, 34.885332144000074], [128.7363557870001, 34.88484424100005], [128.73358012100005, 34.891186754000046], [128.7284253140001, 34.88825950100005], [128.72366703000012, 34.888910011000064], [128.71692612800007, 34.880290341000034], [128.71831396100004, 34.87736270000005], [128.71058175000007, 34.86988047700004], [128.70165996800006, 34.87557353500006], [128.69828951700003, 34.880127697000034], [128.69650516100012, 34.89086150900005], [128.70463389600002, 34.891999861000045], [128.70800434700004, 34.89915485800003], [128.71177132100001, 34.89915485800003], [128.717322652, 34.90175652000005], [128.7107800120001, 34.91086168900006], [128.71434872500004, 34.91265008600004], [128.7187104850001, 34.90988618400007], [128.72307224500003, 34.91330040300005], [128.72307224500003, 34.91785247300004], [128.7187104850001, 34.92029097900007], [128.7179174380001, 34.922566852000045], [128.71752091400003, 34.92533032700004], [128.71990005600003, 34.92776861100003], [128.71652960500012, 34.93085699900007], [128.71851222300006, 34.93297004000004], [128.71571167600007, 34.93660702100004], [128.7193132010001, 34.93711144200006], [128.71766366200006, 34.94023198300005], [128.7203283010001, 34.94158418100005], [128.72438870300005, 34.93700742200008], [128.72718023000004, 34.938151635000054], [128.7270533420001, 34.945432622000055], [128.72476936600003, 34.94886486300004], [128.7203283010001, 34.949904907000075], [128.71487213600005, 34.95791280900005], [128.71525279900004, 34.96009664600007], [128.7179174380001, 34.961448516000075], [128.71588723700006, 34.96456813200007], [128.70687821900003, 34.96591992800006], [128.7038329180001, 34.97153484300003], [128.6992649660001, 34.97080700600003], [128.69558522600005, 34.97475804700008], [128.69495078800003, 34.980164426000044], [128.69774231500003, 34.98265955800008], [128.697107877, 34.98546649000008], [128.7010413920001, 34.990976114000034], [128.6992649660001, 34.99211957400007], [128.69533145100002, 34.99014449600003], [128.69241303700005, 34.995965642000044], [128.6940625750001, 34.99762875000005], [128.6988843030001, 34.99742086300006], [128.70040695400007, 34.998980001000064], [128.7056093440001, 34.99658931100004], [128.7070051070001, 34.997732693000046], [128.7066244440001, 35.001058804000024], [128.701675829, 35.00178637300007], [128.70192960400004, 35.006567379000046], [128.70827398300003, 35.00906170500008], [128.7111923970001, 35.006983105000074], [128.71093862200007, 35.00532018700005], [128.71271504700007, 35.00521625300007], [128.7179174380001, 35.01030884000005], [128.71702922500003, 35.01165988100007], [128.72185095200007, 35.01831083600007], [128.719566976, 35.01893433600003], [128.71905942600006, 35.02392215900005], [128.71169994700006, 35.03171502300006], [128.70865464500002, 35.03265011700006], [128.705863119, 35.03161112300006], [128.6992649660001, 35.03659817300007], [128.69939185300007, 35.03140332300006], [128.69418946300004, 35.03057211600003], [128.68962151100004, 35.03202672200007], [128.6877181970001, 35.03805267200005], [128.678836068, 35.04054603800006]]]]}}, {"type": "Feature", "properties": {"shapeName": "Saha-gu", "shapeISO": "", "shapeID": "91817680B15590775835688", "shapeGroup": "KOR", "shapeType": "ADM2"}, "geometry": {"type": "Polygon", "coordinates": [[[129.00430267000002, 35.07970268100007], [129.01051223000002, 35.07818402300006], [129.00932266000007, 35.090838639000026], [129.0052781180001, 35.09560794600003], [129.00741934600012, 35.10037697400003], [129.00789517400005, 35.10913568700005], [129.00303961439485, 35.116595198786456], [129.003017934, 35.11662850600004], [128.99909235000007, 35.116141980000066], [128.9923117950001, 35.11448777100003], [128.981992742946, 35.11439292740409], [128.9817246140001, 35.11439046300006], [128.9773232020001, 35.114876999000046], [128.96911516300008, 35.11876918400003], [128.96316730800004, 35.119742201000065], [128.94819535942557, 35.12653975483082], [128.9466293270001, 35.125031755000066], [128.93858305100002, 35.11825398800005], [128.93531367000003, 35.11474533200004], [128.93529080306135, 35.11469001868023], [128.9411230720001, 35.11348428200006], [128.9409372010001, 35.11135562800007], [128.93554695800003, 35.103448713000034], [128.93257303100006, 35.09143481700005], [128.93443173600008, 35.08550325400006], [128.94037959000002, 35.08945767800003], [128.94186655400006, 35.08778467600007], [128.94019372000002, 35.083678071000065], [128.945212222, 35.08945767800003], [128.94930137200004, 35.10679404000007], [128.95655032000002, 35.10664198300003], [128.9574796720001, 35.10025531900004], [128.9504165950001, 35.08352597100003], [128.958966636, 35.051274274000036], [128.9639851380001, 35.04457892900007], [128.96770254700004, 35.04229630000003], [128.9641710080001, 35.03560021900006], [128.96695906500008, 35.03209977700004], [128.96714493600007, 35.03636116500007], [128.97160582700008, 35.03757866400008], [128.97272104900003, 35.04092669200003], [128.9782971630001, 35.040165788000024], [128.96956125200006, 35.04625281700004], [128.97383627200009, 35.049143997000044], [128.97457975400005, 35.04792667000004], [128.97941238600004, 35.04823100400006], [128.982386313, 35.04670932600004], [128.9825721840001, 35.05233939200008], [128.9736504020001, 35.053556653000044], [128.9736504020001, 35.05705617600006], [128.97681019900006, 35.05675187600008], [128.9853602400001, 35.05994697400007], [128.99075048400005, 35.05462174100006], [128.99372441100002, 35.04564413500003], [128.9968842090001, 35.04473110200007], [129.00171684000009, 35.049143997000044], [128.99583868700006, 35.060565058000066], [128.99467699700006, 35.084096346000024], [128.99813593500005, 35.08057492200004], [129.0011812360001, 35.07995189400003], [128.99927792300002, 35.08344079400007], [129.00308455000004, 35.08618196900005], [129.004759465, 35.084375296000076], [129.00430267000002, 35.07970268100007]]]}}, {"type": "Feature", "properties": {"shapeName": "Yeongdo-gu", "shapeISO": "", "shapeID": "91817680B63526671374694", "shapeGroup": "KOR", "shapeType": "ADM2"}, "geometry": {"type": "Polygon", "coordinates": [[[129.04892793600004, 35.07485577700004], [129.05673449500011, 35.07059639600004], [129.06509866600004, 35.06907513500005], [129.06509866600004, 35.06435904600005], [129.070303039, 35.059034101000066], [129.07718024500002, 35.060251262000065], [129.08108352500005, 35.05690402600004], [129.08331397000006, 35.05066562900004], [129.09279336400004, 35.050361305000024], [129.09279336400004, 35.05431743200006], [129.09576729100002, 35.05994697400007], [129.09074878900003, 35.06116412100005], [129.08647376800002, 35.06435904600005], [129.08442919300012, 35.069683643000076], [129.08126939500005, 35.06953151700003], [129.0801541730001, 35.07105276900006], [129.0913064, 35.07470366000007], [129.0942803270001, 35.07698538300008], [129.09539555000003, 35.080636008000056], [129.08312810000007, 35.07485577700004], [129.0779237270001, 35.08337387000006], [129.07885308000004, 35.08459066800003], [129.0732769660001, 35.09173898900008], [129.0595225520001, 35.10131979800008], [129.04242247000002, 35.096605572000044], [129.0362887450001, 35.09204315900007], [129.03219959500007, 35.09462855700008], [129.03424417000008, 35.085199060000036], [129.04892793600004, 35.07485577700004]]]}}, {"type": "Feature", "properties": {"shapeName": "Dongnae-gu", "shapeISO": "", "shapeID": "91817680B12008242239928", "shapeGroup": "KOR", "shapeType": "ADM2"}, "geometry": {"type": "Polygon", "coordinates": [[[129.11399882500007, 35.20554248800005], [129.102036547, 35.21122199000007], [129.0947759820001, 35.21240840400003], [129.0889675300001, 35.215176636000024], [129.0831590780001, 35.22545781400004], [129.06815391100008, 35.22189909200006], [129.06234546000007, 35.22189909200006], [129.05820693302744, 35.22358949092547], [129.0519991550001, 35.20726715100005], [129.0270409640001, 35.19614313500006], [129.0225031110001, 35.187490069000035], [129.01915208100002, 35.18338191700008], [129.01926174866765, 35.183160315809054], [129.01944250300005, 35.18338191700008], [129.02272938700003, 35.176740246000065], [129.0227741846932, 35.1766497210967], [129.03793181100002, 35.17883608100004], [129.05018401400002, 35.187737312000024], [129.06152864600006, 35.19144587100004], [129.07568107500003, 35.19367092400006], [129.087734747, 35.189035327000056], [129.10191553700008, 35.17744517600005], [129.1082968930001, 35.175126947000024], [129.11027630468024, 35.1681154548275], [129.11042401100008, 35.16759224800006], [129.11808616430136, 35.17702513121115], [129.1160736380001, 35.185907694000036], [129.1122013370001, 35.19856582800003], [129.11399882500007, 35.20554248800005]]]}}, {"type": "Feature", "properties": {"shapeName": "Suyeong-gu", "shapeISO": "", "shapeID": "91817680B55707549130569", "shapeGroup": "KOR", "shapeType": "ADM2"}, "geometry": {"type": "Polygon", "coordinates": [[[129.11808616430136, 35.17702513121115], [129.11042401100008, 35.16759224800006], [129.11027630468024, 35.1681154548275], [129.10872231700012, 35.16288560400005], [129.100554181, 35.16993387500003], [129.09374740200008, 35.16993387500003], [129.09147847500003, 35.16770817200006], [129.09238604600012, 35.164369502000056], [129.09291904801094, 35.15930191863402], [129.09510875800004, 35.15546571200008], [129.09556254300003, 35.15027138500005], [129.0928398310001, 35.14730304900007], [129.11100866800007, 35.13567978400005], [129.11788587500007, 35.14023975500004], [129.11788587500007, 35.146015351000074], [129.11528368900008, 35.146015351000074], [129.11658478200002, 35.15148659000005], [129.1217891550001, 35.15467797700006], [129.12532069300005, 35.15315828400003], [129.13387073400008, 35.15467797700006], [129.13480008700003, 35.15604567500003], [129.13015332500004, 35.161516240000026], [129.13391752047224, 35.16236273693394], [129.129142655, 35.166916796000066], [129.11849382600008, 35.17522586000007], [129.11808616430136, 35.17702513121115]]]}}, {"type": "Feature", "properties": {"shapeName": "Yeonje-gu", "shapeISO": "", "shapeID": "91817680B90297389150949", "shapeGroup": "KOR", "shapeType": "ADM2"}, "geometry": {"type": "Polygon", "coordinates": [[[129.0227741846932, 35.1766497210967], [129.02279353400002, 35.176610621000066], [129.02267712359873, 35.17650489469259], [129.03157881700008, 35.16770817200006], [129.04317756900002, 35.17126926800006], [129.04492010400008, 35.16889522100007], [129.0533423590001, 35.16794558300006], [129.05856996600005, 35.169607443000075], [129.0603125020001, 35.17293106000005], [129.06786348900005, 35.17055706100007], [129.07134856000005, 35.16889522100007], [129.07396236300008, 35.16438434100007], [129.07570489900002, 35.155124381000064], [129.07900282420326, 35.15206841736271], [129.0800612370001, 35.15108765800005], [129.08528884400005, 35.150375275000044], [129.09291904801094, 35.15930191863402], [129.09238604600012, 35.164369502000056], [129.09147847500003, 35.16770817200006], [129.09374740200008, 35.16993387500003], [129.100554181, 35.16993387500003], [129.10872231700012, 35.16288560400005], [129.11027630468024, 35.1681154548275], [129.1082968930001, 35.175126947000024], [129.10191553700008, 35.17744517600005], [129.087734747, 35.189035327000056], [129.07568107500003, 35.19367092400006], [129.06152864600006, 35.19144587100004], [129.05018401400002, 35.187737312000024], [129.03793181100002, 35.17883608100004], [129.0227741846932, 35.1766497210967]]]}}, {"type": "Feature", "properties": {"shapeName": "Nam-gu [South District]", "shapeISO": "", "shapeID": "91817680B11476058556898", "shapeGroup": "KOR", "shapeType": "ADM2"}, "geometry": {"type": "Polygon", "coordinates": [[[129.09291904801094, 35.15930191863402], [129.08528884400005, 35.150375275000044], [129.0800612370001, 35.15108765800005], [129.07900282420326, 35.15206841736271], [129.0753215410001, 35.148447058000045], [129.07457805900003, 35.147535177000066], [129.0708606500001, 35.14525542800004], [129.068072593, 35.144799470000066], [129.068072593, 35.14692725000003], [129.06528453600004, 35.14692725000003], [129.06491279500005, 35.142671635000056], [129.06695737000007, 35.139479778000066], [129.0663997590001, 35.13765580300003], [129.0662138890001, 35.132791671000064], [129.06528453600004, 35.12883935000008], [129.06677150000007, 35.12564695000003], [129.06528453600004, 35.12306253500003], [129.0729052250001, 35.12184631100007], [129.06993129800003, 35.11819753100008], [129.0730910950001, 35.11774142200005], [129.0729052250001, 35.11576492000006], [129.0684443340001, 35.11165972500004], [129.06993129800003, 35.110443331000056], [129.06788672300002, 35.10801048900004], [129.07513567, 35.103600777000054], [129.09019117700007, 35.10284045700007], [129.09019117700007, 35.10831459800005], [129.09335097500002, 35.107554323000045], [129.09520968000004, 35.093107744000065], [129.09985644100004, 35.09082647200006], [129.105060814, 35.09234732700003], [129.1032021090001, 35.09523687500007], [129.1102651870001, 35.10329665000006], [129.11862935700003, 35.099494968000045], [129.1240196000001, 35.09934289700004], [129.12699352800007, 35.10907486600007], [129.12792288000003, 35.119869909000045], [129.12364785900002, 35.12443076500006], [129.12123154300002, 35.13081553400008], [129.119001098, 35.13157559200005], [129.11621304100004, 35.127775230000054], [129.11658478200002, 35.13263966200003], [129.11100866800007, 35.13567978400005], [129.0928398310001, 35.14730304900007], [129.09556254300003, 35.15027138500005], [129.09510875800004, 35.15546571200008], [129.09291904801094, 35.15930191863402]]]}}, {"type": "Feature", "properties": {"shapeName": "Jung-gu [Central District]", "shapeISO": "", "shapeID": "91817680B85909931268472", "shapeGroup": "KOR", "shapeType": "ADM2"}, "geometry": {"type": "Polygon", "coordinates": [[[129.0275230950001, 35.09580260600006], [129.0373965330001, 35.09697055400005], [129.0381102760001, 35.09998767600007], [129.0397756750001, 35.10018232600004], [129.03822923300004, 35.104367171000035], [129.04263064500003, 35.102226114000075], [129.04346334500008, 35.10339397100006], [129.0401325460001, 35.105924268000024], [129.04132211700005, 35.10709207200006], [129.04382021600009, 35.10495108600003], [129.04560457200012, 35.10553499700006], [129.04310647400007, 35.10757865100004], [129.04893537100008, 35.111763117000066], [129.04274960200007, 35.11536353300005], [129.038824018, 35.12198009700006], [129.02966432200003, 35.12801237800005], [129.02692830900003, 35.127817795000055], [129.0275230950001, 35.12606653000006], [129.03002119300004, 35.12587194200006], [129.03287616400007, 35.11876918400003], [129.026214567, 35.115655451000066], [129.02228898200008, 35.11098462800004], [129.02288376800004, 35.10777328300003], [129.02669039500006, 35.104464491000044], [129.0275230950001, 35.09580260600006]]]}}, {"type": "Feature", "properties": {"shapeName": "Seo-gu [West District]", "shapeISO": "", "shapeID": "91817680B65504384218086", "shapeGroup": "KOR", "shapeType": "ADM2"}, "geometry": {"type": "Polygon", "coordinates": [[[129.00430267000002, 35.07970268100007], [129.00551603300005, 35.07117446800004], [129.0093517800001, 35.065989814000034], [129.0121776300001, 35.06513798000003], [129.01098805900006, 35.063190631000055], [129.00848996000002, 35.062801155000045], [129.00860891700006, 35.05783518000004], [129.01158284400003, 35.05267414100007], [129.00874174500007, 35.051031539000064], [129.01553983300005, 35.05307378600003], [129.01613232700004, 35.05703049400006], [129.02226994900002, 35.06175735200003], [129.02059503400005, 35.06898580600006], [129.01678840700004, 35.074344419000056], [129.02044276800007, 35.07733512000004], [129.02295514200011, 35.07583978300005], [129.02447779300007, 35.07683667800006], [129.0260956090001, 35.08684778000003], [129.02740413700008, 35.08733448000004], [129.02569591400004, 35.089359124000055], [129.02714243200012, 35.08948371500003], [129.02554364900004, 35.09471639900005], [129.0275230950001, 35.09580260600006], [129.02669039500006, 35.104464491000044], [129.02288376800004, 35.10777328300003], [129.02228898200008, 35.11098462800004], [129.026214567, 35.115655451000066], [129.03287616400007, 35.11876918400003], [129.03002119300004, 35.12587194200006], [129.0275230950001, 35.12606653000006], [129.02692830900003, 35.127817795000055], [129.02606587000002, 35.131271570000024], [129.026373518, 35.13185864700006], [129.02718109300008, 35.133399703000066], [129.02978327900007, 35.13902378800003], [129.0290397970001, 35.14631931800005], [129.02550825900005, 35.14859903800004], [129.0223484610001, 35.14692725000003], [129.00963376100003, 35.14841311851337], [129.00963376100003, 35.14767409700005], [129.0114489010001, 35.14062389700007], [129.00330835700004, 35.11662850600004], [129.00303961439485, 35.116595198786456], [129.00789517400005, 35.10913568700005], [129.00741934600012, 35.10037697400003], [129.0052781180001, 35.09560794600003], [129.00932266000007, 35.090838639000026], [129.01051223000002, 35.07818402300006], [129.00430267000002, 35.07970268100007]]]}}, {"type": "Feature", "properties": {"shapeName": "Busanjin-gu", "shapeISO": "", "shapeID": "91817680B32751924176777", "shapeGroup": "KOR", "shapeType": "ADM2"}, "geometry": {"type": "Polygon", "coordinates": [[[129.02267712359873, 35.17650489469259], [129.01870946500003, 35.172901386000035], [129.01281025800006, 35.16956292900005], [129.00963376100003, 35.16325658100004], [129.00963376100003, 35.15509470000006], [129.00963376100003, 35.148447058000045], [129.00963376100003, 35.14841311851337], [129.0223484610001, 35.14692725000003], [129.02550825900005, 35.14859903800004], [129.0290397970001, 35.14631931800005], [129.02978327900007, 35.13902378800003], [129.02718109300008, 35.133399703000066], [129.026373518, 35.13185864700006], [129.03480178200005, 35.13415973700006], [129.03758983800003, 35.13461575400004], [129.04093550700009, 35.138719793000064], [129.04576813800008, 35.139783769000076], [129.0545040500001, 35.13856779500003], [129.06695737000007, 35.139479778000066], [129.06491279500005, 35.142671635000056], [129.06528453600004, 35.14692725000003], [129.068072593, 35.14692725000003], [129.068072593, 35.144799470000066], [129.0708606500001, 35.14525542800004], [129.07457805900003, 35.147535177000066], [129.0753215410001, 35.148447058000045], [129.07900282420326, 35.15206841736271], [129.07570489900002, 35.155124381000064], [129.07396236300008, 35.16438434100007], [129.07134856000005, 35.16889522100007], [129.06786348900005, 35.17055706100007], [129.0603125020001, 35.17293106000005], [129.05856996600005, 35.169607443000075], [129.0533423590001, 35.16794558300006], [129.04492010400008, 35.16889522100007], [129.04317756900002, 35.17126926800006], [129.03157881700008, 35.16770817200006], [129.02267712359873, 35.17650489469259]]]}}, {"type": "Feature", "properties": {"shapeName": "Dong-gu [East District]", "shapeISO": "", "shapeID": "91817680B24548286345957", "shapeGroup": "KOR", "shapeType": "ADM2"}, "geometry": {"type": "Polygon", "coordinates": [[[129.0663997590001, 35.13765580300003], [129.0667058990001, 35.13865720600006], [129.0545040500001, 35.13856779500003], [129.04576813800008, 35.139783769000076], [129.04093550700009, 35.138719793000064], [129.03758983800003, 35.13461575400004], [129.03480178200005, 35.13415973700006], [129.026373518, 35.13185864700006], [129.02606587000002, 35.131271570000024], [129.02692830900003, 35.127817795000055], [129.02966432200003, 35.12801237800005], [129.038824018, 35.12198009700006], [129.04274960200007, 35.11536353300005], [129.04893537100008, 35.111763117000066], [129.05120031400008, 35.11371320000006], [129.04838341000004, 35.11558149900003], [129.04998219300012, 35.11751202900007], [129.054017218, 35.11508329000003], [129.0550069410001, 35.11601742900007], [129.04884020500003, 35.120563419000064], [129.05013445800012, 35.12361469500007], [129.0552353390001, 35.12517142400003], [129.0551592060001, 35.122742913000025], [129.05241843500005, 35.12062569100004], [129.05622506200007, 35.118010223000056], [129.064399793, 35.12694216700004], [129.0662138890001, 35.132791671000064], [129.0663997590001, 35.13765580300003]]]}}, {"type": "Feature", "properties": {"shapeName": "Gangseo-gu", "shapeISO": "", "shapeID": "91817680B91211823266814", "shapeGroup": "KOR", "shapeType": "ADM2"}, "geometry": {"type": "Polygon", "coordinates": [[[128.99415126833134, 35.22650624591546], [128.98875963700004, 35.22379586100004], [128.97339711400002, 35.22283049200007], [128.9732908612956, 35.222842065118236], [128.9731066910001, 35.22283049200007], [128.95538070300006, 35.22476121900007], [128.94385380100005, 35.22476121900007], [128.935581672, 35.21800347200008], [128.92140088200006, 35.21317616500005], [128.921162476926, 35.213193872170876], [128.92111046000002, 35.21317616500005], [128.90837762425608, 35.21412187675225], [128.89658450000002, 35.204486290000034], [128.8962940770001, 35.204486290000034], [128.87767677800002, 35.204486290000034], [128.8717681170001, 35.19772685500004], [128.87294984900007, 35.18420629800005], [128.88358544200003, 35.17647925500006], [128.88240370900007, 35.166819419000035], [128.87649504600006, 35.15425991600006], [128.87621443622467, 35.15428077294954], [128.87620462400002, 35.15425991600006], [128.86320556600003, 35.15522610000005], [128.85621767287986, 35.160939163946445], [128.8434065350001, 35.15522610000005], [128.8339526750001, 35.152327512000056], [128.83369799763483, 35.152338471435606], [128.83366225300006, 35.152327512000056], [128.81145567595797, 35.15328311930202], [128.81120933500006, 35.15329372000008], [128.79133454354943, 35.148514190240526], [128.7911198820001, 35.14846256800007], [128.78923923475205, 35.149743938389186], [128.79057342500005, 35.14788979800005], [128.7913660470001, 35.14649170700005], [128.797932177, 35.13778259800006], [128.8047563240001, 35.13236358900008], [128.828428905, 35.125181981000026], [128.83280172600007, 35.12248365900007], [128.8362703140001, 35.11663024500007], [128.8389476960001, 35.10133311300007], [128.83430643000008, 35.092235533000064], [128.83053113500011, 35.091155119000064], [128.83436372900007, 35.08171975600004], [128.80125555400002, 35.08124443000003], [128.80270766700005, 35.077679395000075], [128.8334924610001, 35.07696636900005], [128.8323307710001, 35.071737324000026], [128.80648316100007, 35.06674564900004], [128.8067735830001, 35.06127822700006], [128.79573752500005, 35.059614157000055], [128.79457583500005, 35.06199139000006], [128.79225245400005, 35.06199139000006], [128.7928332990001, 35.05343302600005], [128.79777048300002, 35.05343302600005], [128.79777048300002, 35.049391264000064], [128.80067470900008, 35.04748918900003], [128.8044502030001, 35.04820247300006], [128.81200119000005, 35.04202047800004], [128.81229161200008, 35.03464902700006], [128.80938738700002, 35.032984413000065], [128.8114203450001, 35.03060633600006], [128.81461499300008, 35.03013071200007], [128.81548626100005, 35.02489866700006], [128.81229161200008, 35.02370951900008], [128.80851611900005, 35.02513649400004], [128.8056118930001, 35.02347168700004], [128.81083950000004, 35.02204468300005], [128.81171076700002, 35.020141971000044], [128.82274682600007, 35.01704997100006], [128.82477978400004, 35.015147144000025], [128.82623189700007, 35.01229281900004], [128.8218755580001, 35.00920052200007], [128.82361809300005, 35.00753539100003], [128.8230372480001, 35.00444291400004], [128.81897133200005, 35.00301557700004], [128.82332767100002, 34.99825760900006], [128.82274682600007, 34.99540269500005], [128.82448936100002, 34.99421311900005], [128.8311690810001, 34.994451035000054], [128.8300073900001, 34.98826497600004], [128.839591336, 34.99635434400005], [128.83842964500002, 34.99849551400007], [128.84104344900004, 35.00848689800006], [128.83494457400002, 35.01157922300007], [128.83494457400002, 35.01419571300005], [128.84017218100007, 35.018952754000054], [128.84365725200007, 35.02751473100005], [128.843076407, 35.03013071200007], [128.84772316800002, 35.032984413000065], [128.85120823900002, 35.04392268000004], [128.84772316800002, 35.05937643000004], [128.85236992900002, 35.06270454700007], [128.85875922600007, 35.06389312700003], [128.8544028880001, 35.06888497600005], [128.84801359100004, 35.06840957500003], [128.84104344900004, 35.069835769000065], [128.84075302600002, 35.07340114700003], [128.8393009130001, 35.07411420400007], [128.83755837800004, 35.068647276000036], [128.8358158420001, 35.06840957500003], [128.83842964500002, 35.08338337600003], [128.86805274900007, 35.08243274000006], [128.869795285, 35.08100676600003], [128.87850796200007, 35.080293769000036], [128.87937923000004, 35.068647276000036], [128.86311556500004, 35.06936037400004], [128.86166345200002, 35.071024246000036], [128.8590496490001, 35.069598072000076], [128.8706665520001, 35.064130841000065], [128.88199303300007, 35.064843979000045], [128.88518768200004, 35.06603252800005], [128.88431641400007, 35.08124443000003], [128.8880193020001, 35.09348319800006], [128.8875655170001, 35.10425001200008], [128.89709500800006, 35.122067822000076], [128.90662449900003, 35.11835610000003], [128.90145134700003, 35.11379787300007], [128.899999234, 35.11047184000006], [128.9008705010001, 35.10524494300006], [128.898837543, 35.09193860000005], [128.89651416300012, 35.08908695900004], [128.89680458500004, 35.07910542800005], [128.911616137, 35.08005610200007], [128.9124874050001, 35.08718580900006], [128.92817022500003, 35.09621587600003], [128.9299127600001, 35.10168095700004], [128.93529080306135, 35.11469001868023], [128.93531367000003, 35.11474533200004], [128.93858305100002, 35.11825398800005], [128.9466293270001, 35.125031755000066], [128.94819535942557, 35.12653975483082], [128.94828841600008, 35.12662936300006], [128.95884211100008, 35.121837783000046], [128.9613598190001, 35.17729100300005], [128.96625600200002, 35.184627688000035], [128.98257661000002, 35.19463119100004], [128.99142238280947, 35.19796745744767], [128.99172552400012, 35.19808179000006], [128.99445629800005, 35.22665958500005], [128.99415126833134, 35.22650624591546]]]}}, {"type": "Feature", "properties": {"shapeName": "Goheung-gun", "shapeISO": "", "shapeID": "91817680B78599330358722", "shapeGroup": "KOR", "shapeType": "ADM2"}, "geometry": {"type": "MultiPolygon", "coordinates": [[[[127.24431168300009, 34.41491944200004], [127.2418953670001, 34.41629946200004], [127.24338233100002, 34.41261935700004], [127.23743447600009, 34.41169930500007], [127.23910731, 34.41001251800003], [127.24431168300009, 34.41016586400008], [127.24393994200011, 34.40786564800004], [127.24115188500002, 34.40755894800003], [127.24449755400008, 34.404798596000035], [127.25397694700007, 34.40234487300006], [127.25230411300004, 34.39943098400005], [127.25434868800005, 34.39743721200006], [127.25248998300003, 34.39406302700007], [127.24914431500008, 34.394523151000044], [127.24672799900009, 34.392836018000025], [127.25025953800002, 34.391608990000066], [127.2510030200001, 34.389461648000065], [127.2485867040001, 34.389461648000065], [127.2485867040001, 34.38716086300008], [127.25063127900012, 34.386854087000074], [127.25063127900012, 34.38486001500007], [127.25397694700007, 34.38593375200003], [127.25527804, 34.38363287100003], [127.25862370800007, 34.38347947600005], [127.26066828300009, 34.38133192600003], [127.26401395200003, 34.38209891400004], [127.27237812200008, 34.37995132900005], [127.26996180600008, 34.38347947600005], [127.27033354700006, 34.387007475000075], [127.26884658300003, 34.38884811100007], [127.27014767700007, 34.39038194400007], [127.26810310200005, 34.389921797000056], [127.26680200800001, 34.39252926200004], [127.26011067200011, 34.39529001900007], [127.25862370800007, 34.39927761800004], [127.26085415400007, 34.40265159200004], [127.24802909200002, 34.41047255400008], [127.25025953800002, 34.413232719000064], [127.2487725740001, 34.41476610500007], [127.24561277600003, 34.41353939900006], [127.24431168300009, 34.41491944200004]]], [[[127.30209416100001, 34.44182573300003], [127.30180373900009, 34.43895154200004], [127.29918993500007, 34.43799345700006], [127.30006120300004, 34.435837724000066], [127.3041271190001, 34.43631678100007], [127.30325585100002, 34.433442401000036], [127.30499838700007, 34.43080746600003], [127.30935472600004, 34.43032837800007], [127.31167810600004, 34.43152609300006], [127.31429191000007, 34.43967009900007], [127.30209416100001, 34.44182573300003]]], [[[127.47373391000008, 34.46471093900004], [127.47055741300005, 34.46994865900007], [127.4564900690001, 34.47518605000005], [127.45512871300002, 34.459472891000075], [127.4605741360001, 34.451989395000055], [127.48008690400002, 34.45124100800007], [127.48417097200002, 34.447124762000044], [127.48280961600005, 34.44300831400005], [127.47827176300007, 34.44225984700006], [127.46601956000006, 34.44637633200006], [127.46556577500007, 34.44300831400005], [127.47464148000006, 34.43477480800004], [127.48825503900002, 34.43552334200007], [127.49279289200001, 34.43290344400003], [127.4937004630001, 34.42541756700007], [127.4896163950001, 34.42204870300003], [127.48825503900002, 34.41643363000003], [127.49052396600007, 34.41306440400007], [127.49823831600008, 34.416807980000044], [127.5145745860001, 34.421674377000045], [127.51865865400009, 34.42579187700005], [127.5227427210001, 34.426166185000056], [127.5263730040001, 34.42317167300007], [127.53681006500005, 34.428786294000076], [127.53771763600002, 34.434400538000034], [127.534087354, 34.441511373000026], [127.53817142100002, 34.44675054800007], [127.5349949240001, 34.44899580800006], [127.52319650700008, 34.45236358500006], [127.5059526660001, 34.47219329600006], [127.50459131000002, 34.46433680400003], [127.50096102700002, 34.46284024600004], [127.49869210100007, 34.468826318000026], [127.49687696, 34.46209195600005], [127.49279289200001, 34.45872457200005], [127.48825503900002, 34.46433680400003], [127.48144826000009, 34.46171780900005], [127.47373391000008, 34.46471093900004]]], [[[127.2314692870001, 34.481358268000065], [127.22154273400008, 34.491878040000074], [127.18538171900002, 34.49129364300006], [127.1641105330001, 34.48018932200006], [127.1506387820001, 34.47668238700004], [127.1371670310001, 34.47551337600004], [127.12936759700005, 34.47902036000005], [127.11802296400003, 34.49070924200004], [127.11447776700004, 34.48778717500005], [127.10880545000009, 34.47551337600004], [127.09958793700002, 34.46732984000005], [127.10455121300004, 34.45914550200007], [127.1052602530001, 34.442189678000034], [127.11235064800007, 34.44803690200007], [127.1236952800001, 34.43809637700008], [127.14283934700006, 34.426984978000064], [127.1641105330001, 34.431078823000064], [127.16978284900006, 34.435757258000024], [127.18396363900001, 34.432248456000025], [127.20381674600003, 34.431078823000064], [127.21303426000009, 34.43458767300007], [127.21516137800006, 34.43809637700008], [127.22366985300005, 34.45505303200002], [127.22650601100008, 34.46499154000003], [127.23501448500008, 34.47492886500004], [127.2314692870001, 34.481358268000065]]], [[[127.47464148000006, 34.53128032200004], [127.47781797800008, 34.537261482000076], [127.47827176300007, 34.54249464500003], [127.47237255400012, 34.54511110300007], [127.45966656600001, 34.54398977400007], [127.45422114200005, 34.54249464500003], [127.44060758400008, 34.525672593000024], [127.43606973100009, 34.52417713500006], [127.43516216000012, 34.52006448700007], [127.43743108700005, 34.51744724200006], [127.45376735700006, 34.515577731000064], [127.45422114200005, 34.512212505000036], [127.45195221600011, 34.508099266000045], [127.45875899500004, 34.50435978200005], [127.45104464500002, 34.498376259000054], [127.4437840810001, 34.49538433600003], [127.44287651000002, 34.49164428200004], [127.4524060010001, 34.48678196100008], [127.45149843100012, 34.481545297000025], [127.45376735700006, 34.47930091300003], [127.46238927800005, 34.485285805000046], [127.47373391000008, 34.48715599500008], [127.480540689, 34.484911762000024], [127.48825503900002, 34.48790406000006], [127.49687696, 34.48603388600003], [127.50277616900007, 34.48865211800006], [127.50459131000002, 34.492392306000056], [127.49279289200001, 34.508473206000076], [127.48144826000009, 34.508099266000045], [127.47282633900011, 34.51183858300004], [127.46783470100002, 34.50922107900004], [127.46238927800005, 34.50922107900004], [127.45875899500004, 34.514829915000064], [127.47146498300003, 34.51595163700006], [127.46919605700009, 34.52268165100003], [127.46556577500007, 34.52492486800003], [127.45921278100002, 34.52604645400004], [127.46601956000006, 34.53090648500006], [127.47010362800006, 34.53015880600003], [127.47464148000006, 34.53128032200004]]], [[[127.24565742645267, 34.777611857528925], [127.25043609400007, 34.765835957000036], [127.25782192300005, 34.73852823500005], [127.28182586500009, 34.73549348600005], [127.31136917800006, 34.755217360000074], [127.32983374900004, 34.75673438600006], [127.33352666300004, 34.73549348600005], [127.3316802060001, 34.72183573800004], [127.3353731200001, 34.708175733000076], [127.3316802060001, 34.69451347100005], [127.31875500600006, 34.66870082400004], [127.30767626400007, 34.66414481600003], [127.28736523600003, 34.66718218300008], [127.27997940800003, 34.682367346000035], [127.28367232200003, 34.70210389500005], [127.28367232200003, 34.715764903000036], [127.2707471220001, 34.711211484000046], [127.24489672300001, 34.691477107000026], [127.23197152400007, 34.65958855700006], [127.23381798100002, 34.63376502500006], [127.20427466700005, 34.62312946900005], [127.19873529600011, 34.638322704000075], [127.19319592500005, 34.644399218000046], [127.17473135400007, 34.61857095600004], [127.17473135400007, 34.60185426600003], [127.16919198300002, 34.59121462100006], [127.15626678300009, 34.59121462100006], [127.14334158400004, 34.586654355000064], [127.13780221200011, 34.57297205800006], [127.12038642900006, 34.560185284000056], [127.118117503, 34.550219189000074], [127.11963012000001, 34.54461273700008], [127.12492428200005, 34.53713687900006], [127.13702522300002, 34.524675624000054], [127.14383200300006, 34.52342939600004], [127.16425234100006, 34.524675624000054], [127.17635328200004, 34.529037276000054], [127.18316006100008, 34.53402174000007], [127.188454223, 34.53464477700004], [127.19147945800012, 34.532152601000064], [127.20811825200008, 34.526544931000046], [127.23080751700002, 34.527791113000035], [127.23761429600006, 34.51969060000005], [127.25425309000002, 34.51844429800008], [127.26937926700009, 34.511589300000026], [127.280723899, 34.50535699500006], [127.28374913400012, 34.49787761300007], [127.280723899, 34.492267636000065], [127.27391712000008, 34.490397560000076], [127.27240450200009, 34.48291683600007], [127.29358114900003, 34.472941494000054], [127.30870732500011, 34.461094227000046], [127.30568209000012, 34.455481776000056], [127.3147577960001, 34.44550315500004], [127.33064028100011, 34.44176086500005], [127.3382033690001, 34.44425574400003], [127.34047229600003, 34.44862160200006], [127.32610242800001, 34.45735263500006], [127.32156457500002, 34.464212092000025], [127.33139659000005, 34.464212092000025], [127.33593444300004, 34.46982395500004], [127.33290920800005, 34.47543544200005], [127.33895967800004, 34.481669984000064], [127.34727907500007, 34.48790406000006], [127.36164894300009, 34.492267636000065], [127.37072464900007, 34.48229341200005], [127.37980035400005, 34.48229341200005], [127.39038867800002, 34.48977419200003], [127.38358189900009, 34.499124223000024], [127.38660713400009, 34.50473373800003], [127.4070274720001, 34.50784997300008], [127.40778378100003, 34.52031374500007], [127.419884722, 34.522183150000046], [127.4289604280001, 34.54398977400007], [127.42442257500011, 34.548973344000046], [127.41459056000008, 34.551465017000055], [127.40097700100011, 34.55956243800006], [127.39265760400008, 34.58260463000005], [127.40929639800004, 34.590699019000056], [127.42290995700012, 34.584472636000044], [127.43349828100008, 34.58260463000005], [127.44862445700005, 34.58260463000005], [127.45845647200008, 34.58571795000006], [127.48190204500008, 34.57637764000003], [127.49475929500011, 34.58945378000004], [127.50307869200003, 34.600660262000076], [127.49854083900004, 34.61373258000003], [127.49475929500011, 34.63364834600003], [127.46299432500007, 34.639248793000036], [127.45921278100002, 34.64484886300005], [127.47887681000009, 34.642982215000075], [127.48946513300007, 34.64671546900007], [127.46072539800002, 34.66600126800006], [127.4508933840001, 34.66289095800005], [127.44484291300012, 34.66848943100007], [127.44786814800011, 34.67470951200005], [127.43349828100008, 34.67346553300007], [127.42820411900004, 34.67533149500008], [127.42593519200011, 34.68714827400004], [127.41232163400002, 34.694610633000025], [127.39795176600012, 34.70891160900004], [127.38811975200008, 34.71512865300008], [127.37980035400005, 34.72321011300005], [127.3790440460001, 34.73129078200003], [127.37450619300012, 34.74123513700005], [127.37526250200006, 34.747449750000044], [127.38660713400009, 34.74931404300003], [127.39643914900012, 34.753663897000024], [127.40173331000005, 34.76174158800006], [127.40248961900011, 34.766712082000026], [127.38585082500003, 34.77665217200007], [127.37450619300012, 34.77665217200007], [127.37223726600007, 34.784727614000076], [127.38887606000003, 34.789075602000025], [127.39946438400011, 34.80025508800003], [127.41459056000008, 34.80584426300004], [127.41912841300007, 34.81081210000008], [127.38811975200008, 34.81702147500005], [127.3790440460001, 34.82571381400004], [127.36618679600008, 34.83068045300007], [127.3571110900001, 34.83192206600006], [127.35030431100006, 34.827576339000075], [127.32685873700007, 34.81950509400008], [127.31702672200004, 34.81267496100003], [127.30213689300001, 34.80526450000008], [127.26151483700005, 34.788585494000074], [127.24489672300001, 34.779486432000056], [127.24565742645267, 34.777611857528925]]]]}}, {"type": "Feature", "properties": {"shapeName": "Wando-gun", "shapeISO": "", "shapeID": "91817680B85222249357664", "shapeGroup": "KOR", "shapeType": "ADM2"}, "geometry": {"type": "MultiPolygon", "coordinates": [[[[126.48048866300007, 34.16449193700004], [126.48019824000005, 34.17097989500007], [126.47555147900005, 34.17266187700005], [126.4749706340001, 34.16809642000004], [126.47642274700002, 34.16497254300003], [126.47787486000004, 34.16329040800008], [126.48048866300007, 34.16449193700004]]], [[[126.54937327000005, 34.176295107000044], [126.53448344000003, 34.178641465000055], [126.51604841300002, 34.171015563000026], [126.50966705700012, 34.16045548400007], [126.50966705700012, 34.15048086300004], [126.50541282000006, 34.13991821600007], [126.51604841300002, 34.12583263300007], [126.53164728200011, 34.12465872800004], [126.54795519100003, 34.127593459000025], [126.57773485100006, 34.15693516400006], [126.58695236500012, 34.158108620000064], [126.59546083900011, 34.15517494900007], [126.60751451100009, 34.14519970500004], [126.60255123400009, 34.158695342000044], [126.61247778800009, 34.15165440900006], [126.62098626200009, 34.15165440900006], [126.62098626200009, 34.16280228200003], [126.61035066900001, 34.16397565700004], [126.59475180000004, 34.16984228600006], [126.58411620700008, 34.170428926000056], [126.57915293000008, 34.16573568900003], [126.57135349500004, 34.16573568900003], [126.54937327000005, 34.176295107000044]]], [[[126.4865875370001, 34.18851891600008], [126.48252162100005, 34.191401694000035], [126.4726472530001, 34.18996031700004], [126.4738089440001, 34.18659701000007], [126.4749706340001, 34.18755796800008], [126.47816528200008, 34.18491530500006], [126.4772940150001, 34.18227256000006], [126.47990781800002, 34.17746735500003], [126.48252162100005, 34.178908945000046], [126.48339288900002, 34.18539579600008], [126.4865875370001, 34.18851891600008]]], [[[126.65555902900007, 34.19865324600005], [126.6505673900001, 34.19977920800005], [126.6464833230001, 34.187768177000066], [126.64149168500012, 34.18363899000008], [126.65011360500012, 34.17500458200004], [126.65192874600007, 34.17049932300006], [126.6400736060001, 34.154001452000045], [126.63440128900004, 34.14989408400004], [126.63156513100012, 34.142265585000075], [126.63652840800012, 34.12524568300006], [126.64290976400002, 34.12994117000005], [126.65141823800002, 34.128767323000034], [126.65141823800002, 34.11996294700003], [126.6620538310001, 34.113505822000036], [126.66630806800003, 34.12172389500006], [126.67198038400011, 34.14813372300006], [126.66559902800009, 34.159868774000074], [126.65496343500001, 34.16690902200003], [126.65964309600008, 34.17312742000007], [126.6836937170001, 34.17650628200005], [126.68460128700008, 34.18138662100006], [126.67189529900008, 34.18926964900004], [126.6673574460001, 34.19602594400004], [126.66100445200004, 34.194149250000066], [126.65555902900007, 34.19865324600005]]], [[[126.51156388000004, 34.18803844400003], [126.51040218900005, 34.19356371300006], [126.51156388000004, 34.19644631800003], [126.51533937300007, 34.198368], [126.51185430200007, 34.199328825000066], [126.505465006, 34.20509354300003], [126.5028512020001, 34.199088620000055], [126.49530021500004, 34.192122373000075], [126.49442894700007, 34.18587628300003], [126.4923959890001, 34.18347381800004], [126.4865875370001, 34.181551796000065], [126.48803965000002, 34.178908945000046], [126.49210556700007, 34.17722708800005], [126.49965655400001, 34.18659701000007], [126.5028512020001, 34.18755796800008], [126.50836923100007, 34.186116526000035], [126.51156388000004, 34.18803844400003]]], [[[126.76423153000007, 34.187077490000036], [126.76626448800005, 34.18996031700004], [126.76974956000004, 34.190921238000044], [126.7691687140001, 34.193083269000056], [126.7726537850001, 34.19764737400004], [126.76974956000004, 34.199088620000055], [126.76510279800004, 34.210377521000055], [126.7540667400001, 34.206534661000035], [126.75116251400004, 34.20101024200005], [126.75261462700007, 34.19404415400004], [126.7505816690001, 34.18635676800005], [126.7540667400001, 34.18683725000005], [126.76016561400002, 34.17722708800005], [126.76423153000007, 34.187077490000036]]], [[[126.91696594600012, 34.173068758000056], [126.91807382000002, 34.18315068800007], [126.90367145500011, 34.18773298600007], [126.90367145500011, 34.19872948300008], [126.90921082600005, 34.207892136000055], [126.89813208400005, 34.21155691900003], [126.88483759300004, 34.21247308900007], [126.86046435900005, 34.18773298600007], [126.8538171140001, 34.175818495000044], [126.8538171140001, 34.16756901600007], [126.8671116050001, 34.16848566400006], [126.8781903470001, 34.16481901000003], [126.87929822100011, 34.15748522400003], [126.89148483800011, 34.15381809200005], [126.91253444900008, 34.15840198200004], [126.91696594600012, 34.173068758000056]]], [[[126.77642927900001, 34.223105745000055], [126.77817181500006, 34.22646759600008], [126.7714920950001, 34.22814847200004], [126.7703304050001, 34.22646759600008], [126.771782518, 34.224066288000074], [126.7738154760001, 34.222385331000055], [126.77642927900001, 34.223105745000055]]], [[[126.5679784670001, 34.228298548000055], [126.56752468200011, 34.23542687500003], [126.56071790300007, 34.23317589000004], [126.56616332600004, 34.22604737200004], [126.56661711100003, 34.21966871400008], [126.5598103320001, 34.215541089000055], [126.56298682900001, 34.206534661000035], [126.55890276100001, 34.20315700200007], [126.55618005000008, 34.194149250000066], [126.55164219700009, 34.19339856000005], [126.54982705600003, 34.190020375000074], [126.56253304400002, 34.18851891600008], [126.5638944000001, 34.18476515200007], [126.56298682900001, 34.17950960100006], [126.58159202600007, 34.17425372200006], [126.59021394700005, 34.17613085900007], [126.58340716700002, 34.182888207000076], [126.58839880500011, 34.19152180800006], [126.59565937000002, 34.191146452000055], [126.59928965200004, 34.18926964900004], [126.59747451100009, 34.18438976600004], [126.60745778800003, 34.18138662100006], [126.61244942600001, 34.18251281300007], [126.6133569970001, 34.18589129900005], [126.61063428500006, 34.19039573600003], [126.6051888610001, 34.19339856000005], [126.60246615000005, 34.19677661000003], [126.60655021700006, 34.198277922000045], [126.61290321100012, 34.19640127800005], [126.62424784400002, 34.20240639200006], [126.62560919900011, 34.205408789000046], [126.62016377600003, 34.20615937200006], [126.61290321100012, 34.21666682500006], [126.60745778800003, 34.21966871400008], [126.60473507600011, 34.224546555000074], [126.59520558500003, 34.226797771000065], [126.59248287300011, 34.224546555000074], [126.58204581100006, 34.22754816300005], [126.57297010600007, 34.222670496000035], [126.5679784670001, 34.228298548000055]]], [[[126.61785854700008, 34.239193389000036], [126.62599037900009, 34.23943348000006], [126.62337657600006, 34.24375499800004], [126.61756812400006, 34.24783622700005], [126.61408305300006, 34.24975673700004], [126.60972671400009, 34.24951667600004], [126.60304699500011, 34.24807629400004], [126.59578643000009, 34.24303476000006], [126.59317262700006, 34.23583204600004], [126.59810981100009, 34.232710679000036], [126.60333741700003, 34.23295078800004], [126.60711291100006, 34.237752830000034], [126.61088840500008, 34.237272638000036], [126.61205009500009, 34.23439142900003], [126.61466389800012, 34.23463153400007], [126.61727770100003, 34.236552345000064], [126.61785854700008, 34.239193389000036]]], [[[126.57197177800003, 34.28191876600005], [126.5632591000001, 34.28383849800008], [126.554256, 34.279998990000024], [126.54815712600009, 34.279998990000024], [126.54263909700012, 34.28191876600005], [126.54089656100007, 34.27831915000007], [126.54263909700012, 34.275679334000074], [126.5458337450001, 34.277359227000034], [126.5493188160001, 34.27687926100003], [126.55657938100012, 34.27327942900007], [126.56906755200009, 34.275679334000074], [126.57197177800003, 34.28191876600005]]], [[[126.60956407800006, 34.28187077200005], [126.60993581800005, 34.28801376300004], [126.61309561600001, 34.29277427300008], [126.60974994800006, 34.29277427300008], [126.6064042800001, 34.28801376300004], [126.606218409, 34.28325298400006], [126.60956407800006, 34.28187077200005]]], [[[126.59209225500001, 34.29461697900007], [126.59041942100009, 34.29523120500005], [126.59116290200006, 34.30091258400006], [126.58968755600006, 34.30183385200007], [126.58562163900001, 34.30063428200003], [126.58068445600009, 34.29799516700007], [126.57536391400004, 34.28908874100006], [126.5857726590001, 34.29430986400007], [126.58949006800003, 34.293234953000024], [126.58911832700005, 34.29031727000006], [126.59116290200006, 34.29001013900006], [126.59357921800006, 34.29231359000005], [126.59209225500001, 34.29461697900007]]], [[[126.99272150100012, 34.33815772200006], [126.97411630400006, 34.34003120500006], [126.9605027450001, 34.328040188000045], [126.95687246200009, 34.31492305100005], [126.96004896000011, 34.31005044900007], [126.96504059800009, 34.313423819000036], [126.9686708800001, 34.30967562200004], [126.9686708800001, 34.30480271600004], [126.972301162, 34.302553587000034], [126.97865415600006, 34.307801461000054], [126.98682229200006, 34.307801461000054], [126.99181393000003, 34.31192456000008], [127.0017972060001, 34.313798629000075], [127.00451991800003, 34.31904580100007], [127.01586455000006, 34.324292644000025], [127.01404940900011, 34.32916441900005], [127.0017972060001, 34.33853242200007], [126.99272150100012, 34.33815772200006]]], [[[126.84115721300009, 34.34939799400007], [126.8366193600001, 34.35276978200005], [126.83344286300007, 34.358014516000026], [126.82164444500006, 34.35202050800007], [126.81483766600002, 34.336284196000065], [126.80530817500005, 34.33403591100006], [126.80077032200006, 34.33553477500004], [126.79305597200005, 34.34302869100003], [126.78804618200002, 34.34476718500008], [126.78485153400004, 34.34236925400006], [126.78107604000002, 34.33517505000003], [126.7773005470001, 34.332537020000075], [126.76539322100007, 34.33733337600006], [126.76074645900007, 34.33733337600006], [126.75842307900007, 34.33493523200008], [126.7552284300001, 34.33565468200004], [126.75348589500004, 34.332297195000024], [126.7575518110001, 34.333975956000074], [126.76365068500002, 34.333975956000074], [126.77127427800008, 34.32878967700003], [126.78307269600009, 34.32616643700004], [126.79487111300011, 34.317546642000025], [126.80530817500005, 34.32616643700004], [126.82754365400001, 34.325791682000045], [126.83344286300007, 34.32204403700007], [126.84024964200012, 34.31154974100008], [126.83707314500009, 34.307426623000026], [126.84387992500001, 34.30067926600003], [126.84705642200004, 34.30180386300003], [126.85658591300012, 34.31042527500006], [126.86611540400008, 34.31567265700005], [126.86747676000005, 34.319795370000065], [126.87337596900011, 34.31829622500004], [126.87519111000006, 34.313423819000036], [126.87337596900011, 34.309300793000034], [126.88154410400011, 34.31080009800007], [126.8860819570001, 34.32279357900006], [126.881090319, 34.32616643700004], [126.88154410400011, 34.32991389700004], [126.8860819570001, 34.33328646900003], [126.89742658900002, 34.33216229300007], [126.89788037500011, 34.34415272100006], [126.89288873600003, 34.34340337000003], [126.8860819570001, 34.33965651200003], [126.87972896300005, 34.33965651200003], [126.87609868100003, 34.34602607100004], [126.86702297500005, 34.35014729200003], [126.85885483900006, 34.34415272100006], [126.85431698700006, 34.34977264400004], [126.85159427500002, 34.34602607100004], [126.84569506600008, 34.34490206600003], [126.84115721300009, 34.34939799400007]]], [[[127.0181334770001, 34.37749208300005], [127.01087291200008, 34.375993970000025], [127.01541076500007, 34.37112491500005], [127.0099653420001, 34.36176055400006], [127.00497370300002, 34.35689067200008], [126.9977131390001, 34.35876373700006], [126.99136014500004, 34.36250974100005], [126.98591472100009, 34.36138595800003], [126.988637433, 34.35763990300006], [127.00134342100012, 34.35202050800007], [127.00678884500007, 34.35127122700004], [127.0099653420001, 34.353519050000045], [127.01541076500007, 34.353893682000034], [127.021763759, 34.35164586800005], [127.03174703600007, 34.34302869100003], [127.02857053900004, 34.34078058700004], [127.02857053900004, 34.336658905000036], [127.03401596200001, 34.33403591100006], [127.03719245900004, 34.34003120500006], [127.04762952100009, 34.34078058700004], [127.05216737400008, 34.33740831700004], [127.0517135880001, 34.33328646900003], [127.04899087700005, 34.32991389700004], [127.03810003000001, 34.32504216600006], [127.03764624400003, 34.317171848000044], [127.04263788300011, 34.317171848000044], [127.04944466200004, 34.323168348000024], [127.05216737400008, 34.323543115000064], [127.05625144100009, 34.330663369000035], [127.06532714700006, 34.33441062900005], [127.0721339270001, 34.33366119100003], [127.07258771200009, 34.330288634000055], [127.0803020620001, 34.32204403700007], [127.08438612900011, 34.320919711000045], [127.08801641200012, 34.32166926300005], [127.08710884100003, 34.32916441900005], [127.0803020620001, 34.32841493300003], [127.075310424, 34.33928181700003], [127.07077257100002, 34.33815772200006], [127.06532714700006, 34.33928181700003], [127.06351200600011, 34.34340337000003], [127.06623471800003, 34.34715006000005], [127.07757935000006, 34.342654012000025], [127.08211720300005, 34.34415272100006], [127.08620127100005, 34.342654012000025], [127.09164669400002, 34.336658905000036], [127.10072240000011, 34.336658905000036], [127.09799968800007, 34.34115527500006], [127.08983155300007, 34.34602607100004], [127.08166341800006, 34.354268311000055], [127.08393234400012, 34.358014516000026], [127.07667178000008, 34.358389128000056], [127.07168014100012, 34.36138595800003], [127.06487336200007, 34.35689067200008], [127.04672195000012, 34.35164586800005], [127.04263788300011, 34.360636760000034], [127.0430916680001, 34.367753866000044], [127.03719245900004, 34.36887756400006], [127.03310839100004, 34.37412129000006], [127.02539404200002, 34.372997662000046], [127.0181334770001, 34.37749208300005]]], [[[127.07667178000008, 34.37487036700003], [127.07984827700011, 34.37674303000006], [127.08574748500007, 34.37749208300005], [127.0889239820001, 34.384607757000026], [127.09346183500008, 34.38835260600007], [127.09073912400004, 34.391348364000066], [127.08574748500007, 34.39059943400002], [127.08393234400012, 34.38835260600007], [127.075310424, 34.38535674000008], [127.07667178000008, 34.381986263000044], [127.075310424, 34.37973920400003], [127.07122635600001, 34.37824113000005], [127.06895743000007, 34.37449582900007], [127.07667178000008, 34.37487036700003]]], [[[127.04626816500001, 34.38797812800004], [127.05125980300011, 34.39059943400002], [127.05080601800012, 34.39284620300003], [127.0430916680001, 34.39471846400005], [127.03855381500011, 34.393220658000075], [127.03446974700012, 34.389101555000025], [127.03810003000001, 34.38685468600005], [127.04626816500001, 34.38797812800004]]], [[[126.69050049600003, 34.398837290000074], [126.6836937170001, 34.40070941700003], [126.67643315200007, 34.40070941700003], [126.6505673900001, 34.393220658000075], [126.6394212890001, 34.38428007500005], [126.64509360500006, 34.34155338000005], [126.64934784200011, 34.33394223100004], [126.65714727700004, 34.32691594200003], [126.6713280680001, 34.32047466100005], [126.6897630950001, 34.319303466000065], [126.69330829300009, 34.31520415400007], [126.69259925300003, 34.30993331600007], [126.68267270000001, 34.308176296000056], [126.68338173900008, 34.30231929900003], [126.696144451, 34.29411881600004], [126.7167065970001, 34.29821915800005], [126.72450603100003, 34.29001827500008], [126.73585066400005, 34.29001827500008], [126.73585066400005, 34.30231929900003], [126.74932241500005, 34.29294725300008], [126.75783088900005, 34.292361466000045], [126.77272071900006, 34.28767501800007], [126.76775744200006, 34.29470459100003], [126.75924896800007, 34.29939064700005], [126.76988456100003, 34.30407644100006], [126.76988456100003, 34.31169029800003], [126.76421224400008, 34.31637540600008], [126.75085394000007, 34.31904580100007], [126.74903879900012, 34.32504216600006], [126.73678659600012, 34.33853242200007], [126.73633281100001, 34.34827403500003], [126.73179495800002, 34.35127122700004], [126.72997981700007, 34.35539219000003], [126.7290722460001, 34.36101136000008], [126.73179495800002, 34.371874019000074], [126.72816467500002, 34.38236076800007], [126.7168200430001, 34.38760364900003], [126.70729055200002, 34.39509291100006], [126.70093755800008, 34.39808842800005], [126.69549213400012, 34.397339559000045], [126.69050049600003, 34.398837290000074]]], [[[126.8294438800001, 34.414702239000064], [126.82660772200006, 34.419966491000025], [126.83937043300011, 34.420551387000046], [126.84433371000011, 34.42932434200003], [126.83866139400004, 34.431078823000064], [126.8344071570001, 34.43926591200005], [126.83015292000005, 34.442189678000034], [126.80888173400001, 34.43458767300007], [126.78831958800004, 34.431078823000064], [126.77626591600006, 34.41821177700007], [126.76633936300004, 34.411192554000024], [126.768466482, 34.40417274200007], [126.76633936300004, 34.39715234000005], [126.75286761200005, 34.38076911400003], [126.76563032400009, 34.385450363000075], [126.77839303500002, 34.381354284000054], [126.7670484030001, 34.366138523000075], [126.7670484030001, 34.35852960600005], [126.77342975800002, 34.355602916000066], [126.7791020740001, 34.36379739200004], [126.78122919300006, 34.37082059000005], [126.79186478600002, 34.38076911400003], [126.81242693200011, 34.38662063400005], [126.83157099900006, 34.37901357800007], [126.83582523600012, 34.38428007500005], [126.84433371000011, 34.385450363000075], [126.85851450000007, 34.39305683400005], [126.86560489600004, 34.38369492500004], [126.86347777700007, 34.37608760300003], [126.86844105400007, 34.36906484600007], [126.87411337000003, 34.36789432900002], [126.88191280500007, 34.37199106600008], [126.88758512100003, 34.36730906500003], [126.89042127900007, 34.35911493200007], [126.90389303000006, 34.355602916000066], [126.9152376620001, 34.35911493200007], [126.92161901800011, 34.36262680100003], [126.92445517600004, 34.36672379600003], [126.93438172900005, 34.37082059000005], [126.94218116400009, 34.36847958900006], [126.948562519, 34.37199106600008], [126.94927155900007, 34.37608760300003], [126.93650884700003, 34.38310977100008], [126.94998059800002, 34.404757749000055], [126.94572636100008, 34.411192554000024], [126.94147212400003, 34.40300271600006], [126.93012749200011, 34.39130155600003], [126.90389303000006, 34.39890749600005], [126.89113031800002, 34.39715234000005], [126.88545800200006, 34.40241769700003], [126.87694952800007, 34.40124764600006], [126.8748224090001, 34.39481207600005], [126.86631393500011, 34.39481207600005], [126.85567834200003, 34.407097735000036], [126.85000602600007, 34.40768272100007], [126.84575178900002, 34.41587210200004], [126.83724331500002, 34.411192554000024], [126.8294438800001, 34.414702239000064]]], [[[127.04354545300009, 34.460595358000035], [127.03764624400003, 34.45423451400006], [127.02312511500008, 34.45460869500005], [127.03401596200001, 34.44787318600004], [127.03583110300008, 34.444879452000066], [127.0390076000001, 34.42429462700005], [127.0430916680001, 34.420925719000024], [127.04762952100009, 34.418679704000056], [127.04944466200004, 34.42953488200004], [127.05262115900007, 34.43028346300002], [127.05852036800002, 34.426540491000026], [127.05852036800002, 34.416059278000034], [127.06215065000004, 34.40183267300006], [127.06532714700006, 34.40632554700005], [127.06714228800001, 34.417182328000024], [127.06532714700006, 34.421300049000024], [127.07440285300004, 34.42429462700005], [127.06895743000007, 34.43514907600007], [127.06850364400009, 34.44300831400005], [127.06215065000004, 34.45311196200004], [127.05761279700005, 34.45685374400006], [127.05806658300003, 34.45273777400007], [127.04762952100009, 34.45386033200003], [127.04354545300009, 34.460595358000035]]]]}}, {"type": "Feature", "properties": {"shapeName": "Muan-gun", "shapeISO": "", "shapeID": "91817680B20286966250971", "shapeGroup": "KOR", "shapeType": "ADM2"}, "geometry": {"type": "Polygon", "coordinates": [[[126.54184493900004, 34.96871666000004], [126.53282901500006, 34.975318526000024], [126.52810208500011, 34.98112818300007], [126.50446743400005, 34.983064643000034], [126.50092223700005, 34.99371435900008], [126.50328570200008, 35.000490729000035], [126.4997405040001, 35.01791310400006], [126.49146837600006, 35.01694529200006], [126.47610585300004, 35.01888090500006], [126.47374238800012, 35.038234518000024], [126.47492412100007, 35.047909606000076], [126.48437798100008, 35.05661620600006], [126.48201451600005, 35.06435462600007], [126.45601640000007, 35.06725634400004], [126.44159926400005, 35.05680967500007], [126.42954559200007, 35.050424941000074], [126.42458231500007, 35.04578118500007], [126.42316423600005, 35.04171768200007], [126.42529135500001, 35.03533176800005], [126.42529135500001, 35.02778413600004], [126.41749192000009, 35.02546164800003], [126.40685632700001, 35.02836474800006], [126.3955116950001, 35.04636166900008], [126.40189305100012, 35.050424941000074], [126.40685632700001, 35.05739008100005], [126.40614728800006, 35.065515326000025], [126.39692977400011, 35.075380607000056], [126.38983937900002, 35.06377427000007], [126.38558514200008, 35.06957764500004], [126.3905484180001, 35.07712141600007], [126.38983937900002, 35.085244696000075], [126.38133090400004, 35.07596088100007], [126.37920378600006, 35.068997326000044], [126.374949549, 35.06435462600007], [126.36785915400003, 35.06725634400004], [126.36715011400008, 35.07596088100007], [126.3550964420001, 35.075380607000056], [126.34800604700001, 35.076541150000025], [126.34375181000007, 35.085244696000075], [126.35013316600009, 35.09278701900007], [126.34020661200009, 35.09104654500004], [126.33453429600002, 35.09742810100005], [126.33595237500003, 35.10322908200004], [126.33311621700011, 35.11076974100007], [126.34375181000007, 35.13918595200005], [126.34446085000002, 35.15715843500004], [126.33878853300007, 35.15020181600005], [126.32744390100004, 35.15020181600005], [126.33453429600002, 35.14324460200004], [126.32602582200002, 35.132807666000076], [126.3182263870001, 35.12874849600007], [126.31113599200012, 35.12932839000007], [126.30900887400003, 35.13628679300007], [126.3047546360001, 35.13918595200005], [126.29695520200005, 35.13512710100008], [126.28986480700007, 35.13338753100004], [126.28135633200009, 35.13686663300007], [126.27922921400011, 35.14498396100004], [126.27001170000005, 35.14498396100004], [126.2643393840001, 35.141505205000044], [126.26150322600006, 35.13222779700004], [126.2508676330001, 35.125269047000074], [126.2459043560001, 35.117149754000025], [126.26008514700004, 35.10264900300007], [126.25512187000004, 35.09568772600005], [126.25370379100002, 35.08930603400006], [126.25512187000004, 35.07770167700005], [126.26221226500002, 35.07305947200007], [126.26504842300005, 35.06609566900005], [126.26504842300005, 35.05855087900005], [126.27297452600104, 35.053143992094], [126.27355689800004, 35.05274672000007], [126.28986480700007, 35.062033177000046], [126.29553712300003, 35.05390758500005], [126.29411904400001, 35.051005392000036], [126.30191847800006, 35.04636166900008], [126.31397215000004, 35.054488011000046], [126.302627518, 35.05913127300005], [126.31751734800002, 35.068997326000044], [126.31326311100008, 35.075380607000056], [126.31751734800002, 35.08466448900003], [126.32602582200002, 35.08814567200005], [126.33311621700011, 35.08814567200005], [126.34375181000007, 35.07189887900006], [126.3416246910001, 35.06725634400004], [126.3366614150001, 35.06377427000007], [126.34800604700001, 35.05739008100005], [126.35013316600009, 35.05390758500005], [126.34729700800006, 35.04984448600004], [126.35296932400001, 35.038234518000024], [126.35864164000009, 35.03939558900004], [126.37282243000004, 35.04636166900008], [126.38274898400005, 35.048683564000044], [126.39409361600008, 35.026042276000055], [126.38345802300012, 35.023139093000054], [126.37211339100008, 35.01326750000004], [126.36573203500006, 35.01152533100003], [126.3416246910001, 34.99874828700007], [126.35155124500011, 34.993520740000065], [126.35793260000003, 34.99235901700007], [126.35793260000003, 34.98596924900005], [126.35367836300009, 34.98190277200007], [126.33453429600002, 34.968540071000064], [126.3281529410001, 34.96737799400006], [126.32248062400004, 34.97435020900008], [126.32106254500002, 34.98132183100006], [126.31397215000004, 34.98596924900005], [126.31042695300005, 34.984226498000055], [126.30546367600004, 34.976674149000075], [126.2962461620001, 34.96912110400007], [126.3097179130001, 34.948782521000055], [126.32106254500002, 34.94587659700005], [126.32035350600006, 34.94006444000007], [126.30759079500001, 34.933670592000055], [126.30900887400003, 34.929020207000065], [126.32531678300006, 34.930764132000036], [126.32957102000012, 34.92669491600003], [126.32957102000012, 34.91797448700004], [126.34233373100005, 34.916230290000044], [126.3600597190001, 34.92262549800006], [126.3685681930001, 34.92204413600007], [126.36644107500001, 34.92960152000006], [126.37140435100002, 34.93541441800005], [126.3650229960001, 34.94180813000003], [126.37282243000004, 34.949363693000066], [126.3735314700001, 34.954594059000044], [126.3600597190001, 34.962729522000075], [126.3600597190001, 34.968540071000064], [126.36715011400008, 34.972607211000025], [126.37069531200007, 34.97725512400007], [126.3685681930001, 34.98596924900005], [126.36998627200012, 34.993520740000065], [126.372850792, 34.99800483400003], [126.37511971800006, 34.995774435000044], [126.37421214800008, 34.99094169400007], [126.37920378600006, 34.986480448000066], [126.38058329300009, 34.97708129600005], [126.37942160300008, 34.973273738000046], [126.38174498400008, 34.969703991000074], [126.39161935100003, 34.96732407400003], [126.39307146400006, 34.95637556200006], [126.39045766100003, 34.953757223000025], [126.38871512600008, 34.94685392800005], [126.39074808400005, 34.93899774800008], [126.39336188700008, 34.935426508000035], [126.39858949400002, 34.933997969000075], [126.39161935100003, 34.92661678500008], [126.39307146400006, 34.92090186400003], [126.40091287400003, 34.916139126000076], [126.40526921300011, 34.910185315000035], [126.40402016900009, 34.90576433000007], [126.39905689200009, 34.89936780900007], [126.39267553700006, 34.89646013500004], [126.38983937900002, 34.89064447800007], [126.38842130000012, 34.880175257000076], [126.39692977400011, 34.881338570000025], [126.39976593200004, 34.87784858200007], [126.3955116950001, 34.87203160800004], [126.40614728800006, 34.86214180600007], [126.4090884520001, 34.84249113000004], [126.41399399200009, 34.84371645600004], [126.44349003600007, 34.83316366100007], [126.44500265300007, 34.82633466000004], [126.45029681500012, 34.821367759000054], [126.46844822700007, 34.81453778100007], [126.47071715300001, 34.80894919600007], [126.46844822700007, 34.79901299800008], [126.46802002200002, 34.78279560900006], [126.47019719100001, 34.78239824100007], [126.48083278400009, 34.77560386000005], [126.4902866440001, 34.761042588000066], [126.51392129400006, 34.76589663100003], [126.52337515500005, 34.779486432000056], [126.53046555000003, 34.79501489200004], [126.53519248000009, 34.80180767400003], [126.5446463400001, 34.81054042900007], [126.55173673500008, 34.82315277400005], [126.55173673500008, 34.84255261100003], [126.56237232800004, 34.866795979000074], [126.55646366600001, 34.877460797000026], [126.53873767800007, 34.88521615900004], [126.5186482250001, 34.916230290000044], [126.53637421300004, 34.91332321300007], [126.54346460800002, 34.92010623300007], [126.5446463400001, 34.928826435000076], [126.53401074700002, 34.93560817400004], [126.53401074700002, 34.94529540000008], [126.5411011430001, 34.96079258000003], [126.54184493900004, 34.96871666000004]]]}}, {"type": "Feature", "properties": {"shapeName": "Mokpo-si", "shapeISO": "", "shapeID": "91817680B26607970527366", "shapeGroup": "KOR", "shapeType": "ADM2"}, "geometry": {"type": "MultiPolygon", "coordinates": [[[[126.36461005100011, 34.77575264400008], [126.35938244400006, 34.77909228200008], [126.35618779600009, 34.78434001100004], [126.35473568300006, 34.780046439000046], [126.36344836100011, 34.76621007600005], [126.35444526000003, 34.765971497000066], [126.35444526000003, 34.76239274000005], [126.35066976700011, 34.76215415000007], [126.35037934400009, 34.75093967300006], [126.35357399300005, 34.74879204600006], [126.35589737300006, 34.74950792800007], [126.35996329000011, 34.74545118200007], [126.35880159900012, 34.75308724400003], [126.36054413500005, 34.75308724400003], [126.36519089600006, 34.75952962200006], [126.37099934800005, 34.75952962200006], [126.37303230600003, 34.76143837800004], [126.37012808000009, 34.76406284600006], [126.37535568700002, 34.770742933000065], [126.36461005100011, 34.77575264400008]]], [[[126.3202116980001, 34.76273571100006], [126.31839655700003, 34.76758188800005], [126.32248062400004, 34.77466425000006], [126.32520333600007, 34.77540972700007], [126.32611090700004, 34.77764611600003], [126.32565712100006, 34.78062787300007], [126.31885034200002, 34.78659106500004], [126.3161276300001, 34.78137329600003], [126.30795949500009, 34.779882444000066], [126.30569056900003, 34.76832742800008], [126.31885034200002, 34.75938049800004], [126.3202116980001, 34.76273571100006]]], [[[126.3320101160001, 34.80000667100006], [126.33064876000003, 34.81267496100003], [126.32656469200003, 34.81453778100007], [126.3156738450001, 34.80820402300003], [126.31794277200004, 34.79963404500006], [126.3156738450001, 34.79739825200005], [126.31522006000012, 34.79367179600007], [126.32157305400005, 34.79665297400004], [126.33064876000003, 34.79665297400004], [126.3320101160001, 34.80000667100006]]], [[[126.41399399200009, 34.84371645600004], [126.39659888900007, 34.83937135100007], [126.38374163900005, 34.828197171000056], [126.36710284500009, 34.807086250000054], [126.35575821200007, 34.797149827000055], [126.36785915400003, 34.78721220600005], [126.37617855100007, 34.781621769000026], [126.39130472700003, 34.781621769000026], [126.4124813740001, 34.79093895400007], [126.42609493300006, 34.79404444900007], [126.44197741800008, 34.80273921200006], [126.45029681500012, 34.803360232000045], [126.46844822700007, 34.79901299800008], [126.47071715300001, 34.80894919600007], [126.46844822700007, 34.81453778100007], [126.45029681500012, 34.821367759000054], [126.44500265300007, 34.82633466000004], [126.44349003600007, 34.83316366100007], [126.41399399200009, 34.84371645600004]]]]}}, {"type": "Feature", "properties": {"shapeName": "Seogwipo-si", "shapeISO": "", "shapeID": "91817680B85110926045998", "shapeGroup": "KOR", "shapeType": "ADM2"}, "geometry": {"type": "Polygon", "coordinates": [[[126.17373989000009, 33.291105791000064], [126.17557721600008, 33.270272969000075], [126.18125659100008, 33.26077549200005], [126.21688176200007, 33.24307289200004], [126.22824051200007, 33.24048196600006], [126.23443619400007, 33.234868032000065], [126.23959926200007, 33.223639081000044], [126.25612108000007, 33.211544752000066], [126.26696352300007, 33.193832185000076], [126.28245272800007, 33.200312808000035], [126.28864841000006, 33.195128348000026], [126.29484409200006, 33.19901672200007], [126.29226255800006, 33.215000445000044], [126.29742562600006, 33.22147950200008], [126.31446375100006, 33.23443617600003], [126.32530619400006, 33.239186475000054], [126.33201818300006, 33.238754640000025], [126.33976278500006, 33.235299886000064], [126.3601878830001, 33.23616358700008], [126.36745748300007, 33.23229413800004], [126.38331842900004, 33.23395249400005], [126.39686632000007, 33.24169107400007], [126.4061185380001, 33.24445468700003], [126.4143794470001, 33.24334925200003], [126.43057082900009, 33.23533443400004], [126.43717955600005, 33.23809824700004], [126.45337093800003, 33.24086197300005], [126.4599796650001, 33.23671635100004], [126.47055362900005, 33.22566039800006], [126.48377108400007, 33.22731888000004], [126.4930233020001, 33.23257053300006], [126.50326682900004, 33.23146494800005], [126.51284948400007, 33.232846927000026], [126.52011908400004, 33.24086197300005], [126.53201479300003, 33.23948012100004], [126.53763221100007, 33.241414708000036], [126.54754530200012, 33.23920374800008], [126.57034541100006, 33.24334925200003], [126.58124981100002, 33.24390197100007], [126.58951072100001, 33.242243804000054], [126.59380639300002, 33.23699273200003], [126.60008468400008, 33.237269112000035], [126.61792824800011, 33.24362561200007], [126.62123261200009, 33.24832359800007], [126.63246744800006, 33.25412664300006], [126.64072835700006, 33.264902704000065], [126.65361537600006, 33.26987582300006], [126.68930250300002, 33.26738929900006], [126.71210261200008, 33.27540117800004], [126.73985926700004, 33.27954496500007], [126.74712886700001, 33.28258361700006], [126.76893766700005, 33.303022707000025], [126.77719857600005, 33.305232052000065], [126.79405083100005, 33.30026094800007], [126.80198130400004, 33.30053712800003], [126.81024221300004, 33.30191801400008], [126.81519875800007, 33.30550821600008], [126.821477049, 33.30716518300005], [126.82973795800001, 33.307717498000045], [126.83469450400003, 33.31103131500004], [126.84460759500007, 33.31903918800003], [126.8452684670001, 33.32566583600004], [126.83998148600006, 33.32594193500006], [126.83601624900007, 33.32787460700007], [126.8578250490001, 33.342506299000036], [126.86773814000003, 33.353271447000054], [126.86839901300004, 33.36155142300004], [126.87765123100007, 33.37810901300003], [126.88260777700009, 33.38335159300004], [126.9037557040001, 33.39107692400006], [126.90540788600003, 33.39521521200004], [126.90342526800009, 33.40238777700006], [126.9077209410001, 33.40818057100006], [126.90970355900004, 33.415903695000054], [126.91695994100007, 33.428954213000054], [126.91695994100007, 33.43495480800004], [126.92330432000006, 33.434072393000065], [126.92563059200006, 33.429483694000055], [126.92351579900003, 33.42771874500005], [126.93028313600007, 33.423482722000074], [126.9355808570001, 33.43071017500006], [126.9237058000001, 33.43674235800006], [126.92060795900011, 33.45699019400007], [126.92318949300011, 33.46948118200004], [126.90202091300011, 33.47551066900007], [126.86897727700011, 33.46905048800005], [126.86020006100011, 33.46345127400008], [126.839031481, 33.455697920000034], [126.830254265, 33.44837467200006], [126.81992812900012, 33.44535903600007], [126.80082477600001, 33.44449740700003], [126.79153125400012, 33.43889660800005], [126.77913989000001, 33.42553939800007], [126.76519960600001, 33.41778265500005], [126.74919409400002, 33.415627881000034], [126.74299841200002, 33.41821360300003], [126.70479170800002, 33.41907549300004], [126.69446557100002, 33.40140503300006], [126.68310682100002, 33.39666356600003], [126.66348716200002, 33.39838776600004], [126.64541642300003, 33.395370394000054], [126.59275312700004, 33.37079646600006], [126.54783443400004, 33.368640527000025], [126.53441045700004, 33.359585], [126.51479079700005, 33.35613502800004], [126.46161119500005, 33.35786003100003], [126.44560568300005, 33.35311618900005], [126.44199153600005, 33.342765092000036], [126.43786108100005, 33.33802042800005], [126.42133926300005, 33.33715773400007], [126.39965437600006, 33.343627731000026], [126.38623039900006, 33.344490361000055], [126.34647477400006, 33.34190244500007], [126.33976278500006, 33.33284413600006], [126.32633880800006, 33.32335346900004], [126.29536039900006, 33.306958063000025], [126.27728966000006, 33.30134840100004], [126.26025153500007, 33.29228587700004], [126.25095801200007, 33.28408563800008], [126.24218079600007, 33.27286301100003], [126.22204483000007, 33.290127994000045], [126.21739806900007, 33.29228587700004], [126.20035994400007, 33.29228587700004], [126.18848488700007, 33.29401214400008], [126.17373989000009, 33.291105791000064]]]}}, {"type": "Feature", "properties": {"shapeName": "Jeju-si", "shapeISO": "", "shapeID": "91817680B29624883381183", "shapeGroup": "KOR", "shapeType": "ADM2"}, "geometry": {"type": "MultiPolygon", "coordinates": [[[[126.9579446250001, 33.51385574500006], [126.95889205200001, 33.51780525300006], [126.96092225300004, 33.518030933000034], [126.96024551900007, 33.52017487100005], [126.9541549160001, 33.52412409000004], [126.94901174000006, 33.522544424000046], [126.94860570000003, 33.51509703800008], [126.94332717700001, 33.51069600900007], [126.9434625240001, 33.50776186500008], [126.94116162900002, 33.50663332100004], [126.94386856400001, 33.50065179600006], [126.94413925800006, 33.49478272700003], [126.95659115700005, 33.49162229500007], [126.96051621300012, 33.49320252600006], [126.96200502700003, 33.49117079500007], [126.96606542900008, 33.49026778900003], [126.96714820300008, 33.497604445000036], [126.97012583100002, 33.49783017800007], [126.97066721800002, 33.50144183200007], [126.96836632300005, 33.50313474300003], [126.96768959000008, 33.50821327800003], [126.96417057400004, 33.51396859000005], [126.9579446250001, 33.51385574500006]]], [[[126.90202091300011, 33.47551066900007], [126.90276439500008, 33.478490804000046], [126.90045134000002, 33.488412363000066], [126.90871225, 33.48923910800005], [126.9080513770001, 33.496403903000044], [126.91234705000011, 33.50384364000007], [126.91102530400008, 33.509078627000065], [126.90838181300012, 33.51073171500008], [126.90243395900006, 33.51073171500008], [126.8997904680001, 33.512660278000055], [126.89879915900008, 33.52120053900006], [126.89417305000006, 33.52505715500007], [126.88558170400006, 33.52836268900006], [126.87533817700012, 33.52918905200005], [126.85947723100003, 33.52643447600008], [126.84394672200006, 33.53414706900003], [126.83568581300005, 33.54130814600006], [126.82808577600008, 33.54461305800004], [126.82544228600011, 33.555903889000035], [126.82312923100005, 33.55920824300006], [126.79768563100004, 33.556454624000025], [126.7877725400001, 33.56168642600005], [126.7669550490001, 33.56416453800006], [126.75803326700009, 33.556729989000075], [126.74151144900009, 33.555628521000074], [126.73093748500003, 33.55948360000008], [126.72465919400008, 33.55893288500005], [126.71177217600007, 33.553700916000025], [126.69491992100006, 33.552874787000064], [126.68996337600004, 33.550396351000074], [126.68302421200008, 33.54984557800003], [126.67806766700005, 33.55232402900003], [126.67311112100003, 33.54461305800004], [126.66584152100006, 33.544062248000046], [126.6466762120001, 33.55452703800006], [126.63643268400006, 33.54764245000007], [126.63312832100007, 33.54240979700006], [126.63378919400009, 33.539104801000065], [126.62916308400008, 33.536901399000044], [126.61693693900008, 33.539380222000034], [126.60702384800004, 33.535799678000046], [126.5967803210001, 33.53717682800004], [126.58884984800011, 33.52836268900006], [126.58158024800002, 33.524781688000076], [126.5677019200001, 33.527260858000034], [126.56175406600005, 33.52505715500007], [126.55316272000005, 33.524506220000035], [126.54358006600012, 33.527536317000056], [126.5263973750001, 33.51844570800006], [126.51879733800001, 33.51899668100003], [126.50591032000011, 33.51706826000003], [126.4973189750001, 33.519823135000024], [126.48608413800002, 33.51513979500004], [126.48244933800004, 33.51210926400006], [126.46625795600005, 33.50962966000003], [126.46262315600006, 33.504945769000074], [126.456675302, 33.50439470600003], [126.448414393, 33.497506127000065], [126.44147522900005, 33.497506127000065], [126.41636206500004, 33.49144372400008], [126.40942290100008, 33.486207670000056], [126.40380548300004, 33.48400292100007], [126.39719675600008, 33.48372732400003], [126.39224021000007, 33.48758561000005], [126.38430973800007, 33.48813677900006], [126.36382268300008, 33.47793957300007], [126.35589221000009, 33.477388338000026], [126.35027479200005, 33.47325396700006], [126.33474428300008, 33.46691421500003], [126.31029199200009, 33.465535947000035], [126.3063267550001, 33.45202775800004], [126.30137021000007, 33.44789217700003], [126.29244842800006, 33.44513501400007], [126.2815440280001, 33.444032124000046], [126.27229181000007, 33.43796597900007], [126.26634395500002, 33.436311502000024], [126.26237871900003, 33.43217517200003], [126.2607265370001, 33.415627881000034], [126.2442047190001, 33.39466345200003], [126.23296988200002, 33.388593857000046], [126.22933508200003, 33.38997334700008], [126.22338722800009, 33.388593857000046], [126.21644806400002, 33.37921274100006], [126.18634503700002, 33.35746079000006], [126.17626091900001, 33.337454286000025], [126.17247937500008, 33.32376297800005], [126.17373989000009, 33.291105791000064], [126.18848488700007, 33.29401214400008], [126.20035994400007, 33.29228587700004], [126.21739806900007, 33.29228587700004], [126.22204483000007, 33.290127994000045], [126.24218079600007, 33.27286301100003], [126.25095801200007, 33.28408563800008], [126.26025153500007, 33.29228587700004], [126.27728966000006, 33.30134840100004], [126.29536039900006, 33.306958063000025], [126.32633880800006, 33.32335346900004], [126.33976278500006, 33.33284413600006], [126.34647477400006, 33.34190244500007], [126.38623039900006, 33.344490361000055], [126.39965437600006, 33.343627731000026], [126.42133926300005, 33.33715773400007], [126.43786108100005, 33.33802042800005], [126.44199153600005, 33.342765092000036], [126.44560568300005, 33.35311618900005], [126.46161119500005, 33.35786003100003], [126.51479079700005, 33.35613502800004], [126.53441045700004, 33.359585], [126.54783443400004, 33.368640527000025], [126.59275312700004, 33.37079646600006], [126.64541642300003, 33.395370394000054], [126.66348716200002, 33.39838776600004], [126.68310682100002, 33.39666356600003], [126.69446557100002, 33.40140503300006], [126.70479170800002, 33.41907549300004], [126.74299841200002, 33.41821360300003], [126.74919409400002, 33.415627881000034], [126.76519960600001, 33.41778265500005], [126.77913989000001, 33.42553939800007], [126.79153125400012, 33.43889660800005], [126.80082477600001, 33.44449740700003], [126.81992812900012, 33.44535903600007], [126.830254265, 33.44837467200006], [126.839031481, 33.455697920000034], [126.86020006100011, 33.46345127400008], [126.86897727700011, 33.46905048800005], [126.90202091300011, 33.47551066900007]]]]}}, {"type": "Feature", "properties": {"shapeName": "Suseong-gu", "shapeISO": "", "shapeID": "91817680B49679347075852", "shapeGroup": "KOR", "shapeType": "ADM2"}, "geometry": {"type": "Polygon", "coordinates": [[[128.73593970700006, 35.848621809000065], [128.70839860400008, 35.85076582900007], [128.6953995460001, 35.853639319000024], [128.68121875600002, 35.854597127000034], [128.6694014310001, 35.86034372700004], [128.66112930300005, 35.86800521200007], [128.6504937100001, 35.874708404000046], [128.64103985000008, 35.871835676000046], [128.63276772200004, 35.86225916700005], [128.62213213000007, 35.86225916700005], [128.61537888400005, 35.84903910700007], [128.60616385900005, 35.83099634900003], [128.6038508040001, 35.816260460000024], [128.59724207700003, 35.80795357200003], [128.60682473200006, 35.80285898600005], [128.61622346700005, 35.80285898600005], [128.6339494550001, 35.799025190000066], [128.6469485130001, 35.794232684000065], [128.68584141500003, 35.78546446900003], [128.68594568600008, 35.78656407300008], [128.70839860400008, 35.79614972100006], [128.716670732, 35.80190055400004], [128.715489, 35.811484352000036], [128.70839860400008, 35.81531754700006], [128.71194380200006, 35.82585787900007], [128.72257939500003, 35.829690381000034], [128.73439672000006, 35.84789223400003], [128.73593970700006, 35.848621809000065]]]}}, {"type": "Feature", "properties": {"shapeName": "Buk-gu [North Distrikt]", "shapeISO": "", "shapeID": "91817680B84202113891253", "shapeGroup": "KOR", "shapeType": "ADM2"}, "geometry": {"type": "Polygon", "coordinates": [[[128.50130967600012, 35.897900306000054], [128.52215944800002, 35.874853952000024], [128.522189797, 35.874550654000075], [128.54490921800004, 35.884658725000065], [128.55368643300005, 35.88591364800004], [128.57124086500005, 35.87294514900003], [128.5750424595091, 35.87203910713659], [128.58001808100005, 35.87085325700008], [128.58776268400004, 35.87085325700008], [128.61386000200002, 35.87087807800003], [128.6150417340001, 35.88045354500008], [128.630404257, 35.89098522300003], [128.63513118700007, 35.914915644000075], [128.62095039700012, 35.938838829000076], [128.6244955950001, 35.950319387000036], [128.62213213000007, 35.961798276000025], [128.60738277000007, 35.99246363200007], [128.60086094400003, 35.98953203800005], [128.59022535100007, 35.97327549700003], [128.56777243300007, 35.97231912600006], [128.5512281780001, 35.960841766000044], [128.5417743170001, 35.961798276000025], [128.540592585, 35.96753709500007], [128.52995699200005, 35.97614454200004], [128.5193213990001, 35.960841766000044], [128.521684864, 35.950319387000036], [128.52759352700002, 35.941709125000045], [128.52995699200005, 35.92927042400004], [128.52641179500006, 35.92161486600003], [128.5122310040001, 35.913958566000076], [128.5063223420001, 35.90534434400007], [128.50130967600012, 35.897900306000054]]]}}, {"type": "Feature", "properties": {"shapeName": "Seo-gu [West District]", "shapeISO": "", "shapeID": "91817680B37138617445780", "shapeGroup": "KOR", "shapeType": "ADM2"}, "geometry": {"type": "Polygon", "coordinates": [[[128.522189797, 35.874550654000075], [128.52361156100005, 35.860340662000056], [128.54387660400005, 35.85160525600003], [128.55988211500005, 35.852442223000025], [128.5664908430001, 35.85645954000006], [128.56814302500004, 35.85746383800006], [128.57020825200004, 35.858719192000024], [128.5750424595091, 35.87203910713659], [128.57124086500005, 35.87294514900003], [128.55368643300005, 35.88591364800004], [128.54490921800004, 35.884658725000065], [128.522189797, 35.874550654000075]]]}}, {"type": "Feature", "properties": {"shapeName": "Jung-gu [Central District]", "shapeISO": "", "shapeID": "91817680B11201690622195", "shapeGroup": "KOR", "shapeType": "ADM2"}, "geometry": {"type": "Polygon", "coordinates": [[[128.61435236091899, 35.87036507847892], [128.58776268400004, 35.87085325700008], [128.58001808100005, 35.87085325700008], [128.5750424595091, 35.87203910713659], [128.57020825200004, 35.858719192000024], [128.56814302500004, 35.85746383800006], [128.58053438800005, 35.84909430300007], [128.59757251300005, 35.847838797000065], [128.61537888400005, 35.84903910700007], [128.62213213000007, 35.86225916700005], [128.61435236091899, 35.87036507847892]]]}}, {"type": "Feature", "properties": {"shapeName": "Nam-gu [South District]", "shapeISO": "", "shapeID": "91817680B72214553011774", "shapeGroup": "KOR", "shapeType": "ADM2"}, "geometry": {"type": "Polygon", "coordinates": [[[128.60682473200006, 35.80285898600005], [128.59724207700003, 35.80795357200003], [128.6038508040001, 35.816260460000024], [128.60616385900005, 35.83099634900003], [128.61537888400005, 35.84903910700007], [128.59757251300005, 35.847838797000065], [128.58053438800005, 35.84909430300007], [128.56814302500004, 35.85746383800006], [128.5664908430001, 35.85645954000006], [128.57227347900005, 35.83988679400005], [128.56607779700005, 35.83528263900007], [128.56194734300004, 35.834445491000054], [128.55936580900004, 35.830678216000024], [128.55988211500005, 35.82398039700007], [128.56194734300004, 35.82021262600006], [128.5914391010001, 35.797976117000076], [128.5925888160001, 35.799025190000066], [128.6020426770001, 35.80285898600005], [128.60682473200006, 35.80285898600005]]]}}, {"type": "Feature", "properties": {"shapeName": "Dalseo-gu", "shapeISO": "", "shapeID": "91817680B1574399427608", "shapeGroup": "KOR", "shapeType": "ADM2"}, "geometry": {"type": "Polygon", "coordinates": [[[128.5914391010001, 35.797976117000076], [128.56194734300004, 35.82021262600006], [128.55988211500005, 35.82398039700007], [128.55936580900004, 35.830678216000024], [128.56194734300004, 35.834445491000054], [128.56607779700005, 35.83528263900007], [128.57227347900005, 35.83988679400005], [128.5664908430001, 35.85645954000006], [128.55988211500005, 35.852442223000025], [128.54387660400005, 35.85160525600003], [128.52361156100005, 35.860340662000056], [128.5032819800001, 35.860340662000056], [128.48779277500012, 35.864263435000055], [128.4761758720001, 35.859948374000055], [128.4689153070001, 35.852494533000026], [128.46649511900011, 35.83679994700003], [128.4626228180001, 35.83287581500008], [128.461474801, 35.83281376600007], [128.48141922600007, 35.811079921000044], [128.49095981900007, 35.81340097300006], [128.499231946, 35.80956768500005], [128.55004644500002, 35.76834815700005], [128.56422723600008, 35.76643045000003], [128.57486282800005, 35.772183434000056], [128.5831349560001, 35.79039847100006], [128.5914391010001, 35.797976117000076]]]}}, {"type": "Feature", "properties": {"shapeName": "Hwaseong-si", "shapeISO": "", "shapeID": "91817680B58085958229296", "shapeGroup": "KOR", "shapeType": "ADM2"}, "geometry": {"type": "Polygon", "coordinates": [[[127.07159063300003, 37.224622133000025], [127.03861053800006, 37.22647816800003], [127.02561148000007, 37.21895015200005], [127.01379415500003, 37.215185862000055], [127.0019768300001, 37.22083222600003], [126.975978714, 37.223655250000036], [126.96770658600008, 37.22836005400006], [126.96179792400005, 37.23588713100003], [126.94289020300005, 37.248117028000024], [126.931072878, 37.25940440200003], [126.93461807500012, 37.27915323700006], [126.90098830000011, 37.27805807100003], [126.88859693600011, 37.27107366800004], [126.88343386800011, 37.26573221700005], [126.85865114, 37.257102918000044], [126.844710856, 37.25874667000005], [126.832835799, 37.26655400300007], [126.82044443500001, 37.27189539600005], [126.81424875400012, 37.26778666600006], [126.80392261700001, 37.25874667000005], [126.80030846900002, 37.24847263100003], [126.78998233300001, 37.23449768900008], [126.78327034400002, 37.22874254800007], [126.76933006000002, 37.23326448200004], [126.76778114000001, 37.24395161000007], [126.76106915100002, 37.25052755100006], [126.75642239000001, 37.24477363400007], [126.74971040100002, 37.242307535000066], [126.73835165100002, 37.243540594000024], [126.69962863900003, 37.25504817800004], [126.69033511700002, 37.253404345000035], [126.68930250300002, 37.24559564900005], [126.68362312800002, 37.23901927700007], [126.67484591200002, 37.23573087600005], [126.67123176400003, 37.22750924700006], [126.67639483200003, 37.21846441800005], [126.69549818500002, 37.20900730200003], [126.69756341200002, 37.202838978000045], [126.69446557100002, 37.19831522100003], [126.68207420700003, 37.19379119200005], [126.67536221900002, 37.189266892000035], [126.66916653700002, 37.18227426000004], [126.66503608200003, 37.17404680400006], [126.66916653700002, 37.158823649000055], [126.67639483200003, 37.15841217000008], [126.68568835500002, 37.16005807300007], [126.69188403700002, 37.15841217000008], [126.69136773000002, 37.15141668100006], [126.68310682100002, 37.14647829900008], [126.68000898000003, 37.14277430100003], [126.67846006000002, 37.137012166000034], [126.68517204800003, 37.12507491900004], [126.68465574200002, 37.11766464600004], [126.69446557100002, 37.11642953000006], [126.70272648000002, 37.11931143600003], [126.74403102600002, 37.147712925000064], [126.75435716200002, 37.152651226000046], [126.77913989000001, 37.15553175300005], [126.78740079900001, 37.16005807300007], [126.80030846900002, 37.17075557100003], [126.80289000400012, 37.16005807300007], [126.80030846900002, 37.15347424500004], [126.80134108300001, 37.14359742800008], [126.80908568500001, 37.137423762000026], [126.810634606, 37.13207284400005], [126.80702045800001, 37.124251591000075], [126.79875954900001, 37.11889974200005], [126.77449312800002, 37.11848804500005], [126.76778114000001, 37.11642953000006], [126.76726483300001, 37.102841924000074], [126.773976822, 37.09213482000007], [126.77604204900001, 37.085133204000044], [126.77346051500001, 37.06989215600004], [126.77087898100001, 37.064948455000035], [126.75900392400001, 37.05835635300008], [126.74816148100001, 37.04558252500004], [126.74712886700001, 37.04146147700004], [126.74919409400002, 37.03321871000003], [126.75229193500002, 37.02909699000003], [126.78688449200001, 37.030333530000064], [126.79527447800001, 37.025979792000044], [126.8080126960001, 36.99668255500006], [126.81999002000009, 36.99747971200003], [126.8483516010001, 37.00408605900003], [126.86253239100006, 37.016353466000055], [126.88262184400003, 37.03805248900005], [126.90034783200008, 37.06446032300005], [126.91452862200003, 37.06634624600008], [126.92752768000003, 37.05785922600006], [126.94289020300005, 37.05220068600005], [126.953525796, 37.05314380500005], [126.96652485400011, 37.06163135200006], [126.9795239120001, 37.06634624600008], [126.99606816700009, 37.06634624600008], [127.0019768300001, 37.07106084600008], [127.0019768300001, 37.10216985900007], [127.00788549200001, 37.11536376400005], [127.0149758880001, 37.122902106000026], [127.03946138600008, 37.12610567400003], [127.04173031200003, 37.145399593000036], [127.03870507700003, 37.151427933000036], [127.02736044400001, 37.154441923000036], [127.01450319500009, 37.15564748600008], [127.00467118000006, 37.15986680300006], [126.99710809200008, 37.16770205200004], [127.01828473900002, 37.185780298000054], [127.03719245900004, 37.19240790300006], [127.06517588500003, 37.18758788400004], [127.07047004700007, 37.179152110000075], [127.07047004700007, 37.16890740300005], [127.07576420900011, 37.159264058000076], [127.08710884100003, 37.156250260000036], [127.10147870900005, 37.14600244900004], [127.09996609100006, 37.13635618100005], [127.09386717400002, 37.13505962000005], [127.11187795500007, 37.13043969800003], [127.12605874500002, 37.13138184400003], [127.129603943, 37.13891859100005], [127.13078567600007, 37.152106092000054], [127.13551260600002, 37.15775717400004], [127.14969339600009, 37.16623300500004], [127.16032898900005, 37.176591064000036], [127.1556020590001, 37.18506478300003], [127.15323859400007, 37.20012682500004], [127.14732993100006, 37.208597903000054], [127.13078567600007, 37.209539075000066], [127.11896835000005, 37.21330364700003], [127.10006063000003, 37.209539075000066], [127.08233464200009, 37.21048023600008], [127.07051731600006, 37.221773246000055], [127.07159063300003, 37.224622133000025]]]}}, {"type": "Feature", "properties": {"shapeName": "Dangjin-si", "shapeISO": "", "shapeID": "91817680B720891985776", "shapeGroup": "KOR", "shapeType": "ADM2"}, "geometry": {"type": "MultiPolygon", "coordinates": [[[[126.45006657400006, 37.03710940700006], [126.45271006500002, 37.038428243000055], [126.45370137400005, 37.04132960000004], [126.44081435600003, 37.038164478000056], [126.44312741100009, 37.035262999000054], [126.448414393, 37.03579054900007], [126.45370137400005, 37.03315276400008], [126.45006657400006, 37.03710940700006]]], [[[126.84598813600007, 36.847266742000045], [126.85059977500009, 36.85021900800007], [126.83062561300005, 36.85955941100008], [126.82708041500007, 36.874686137000026], [126.81999002000009, 36.88508402400004], [126.80935442700002, 36.89264523400004], [126.81171789200005, 36.903985644000045], [126.81053616000008, 36.915324370000064], [126.79517363700006, 36.92571672100007], [126.79399190400011, 36.93988582600008], [126.78808324200008, 36.95405229700003], [126.75499473100001, 36.977657227000066], [126.72781488300006, 36.97860127200005], [126.71245236000004, 36.98898499400008], [126.66281959300011, 36.98992889800007], [126.61200509500009, 36.99747971200003], [126.60609643200007, 37.00314233000006], [126.58009831600009, 37.01824058400007], [126.5670992580001, 37.02201467800006], [126.54937327000005, 37.02295817300006], [126.53873767800007, 37.02861889300004], [126.53046555000003, 37.045598522000034], [126.51982995700007, 37.056916166000065], [126.50683089900008, 37.05314380500005], [126.49619530600012, 37.039939068000024], [126.48083278400009, 37.03427919100005], [126.46310679600003, 37.03144909500003], [126.45956159800005, 37.02201467800006], [126.47137892300009, 37.00880452700005], [126.48437798100008, 37.00125483800008], [126.48910491100003, 36.99559207900006], [126.49383184100009, 36.984265296000046], [126.49737703900007, 36.968216134000045], [126.49737703900007, 36.94838602500005], [126.49737703900007, 36.94555273100008], [126.49737703900007, 36.926661410000065], [126.48674144600011, 36.91626918800006], [126.48201451600005, 36.904930603000025], [126.48201451600005, 36.88508402400004], [126.48555971400003, 36.87374080400008], [126.51273956200009, 36.86050491900005], [126.5221934220001, 36.82835108200004], [126.53519248000009, 36.81889149800003], [126.55528193300006, 36.816999441000064], [126.57537138600003, 36.81889149800003], [126.58482524600004, 36.82835108200004], [126.5990060370001, 36.826459259000046], [126.60609643200007, 36.81416126800008], [126.61436856000012, 36.80943074500004], [126.62382242000001, 36.808484606000036], [126.63800321000008, 36.80280752200008], [126.64745707000009, 36.797130018000075], [126.65100226800007, 36.788612973000056], [126.6612316400001, 36.760600597000064], [126.66510920000007, 36.76577788900005], [126.7081981230001, 36.79190634300005], [126.72256799000002, 36.796145875000036], [126.73391262200005, 36.78827227100004], [126.74223201900008, 36.77736902300006], [126.746013564, 36.76646422400006], [126.77021544600007, 36.747680100000025], [126.78080376900004, 36.746468064000055], [126.78987947500002, 36.750104117000035], [126.80424934300004, 36.76404072400004], [126.81483766600002, 36.76888764700004], [126.83005560275365, 36.77496871031725], [126.8294438800001, 36.777255439000044], [126.844806403, 36.783880872000054], [126.86371412400001, 36.786720167000055], [126.86489585600009, 36.79429110800004], [126.86253239100006, 36.80469993000003], [126.84126120500002, 36.82362143600005], [126.84244293800009, 36.83686370800007], [126.84598813600007, 36.847266742000045]]], [[[126.42759690200012, 37.05952649300008], [126.42759690200012, 37.06374543900006], [126.4186751200001, 37.06374543900006], [126.4183446830001, 37.05899910800008], [126.42164904700007, 37.056625831000076], [126.42131861100006, 37.05240648900008], [126.42363166500002, 37.048450643000024], [126.42197948300009, 37.041857108000045], [126.42792733800002, 37.04132960000004], [126.44511002900003, 37.045022076000066], [126.45006657400006, 37.044494590000056], [126.44907526500003, 37.048450643000024], [126.44544046500005, 37.050033006000035], [126.44544046500005, 37.05187905500003], [126.45072744700008, 37.05425248000006], [126.4434578470001, 37.06137231100007], [126.43982304700012, 37.06348176200004], [126.43982304700012, 37.06058125100003], [126.43750999300005, 37.05899910800008], [126.43222301100002, 37.058208024000066], [126.42759690200012, 37.05952649300008]]]]}}, {"type": "Feature", "properties": {"shapeName": "Jung-gu [Central District]", "shapeISO": "", "shapeID": "91817680B6497324316239", "shapeGroup": "KOR", "shapeType": "ADM2"}, "geometry": {"type": "MultiPolygon", "coordinates": [[[[126.42759690200012, 37.39551241100003], [126.41470988300011, 37.40522499200006], [126.41470988300011, 37.40942463700003], [126.40810115600004, 37.41204929600008], [126.40478251700006, 37.41085078300006], [126.40397043700011, 37.405690324000034], [126.40045142200006, 37.40203478400008], [126.401263502, 37.39891668300004], [126.39557893900007, 37.392357494000066], [126.39720310000007, 37.39138969600003], [126.40383509000003, 37.39224996100006], [126.40677941100012, 37.38947422600006], [126.40975333800009, 37.37792156100005], [126.40876202900006, 37.37477052500003], [126.41239682900004, 37.36951850500003], [126.4186751200001, 37.36610449400007], [126.42495341100005, 37.36951850500003], [126.43321432000005, 37.36951850500003], [126.43552737400012, 37.37109415000003], [126.43288388300004, 37.37214456100003], [126.43486650200009, 37.375558297000055], [126.43982304700012, 37.37739639800003], [126.4351969380001, 37.38002217800005], [126.43684912000003, 37.38212273600004], [126.44048392000002, 37.381335034000074], [126.44213610200006, 37.38448579400006], [126.42957952000006, 37.39209958400005], [126.42759690200012, 37.39551241100003]]], [[[126.62321523000003, 37.471929498000065], [126.613910142, 37.48317398800003], [126.61264126600008, 37.48267054000007], [126.61581345500008, 37.477468040000076], [126.6141216210001, 37.477468040000076], [126.61137239100003, 37.48183145100006], [126.60502801200005, 37.48032106900007], [126.60428360500009, 37.48144882400004], [126.6095621280001, 37.48263026400008], [126.60766727400005, 37.48671145700007], [126.60644915300009, 37.48638926600006], [126.60739658000011, 37.48413388700004], [126.60333617800006, 37.48402648600006], [126.6032008310001, 37.48230805500003], [126.60076459000004, 37.48144882400004], [126.59440329400002, 37.47027792600005], [126.59859904200005, 37.468988868000054], [126.60020912700008, 37.46636977900005], [126.60370172300009, 37.46579775400005], [126.60785957400003, 37.46711780500004], [126.61002165700006, 37.469009837000044], [126.60697256600008, 37.47565357000008], [126.61240549200011, 37.477149429000065], [126.61551002100009, 37.470241832000056], [126.61429038500012, 37.46658978800008], [126.62099838600011, 37.46399364700005], [126.61966787300003, 37.46126540300003], [126.62537799000006, 37.45919715100007], [126.62460185700002, 37.457744940000055], [126.6122946160001, 37.46227750500003], [126.60325821800006, 37.46020928200005], [126.60486592100006, 37.46487370500006], [126.60015368900008, 37.46566574800005], [126.59599583700003, 37.464301669000065], [126.59394463100011, 37.46531373000005], [126.59549689500011, 37.463949644000024], [126.59505339100008, 37.45686479900007], [126.6021494580001, 37.460297292000064], [126.60309190400005, 37.45664476200005], [126.59837967200008, 37.45426832100003], [126.5935565640001, 37.45484043400006], [126.5970491600001, 37.44933916600007], [126.59327937400008, 37.44925114200004], [126.59411094500001, 37.438431706000074], [126.60086745400008, 37.43829414900006], [126.6110888390001, 37.454249067000035], [126.61368749600001, 37.453080072000034], [126.61091559500005, 37.44806006300007], [126.61853832300005, 37.44469027900004], [126.61680588500008, 37.44152667000003], [126.610049376, 37.44427764200003], [126.60805707200007, 37.44097646300003], [126.61541993500009, 37.43788147600003], [126.61074235100011, 37.429902697000045], [126.61179534900009, 37.430125446000034], [126.63313546384089, 37.430125446000034], [126.63315475600007, 37.430125446000034], [126.63314065153155, 37.43018579654965], [126.62934812900005, 37.446413336000035], [126.63188588000003, 37.44725282200005], [126.63209735900011, 37.45279319300005], [126.63717286200006, 37.45480777100005], [126.64013357200008, 37.464208420000034], [126.63146292200008, 37.47092244600003], [126.62575298100012, 37.47041891500004], [126.62321523000003, 37.471929498000065]]], [[[126.5267806810001, 37.52494838300004], [126.52064778200008, 37.53081841200003], [126.51684115500007, 37.53148924300007], [126.51599523800007, 37.533669402000044], [126.49992281300001, 37.53081841200003], [126.49611618600011, 37.525451547000046], [126.49315547600008, 37.50683223900006], [126.47369938300005, 37.49861142700007], [126.45170553900005, 37.49995366200005], [126.42098817400006, 37.49546546900007], [126.38992715600011, 37.479471465000074], [126.39686632000007, 37.47055528800007], [126.39190977400006, 37.468457210000054], [126.3767097010001, 37.46819494600004], [126.37109228300005, 37.47344005000008], [126.36349224700007, 37.47527575000004], [126.35886613800005, 37.473964540000054], [126.356883519, 37.46373631800003], [126.35952701000008, 37.46006430700004], [126.3684487920001, 37.45665442100005], [126.37297603500008, 37.444814929000074], [126.36823889900006, 37.444492557000046], [126.36458453700004, 37.442450836000035], [126.3750062360001, 37.44116129900004], [126.38082614500001, 37.43557304800004], [126.3804201050001, 37.439549346000035], [126.38989437700002, 37.43944188200004], [126.39178923100008, 37.442450836000035], [126.39530824600001, 37.44417018400003], [126.40248162300009, 37.43879709000004], [126.40085746200009, 37.433423610000034], [126.4055945980001, 37.437829892000025], [126.40897826600008, 37.437937359000045], [126.4137154020001, 37.43471328100003], [126.42156551300002, 37.421600597000065], [126.44180566500006, 37.42044758500003], [126.48839719300008, 37.44826019300007], [126.49467548400003, 37.45639211500003], [126.50855381100007, 37.46662134300004], [126.51978864800003, 37.469768516000045], [126.52904086600006, 37.47448902700006], [126.5597714480001, 37.479209240000046], [126.56836279300012, 37.482618097000056], [126.57530195700008, 37.487862189000055], [126.58257155700005, 37.48969753400007], [126.57563239300009, 37.50464081000007], [126.56902366600002, 37.50831063100003], [126.56208450200006, 37.51486343300007], [126.55844970200008, 37.51696020900005], [126.54391050200002, 37.519581095000035], [126.53777760300011, 37.52343887200004], [126.5267806810001, 37.52494838300004]]]]}}, {"type": "Feature", "properties": {"shapeName": "Ongjin-gun", "shapeISO": "", "shapeID": "91817680B43125449030549", "shapeGroup": "KOR", "shapeType": "ADM2"}, "geometry": {"type": "MultiPolygon", "coordinates": [[[[125.99197497500006, 37.037958107000065], [125.988116536, 37.03974705500008], [125.98349042600012, 37.03974705500008], [125.98018606300002, 37.038692007000066], [125.97820344500008, 37.03499922300006], [125.98547304500005, 37.028668319000076], [125.99406439000006, 37.02523885900007], [125.99340351700005, 37.01943480400007], [125.99802962700005, 37.017587966000065], [126.016864499, 37.02550266900005], [126.01884711800005, 37.028668319000076], [126.00496826100004, 37.02337147900005], [125.99414052300006, 37.027261520000025], [125.99116289400001, 37.03039502000007], [125.99522329700005, 37.03514904800005], [125.99197497500006, 37.037958107000065]]], [[[126.01349510600005, 37.06474698200003], [126.02053313600004, 37.06906688300006], [126.01890897500004, 37.07187468700005], [126.02175125700012, 37.078353837000066], [126.0170141210001, 37.078245855000034], [126.01711563100002, 37.07342703300003], [126.01436640000009, 37.072414637000065], [126.01457788000005, 37.068310918000066], [126.01173559800009, 37.063882973000034], [126.01349510600005, 37.06474698200003]]], [[[125.95218303500008, 37.09249805600007], [125.94961144700005, 37.09346970000007], [125.95015283400005, 37.090554732000044], [125.94731055200009, 37.089367121000066], [125.947716592, 37.084940405000054], [125.94528035100006, 37.08234903600004], [125.94094925600007, 37.08137725000006], [125.943385497, 37.07619418100006], [125.9462277780001, 37.07792191000004], [125.94812263300003, 37.07468238600006], [125.94541569800003, 37.071442724000065], [125.94649847200003, 37.06993083400005], [125.95150630100011, 37.06755494600003], [125.95218303500008, 37.06971484700006], [125.94934075300012, 37.07489835900003], [125.95069422100005, 37.07608619700005], [125.95340115500005, 37.075330302000054], [125.95150630100011, 37.07695006800003], [125.9531304620001, 37.07846181800005], [125.95137095400003, 37.081809157000066], [125.95191234100002, 37.08645199500006], [125.9552960100001, 37.08666793400005], [125.95556670300004, 37.08440054400006], [125.9590857180001, 37.084724461000064], [125.95989779900003, 37.082888912000044], [125.96463493400006, 37.08137725000006], [125.96666513500008, 37.08666793400005], [125.961657306, 37.090014911000026], [125.95773225100004, 37.09023084000006], [125.9569201700001, 37.09282193900003], [125.95218303500008, 37.09249805600007]]], [[[126.08559526300007, 37.10618552400007], [126.08196046300009, 37.106976108000026], [126.07568217200003, 37.10486786700005], [126.06874300900006, 37.104604333000054], [126.06147340900009, 37.098015678000024], [126.06081253600007, 37.09643431600006], [126.06874300900006, 37.098279235000064], [126.07336911800007, 37.09538005600007], [126.07204737200004, 37.09116287000006], [126.06676039100012, 37.09406221100005], [126.06477777200007, 37.08799982600004], [126.06742126300003, 37.085100253000064], [126.07072562700012, 37.08430944200006], [126.07469086300011, 37.08536385600007], [126.08989093600007, 37.09564362200007], [126.0908822450001, 37.099069901000064], [126.08592570000008, 37.10328664800005], [126.08559526300007, 37.10618552400007]]], [[[126.29740497400007, 37.173092361000045], [126.29575279200003, 37.17467212200006], [126.29178755500004, 37.17440883100005], [126.29112668300002, 37.17203916900007], [126.29608322800004, 37.16808956700004], [126.29509191900001, 37.16571970700005], [126.29641366400006, 37.16440308500006], [126.30269195500011, 37.16492973700008], [126.30566588300007, 37.16334977200006], [126.30797893700003, 37.15939971600005], [126.3149181010001, 37.159136372000034], [126.31690071900005, 37.161243101000025], [126.31954421000012, 37.16150643800006], [126.32119639200005, 37.15887302600004], [126.32450075600002, 37.16229644400005], [126.31293548300005, 37.17098596200003], [126.30930068300006, 37.172302468000055], [126.3066571920001, 37.171512567000036], [126.30269195500011, 37.17388224600006], [126.30004846400004, 37.17256576700004], [126.29740497400007, 37.173092361000045]]], [[[126.26568308200001, 37.17756826500005], [126.26105697300011, 37.18072756600003], [126.25610042800008, 37.18178063800008], [126.25411781000003, 37.17862138000004], [126.24750908200008, 37.17756826500005], [126.24453515500011, 37.17388224600006], [126.24783951900008, 37.17019604700005], [126.25444824600004, 37.171512567000036], [126.2693178830001, 37.16703630500007], [126.27625704600007, 37.158346333000054], [126.28055271900007, 37.15808298500008], [126.2858397010001, 37.16255977700007], [126.27559617300005, 37.165193061000025], [126.27229181000007, 37.169406124000034], [126.27130050100004, 37.17598856400008], [126.26568308200001, 37.17756826500005]]], [[[126.10509100900003, 37.18125410400006], [126.10509100900003, 37.183623477000026], [126.09451704500009, 37.18862524300005], [126.08989093600007, 37.18467650800005], [126.09187355400002, 37.182570431000045], [126.0869170090001, 37.180464296000025], [126.0865865720001, 37.17546199000003], [126.09484748200009, 37.168879504000074], [126.10806493600012, 37.16598302800003], [126.11103886300009, 37.169669432000035], [126.1074040630001, 37.173092361000045], [126.108395373, 37.17598856400008], [126.11269104500002, 37.17862138000004], [126.11335191800003, 37.182570431000045], [126.11103886300009, 37.179674480000074], [126.10674319100008, 37.179411207000044], [126.10509100900003, 37.18125410400006]]], [[[126.21813937000002, 37.185395509000045], [126.2193574900001, 37.188845944000036], [126.21578719100012, 37.18651927600007], [126.2154567550001, 37.18283369400007], [126.21876111900008, 37.18336021700003], [126.22239591900006, 37.179411207000044], [126.22404810000012, 37.18125410400006], [126.22735246400009, 37.17862138000004], [126.23330031900002, 37.180990836000035], [126.23561337300009, 37.17862138000004], [126.2402394820001, 37.17783154500006], [126.24156122800002, 37.18204390300008], [126.24949170100001, 37.183623477000026], [126.23891773700007, 37.18625602600008], [126.227884334, 37.18658161400003], [126.22382393200007, 37.18226841500007], [126.21813937000002, 37.185395509000045]]], [[[126.18076093700006, 37.21336594600007], [126.17943919100003, 37.21757632200007], [126.17339881400005, 37.22058659700008], [126.17318733500008, 37.22479657000008], [126.16938070800006, 37.228501152000035], [126.16093475500008, 37.21941828800004], [126.16093475500008, 37.217050038000025], [126.16423911800007, 37.21205015600003], [126.17051740900001, 37.210471176000055], [126.17712613700007, 37.212313315000074], [126.18307399100001, 37.194153124000024], [126.18439573700005, 37.19573244500003], [126.18340442800002, 37.19889098700003], [126.19001315500009, 37.207049942000026], [126.19001315500009, 37.20915533500005], [126.1820826820001, 37.20915533500005], [126.18076093700006, 37.21336594600007]]], [[[126.31524853700012, 37.26098211600004], [126.28815275500006, 37.26781953700004], [126.28683101000001, 37.271500968000055], [126.28352664600004, 37.27044914900006], [126.28352664600004, 37.26466388100005], [126.27857010100001, 37.26256003700007], [126.28121359200009, 37.259141165000074], [126.2858397010001, 37.26071912500004], [126.29536039900006, 37.254226266000046], [126.31549636500006, 37.24641765500007], [126.32272466000006, 37.24600665300005], [126.33563233100006, 37.24847263100003], [126.34182801200006, 37.25176047600007], [126.35008892200005, 37.26080131000003], [126.33614863700006, 37.26326680400007], [126.33356710300006, 37.25587008000008], [126.32169204600007, 37.26039038700003], [126.31524853700012, 37.26098211600004]]], [[[126.11052255700008, 37.267375780000066], [126.10690840900008, 37.272717115000034], [126.10226164800008, 37.27189539600005], [126.10277795400009, 37.26860843000003], [126.09606596600008, 37.25833573600005], [126.09141920400009, 37.24641765500007], [126.09348443200008, 37.236552990000064], [126.08522352200009, 37.22298696800004], [126.09141920400009, 37.22298696800004], [126.09709857900009, 37.23079800600004], [126.10174534100008, 37.23162017400006], [126.10484318200008, 37.226687034000065], [126.10071272700009, 37.22216470600006], [126.10639210200009, 37.22175357200007], [126.11000625000008, 37.22339809500005], [126.11413670400009, 37.22257583800007], [126.11671823900008, 37.21476394900003], [126.11103886300009, 37.21353041800006], [126.11878346600008, 37.20982970700004], [126.12343022700009, 37.21311923700006], [126.14253358000008, 37.214352774000076], [126.14614772700008, 37.21805326400005], [126.14253358000008, 37.22134243600004], [126.14511511400008, 37.224631464000026], [126.14872926100008, 37.22504258300006], [126.15285971600008, 37.22216470600006], [126.15699017100007, 37.22750924700006], [126.16318585200008, 37.23079800600004], [126.15544125000008, 37.23860823500007], [126.14304988600009, 37.23901927700007], [126.14201727300008, 37.24312957700005], [126.13530528400008, 37.24765064700006], [126.12394653400008, 37.248883619000026], [126.12084869300008, 37.25134950300003], [126.11826715900008, 37.257513860000074], [126.11310409100008, 37.257102918000044], [126.11052255700008, 37.267375780000066]]], [[[126.47142102500004, 37.28298784700007], [126.46832318400004, 37.28586340100003], [126.45025244500005, 37.28175543400005], [126.44715460400005, 37.27723641000006], [126.44354045600005, 37.275182219000044], [126.43373062700005, 37.272717115000034], [126.43424693300005, 37.265321320000055], [126.42856755800005, 37.26121223100006], [126.43166539900005, 37.23367555300007], [126.43786108100005, 37.23244233200006], [126.44250784300004, 37.23901927700007], [126.44663829700005, 37.241485484000066], [126.45386659300004, 37.241485484000066], [126.45902966100005, 37.23819719100004], [126.45231767200005, 37.23203125400005], [126.45851335400005, 37.224631464000026], [126.46729057000005, 37.23162017400006], [126.47090471800004, 37.23901927700007], [126.48329608100005, 37.24436262300003], [126.48226346800004, 37.24765064700006], [126.47658409300004, 37.25052755100006], [126.47813301300005, 37.25299338100007], [126.48587761600004, 37.25299338100007], [126.48742653600004, 37.257513860000074], [126.49258960400005, 37.25874667000005], [126.49672005900004, 37.25545913000008], [126.50033420600005, 37.25915760300006], [126.49413852500004, 37.26778666600006], [126.49723636600004, 37.27929054500004], [126.49155699100004, 37.28298784700007], [126.47142102500004, 37.28298784700007]]], [[[126.4104670800001, 37.52746416600007], [126.41533110400007, 37.53148924300007], [126.41490814500003, 37.53618489200005], [126.41237039400005, 37.53970643400004], [126.40433418100008, 37.53534640500004], [126.40200790900008, 37.53165695000007], [126.40835228800006, 37.526793299000076], [126.4104670800001, 37.52746416600007]]], [[[126.47200754900007, 37.52981215400007], [126.47243050800012, 37.53735875700005], [126.4677779640001, 37.538029530000074], [126.4654516920001, 37.541383300000064], [126.457204, 37.54456924300007], [126.45700573800002, 37.541068891000066], [126.45304050200002, 37.53713865900005], [126.43288388300004, 37.52613290800008], [126.42957952000006, 37.51905692500003], [126.43420562900008, 37.51827066300007], [126.43817086500007, 37.51486343300007], [126.4477535200001, 37.520891504000076], [126.46262315600006, 37.51512553400005], [126.46361446500009, 37.511718160000044], [126.47031571500008, 37.51270369300005], [126.46714352600009, 37.514716657000065], [126.47010423600011, 37.521929331000024], [126.4662976090001, 37.52578698700006], [126.46714352600009, 37.52863817000008], [126.47073867300003, 37.528135028000065], [126.47200754900007, 37.52981215400007]]], [[[126.43288388300004, 37.54540762600004], [126.42675098400002, 37.548258058000044], [126.42548210900009, 37.547419707000074], [126.42421323300005, 37.53903567700007], [126.42104104400005, 37.53652028400006], [126.4182918140001, 37.52897359600007], [126.41850329300007, 37.52444521600006], [126.41575406200002, 37.52293569500006], [126.42717394300007, 37.52243251500005], [126.4269624640001, 37.52612242600003], [126.43076909100012, 37.53031528500003], [126.43436423800006, 37.542221719000054], [126.44134305400007, 37.54490459700003], [126.43626755200012, 37.54540762600004], [126.43415275900009, 37.544233887000075], [126.43288388300004, 37.54540762600004]]], [[[126.32648337400008, 37.55338227500005], [126.31392679200007, 37.556787746000055], [126.30930068300006, 37.559931119000055], [126.31590941000002, 37.550238626000066], [126.3192137740001, 37.54971467100006], [126.32383988300012, 37.544212927000046], [126.328135556, 37.54264092500006], [126.32978773700006, 37.54028286100004], [126.32681381000009, 37.52403639100004], [126.33474428300008, 37.52718114500004], [126.33507471900009, 37.52953962400005], [126.33870951900008, 37.53189802800006], [126.33903995600008, 37.52849142000008], [126.34234431900006, 37.526657028000045], [126.3522574100001, 37.530063720000044], [126.35754439200002, 37.53032576700008], [126.36283137400005, 37.52875347200006], [126.36811835600008, 37.53032576700008], [126.38199668300001, 37.52718114500004], [126.38430973800007, 37.53871077700006], [126.36817122600007, 37.53434020800006], [126.35400211400008, 37.53534640500004], [126.3439965010001, 37.53897279300003], [126.33870951900008, 37.551286524000034], [126.33044861000008, 37.550238626000066], [126.32648337400008, 37.55338227500005]]], [[[125.71827680700005, 37.61429718200003], [125.71533166200004, 37.615669498000045], [125.71108718800008, 37.61429718200003], [125.70770893400004, 37.611072138000054], [125.70744906800007, 37.60716072800005], [125.70528352000008, 37.60619999900007], [125.7062580170001, 37.60314617200004], [125.70734079100009, 37.60571963000007], [125.71085980600003, 37.60529072700007], [125.71248396700003, 37.60657743000007], [125.71762714200008, 37.60368231700005], [125.71979269000008, 37.60421845700006], [125.72104870800001, 37.61402271500003], [125.71827680700005, 37.61429718200003]]], [[[125.70645257800004, 37.681603282000026], [125.7005311580001, 37.67825582900008], [125.68741944300007, 37.67725156300003], [125.68065210600003, 37.68143591300003], [125.676845479, 37.67976220200006], [125.67811435500005, 37.67641466500004], [125.67642252100006, 37.674908224000035], [125.68022914800008, 37.67390391400005], [125.68593908800005, 37.66553412800005], [125.68276689900006, 37.662520775000075], [125.68382429500002, 37.65264281300006], [125.6927064250001, 37.651470765000056], [125.69291790400007, 37.65381484400007], [125.70306890900008, 37.660679221000066], [125.71575766600006, 37.672397422000074], [125.71533470700001, 37.681268544000034], [125.7092018080001, 37.68009694700004], [125.70645257800004, 37.681603282000026]]], [[[124.77078896500007, 37.778592813000046], [124.77045852900005, 37.779898659000025], [124.7598845650001, 37.777025766000065], [124.75063234700008, 37.77676458900004], [124.7393975110001, 37.77180203900008], [124.7351018380001, 37.77127964600004], [124.73245834700003, 37.76501064200005], [124.72849311100003, 37.76239840000005], [124.73047572900009, 37.759002347000035], [124.73807576500008, 37.76265962800005], [124.74104969200005, 37.76683915600006], [124.75261496500002, 37.77075724900004], [124.76583242000004, 37.76788400100003], [124.76814547400011, 37.76945124100007], [124.77078896500007, 37.778592813000046]]], [[[124.7076359670001, 37.84577737200004], [124.70467525700008, 37.84995219800004], [124.70192602700001, 37.84878327100006], [124.70340638200003, 37.843773371000054], [124.68860283300012, 37.83776104200007], [124.68056662000004, 37.82439855600006], [124.675279638, 37.82005522700007], [124.66724342600003, 37.82272807500004], [124.66237940300005, 37.82256102500003], [124.67612555500011, 37.81437510300003], [124.68268141300007, 37.81571164200005], [124.68500768500007, 37.81069949700003], [124.67991896500007, 37.80287778100006], [124.68223201900003, 37.798961390000045], [124.68685812900003, 37.801311250000026], [124.68421463800007, 37.80418319800003], [124.68751900100006, 37.806532891000074], [124.694292947, 37.80819721200004], [124.70358647000012, 37.80615759800003], [124.708233231, 37.807381373000055], [124.71236368500001, 37.80901304200006], [124.71855936700001, 37.81472359800006], [124.720108288, 37.82206509200006], [124.71907567400001, 37.824512095000046], [124.71494522000012, 37.826551202000076], [124.71287999200001, 37.83226040100004], [124.72372243600012, 37.838784660000044], [124.72793797700001, 37.839264170000035], [124.7287838950001, 37.84093427600004], [124.72159359900002, 37.84460837800003], [124.72222803700004, 37.84594436900005], [124.7076359670001, 37.84577737200004]]], [[[124.73249965100001, 37.97443976200003], [124.73198334500012, 37.978102645000035], [124.728369197, 37.98013750000007], [124.71236368500001, 37.983393152000076], [124.70152124200001, 37.983393152000076], [124.69326033300001, 37.980951427000036], [124.67622220800001, 37.98013750000007], [124.64162965100002, 37.96996265800004], [124.63749919600002, 37.970776697000076], [124.62459152600002, 37.978102645000035], [124.61426538900002, 37.977695667000035], [124.61116754900002, 37.973218761000055], [124.61271646900002, 37.96100762900005], [124.61891215100002, 37.959786405000045], [124.62665675300002, 37.95449419600004], [124.62872198000002, 37.94268712500008], [124.63801550300002, 37.92395477600007], [124.65298840100002, 37.92436205200005], [124.67622220800001, 37.921103783000035], [124.682934197, 37.92191836400008], [124.68654834400002, 37.917030743000055], [124.69222771900002, 37.91662342700005], [124.69842340100001, 37.918252679000034], [124.69893970800001, 37.92314021800007], [124.70358647000012, 37.932914321000055], [124.70152124200001, 37.93780088500006], [124.69842340100001, 37.94024404600003], [124.69326033300001, 37.94309429700007], [124.68706465100001, 37.94309429700007], [124.69016249200001, 37.94635159100005], [124.70152124200001, 37.947573040000066], [124.708233231, 37.94513012300007], [124.71339629900001, 37.94594443700004], [124.72062459500012, 37.95286574700003], [124.72733658300001, 37.95449419600004], [124.73249965100001, 37.95205150900006], [124.73559749200001, 37.95408708700006], [124.73301595800001, 37.957750985000075], [124.73508118600012, 37.959786405000045], [124.74282578800012, 37.95897224300006], [124.74643993600012, 37.96019348200008], [124.74385840200011, 37.96304295900006], [124.73714641300012, 37.96507823200005], [124.73249965100001, 37.968741582000064], [124.73249965100001, 37.97443976200003]]]]}}, {"type": "Feature", "properties": {"shapeName": "Boryeong-si", "shapeISO": "", "shapeID": "91817680B78801700081843", "shapeGroup": "KOR", "shapeType": "ADM2"}, "geometry": {"type": "MultiPolygon", "coordinates": [[[[126.36119241000006, 36.33164210900003], [126.36817122600007, 36.33334577000005], [126.37007453900003, 36.335219754000036], [126.36182684700009, 36.34050073900005], [126.36055797200004, 36.34901770300007], [126.3633072020001, 36.35123196100005], [126.35950057500008, 36.352424228000075], [126.3578087410001, 36.35548997200004], [126.35315619700009, 36.355149340000025], [126.349772529, 36.342885583000054], [126.34829217400011, 36.341011784000045], [126.34617738100008, 36.341011784000045], [126.34194779600011, 36.33402722400007], [126.34300519200008, 36.33232357800006], [126.34152483700007, 36.327553171000034], [126.34427406800012, 36.32704203900005], [126.34427406800012, 36.329768039000044], [126.34871513200005, 36.33164210900003], [126.35928909600011, 36.326701282000045], [126.36140388900003, 36.32806430000005], [126.36119241000006, 36.33164210900003]]], [[[126.43889369500005, 36.375061852000044], [126.43424693300005, 36.37547755600008], [126.43527954700005, 36.383791177000035], [126.43114909200006, 36.385453795000046], [126.42288818300005, 36.385453795000046], [126.41875772900005, 36.382959855000024], [126.41359466100005, 36.38212852400005], [126.41565988800005, 36.37339901200005], [126.40946420600005, 36.37339901200005], [126.40636636500005, 36.37672465600008], [126.40171960400005, 36.37630895900003], [126.39862176300005, 36.37921879600003], [126.39913807000005, 36.38212852400005], [126.38674670600005, 36.38046583600004], [126.38313255800006, 36.37797173600006], [126.38364886500005, 36.368410280000035], [126.38519778500006, 36.366747298000064], [126.43424693300005, 36.36092658200005], [126.44560568300005, 36.355521241000076], [126.45954596800004, 36.35344216400006], [126.46006227400005, 36.36051080000004], [126.45748074000005, 36.36258968800007], [126.45231767200005, 36.36217391500003], [126.43424693300005, 36.365915794000045], [126.43321432000005, 36.369241758000044], [126.43889369500005, 36.369657493000034], [126.43889369500005, 36.375061852000044]]], [[[126.45107110100003, 36.38171418500008], [126.44768743300006, 36.38456766400003], [126.446333965, 36.38957972600008], [126.44349168400004, 36.38979763400005], [126.43943974100011, 36.38699201700007], [126.43986269900006, 36.38137366800004], [126.44176601300012, 36.37916026800008], [126.45487772800004, 36.37881973900005], [126.45107110100003, 36.38171418500008]]], [[[126.36224980600002, 36.37745760900003], [126.36626791200001, 36.37950079500007], [126.36690235000003, 36.38665152200008], [126.37007453900003, 36.390567118000035], [126.36436459900006, 36.39414205500003], [126.36224980600002, 36.39107783400004], [126.36267276400008, 36.38222495900004], [126.36055797200004, 36.374733278000065], [126.36224980600002, 36.37745760900003]]], [[[126.35400211400008, 36.399759481000046], [126.3546365520001, 36.40112122100004], [126.34829217400011, 36.40452546400007], [126.34300519200008, 36.39992970000003], [126.3381411690001, 36.400951004000035], [126.33454602100005, 36.39941904300008], [126.33433454200008, 36.39448251700003], [126.33200827000007, 36.393290895000064], [126.3326427080001, 36.388864709000075], [126.33771821000005, 36.38494902800005], [126.34004448200005, 36.38869446600006], [126.33835264800007, 36.39260996000007], [126.33962152400011, 36.39533366400008], [126.35400211400008, 36.399759481000046]]], [[[126.68284217700011, 36.44988309100006], [126.64982053500012, 36.45285897700006], [126.63800321000008, 36.45571049100005], [126.63209454800005, 36.461413202000074], [126.62382242000001, 36.47661838300007], [126.61436856000012, 36.47566814600003], [126.60136950200001, 36.46616514100003], [126.5990060370001, 36.48707021400003], [126.59191564100001, 36.49847060400003], [126.54700980500002, 36.49942056100008], [126.53637421300004, 36.50132043900004], [126.51628475900009, 36.516517789000034], [126.4997405040001, 36.50986931500006], [126.48555971400003, 36.507019795000076], [126.48437798100008, 36.481369390000054], [126.48910491100003, 36.459512345000064], [126.49501357400004, 36.44145187700008], [126.50328570200008, 36.432895451000036], [126.4997405040001, 36.40531832900007], [126.48910491100003, 36.39675792000003], [126.48437798100008, 36.38819656900006], [126.49383184100009, 36.37963427500006], [126.50919436400011, 36.37677996700006], [126.52810208500011, 36.362506859000064], [126.55055500300011, 36.353941736000024], [126.56473579300007, 36.34442382900005], [126.560008863, 36.33490475700006], [126.55055500300011, 36.32824071500005], [126.5221934220001, 36.32252822600003], [126.51273956200009, 36.314910921000035], [126.51628475900009, 36.29872167800005], [126.537555945, 36.28729195300008], [126.55173673500008, 36.26823869200007], [126.55291846800003, 36.258710317000066], [126.54937327000005, 36.24727473300004], [126.53637421300004, 36.23869694700005], [126.53637421300004, 36.223445225000034], [126.53873767800007, 36.20628348300005], [126.55339116100004, 36.18740121800005], [126.55528193300006, 36.188164226000026], [126.56828099100005, 36.18434911200006], [126.56946272300002, 36.17576442500007], [126.58482524600004, 36.170040777000054], [126.60609643200007, 36.165270752000026], [126.62382242000001, 36.165270752000026], [126.65691093100008, 36.169086796000045], [126.7010756463091, 36.17324812064954], [126.69708983700002, 36.17767221400004], [126.6982715690001, 36.189117976000034], [126.70299849900005, 36.198654833000035], [126.71836102200007, 36.20628348300005], [126.7207244870001, 36.219631830000026], [126.74081394000007, 36.24250941300005], [126.73608701000012, 36.25013378600005], [126.70181676700008, 36.259663207000074], [126.70063503400002, 36.28348167300004], [126.69708983700002, 36.29586440400004], [126.68527251100011, 36.312054240000066], [126.68763597600002, 36.32633659900006], [126.70299849900005, 36.33204880900007], [126.7077254300001, 36.34347197400007], [126.7077254300001, 36.35489346300005], [126.71599755700004, 36.363458481000066], [126.73012978477153, 36.372130555041615], [126.72786215200006, 36.37468674200005], [126.71803013700003, 36.38930008500006], [126.7081981230001, 36.39721449900003], [126.69382825500008, 36.40512810700005], [126.69231563700009, 36.427038509000056], [126.69004671100004, 36.435557551000045], [126.68097100500006, 36.44285884300007], [126.68284217700011, 36.44988309100006]]]]}}, {"type": "Feature", "properties": {"shapeName": "Taean-gun", "shapeISO": "", "shapeID": "91817680B59614790278386", "shapeGroup": "KOR", "shapeType": "ADM2"}, "geometry": {"type": "MultiPolygon", "coordinates": [[[[126.36932135100005, 36.59388170200003], [126.36448097400012, 36.606187170000055], [126.36044732700009, 36.61072026800008], [126.34108582100009, 36.607482368000035], [126.33543871600011, 36.605539563000036], [126.32817815100009, 36.59971085300003], [126.32414450400006, 36.58481326000003], [126.31769066900006, 36.58092645900007], [126.31365702200003, 36.583517681000046], [126.31365702200003, 36.56861696300007], [126.32495123300009, 36.558897554000055], [126.32979161000003, 36.54982500300008], [126.33301852700004, 36.526490694000074], [126.32817815100009, 36.520007692000036], [126.32737142100007, 36.51287576300007], [126.33301852700004, 36.50574317600007], [126.33705217400006, 36.48953030700005], [126.33463198600009, 36.48304420900007], [126.32898488, 36.47785493900005], [126.32656469200003, 36.47071912700005], [126.33543871600011, 36.47526017400003], [126.33947236300003, 36.47915228900007], [126.34189255100011, 36.47201659600006], [126.34108582100009, 36.463582657000075], [126.33543871600011, 36.45449892700003], [126.33785890400009, 36.44087133700003], [126.35883386800003, 36.43827533500007], [126.35964059800006, 36.42983772600007], [126.35157330400011, 36.42464489500003], [126.35964059800006, 36.41815336900004], [126.37174153900003, 36.41166130000005], [126.37577518600006, 36.41555660600005], [126.38545593900005, 36.41815336900004], [126.39594342100008, 36.41880254600005], [126.39836360900006, 36.41295975700007], [126.41046455000003, 36.411012063000044], [126.42659913900002, 36.41295975700007], [126.43224624400011, 36.41880254600005], [126.43224624400011, 36.42334663400004], [126.42579240900011, 36.44022234500005], [126.40804436200006, 36.45385004900004], [126.41611165600011, 36.45968976000006], [126.41853184500008, 36.46617781300006], [126.41369146800002, 36.47331404400006], [126.40965782100011, 36.48434147200004], [126.40481744500005, 36.49082746100004], [126.39836360900006, 36.49147603000006], [126.3967501510001, 36.51093057700007], [126.39190977400006, 36.51482089900003], [126.38545593900005, 36.51417252600004], [126.38142229200002, 36.51871102700005], [126.38464920900003, 36.52843548900006], [126.37658191500009, 36.53491778500006], [126.37416172700011, 36.541399537000075], [126.37819537400003, 36.54917692300006], [126.37819537400003, 36.557601541000054], [126.37496845700002, 36.56408139100006], [126.36851462100003, 36.56667317900008], [126.36367424500008, 36.570560698000065], [126.36286751500006, 36.57444802100008], [126.37335499800008, 36.58027863900003], [126.36932135100005, 36.59388170200003]]], [[[126.34729700800006, 36.81416126800008], [126.34024575100011, 36.81980617700003], [126.33150187600006, 36.81445957100004], [126.32685511500006, 36.81404622500003], [126.32014312600006, 36.81735293200006], [126.31652897800006, 36.81280617300007], [126.30413761500006, 36.81321952600007], [126.29690931900006, 36.80991264100004], [126.29484409200006, 36.80081797100007], [126.28813210300007, 36.79833741900006], [126.28606687600006, 36.80577883400008], [126.28968102400006, 36.81487291500008], [126.28193642100007, 36.81941955100007], [126.28709948900007, 36.82355262100003], [126.29742562600006, 36.82644563800005], [126.31446375100006, 36.83512403100008], [126.31498005800006, 36.83842982700003], [126.29432778500006, 36.840909080000074], [126.29536039900006, 36.848346357000025], [126.29897454600007, 36.854130405000035], [126.30465392100007, 36.85702226500007], [126.30465392100007, 36.86115330400003], [126.30878437600006, 36.86363182000008], [126.31084960300007, 36.86858861200005], [126.31136591000006, 36.87891422700005], [126.31549636500006, 36.88510892600004], [126.32582250100006, 36.88593484800003], [126.32737142100007, 36.89047725900008], [126.31859420600006, 36.890064324000036], [126.31962681900006, 36.89873549600003], [126.31756159200006, 36.90410287000003], [126.31343113700007, 36.905341441000076], [126.30103977400006, 36.91690047000003], [126.30052346700006, 36.919789954000066], [126.30878437600006, 36.927219552000054], [126.30362130800006, 36.93712455600007], [126.30310500100006, 36.94290188100007], [126.30723545500007, 36.94620301300006], [126.30930068300006, 36.95528038700007], [126.30568653500006, 36.95693070300007], [126.30103977400006, 36.95693070300007], [126.29690931900006, 36.96105633500008], [126.29639301200007, 36.96518174400006], [126.30413761500006, 36.97054444100007], [126.30310500100006, 36.97673170000007], [126.28555056900007, 36.96394414500003], [126.28348534200006, 36.960231227000065], [126.28813210300007, 36.951979649000066], [126.29329517100007, 36.93629918800008], [126.29381147800007, 36.92928320100003], [126.28555056900007, 36.91112117500006], [126.28709948900007, 36.905754294000076], [126.28606687600006, 36.90079991500005], [126.27728966000006, 36.89749681700005], [126.27470812600006, 36.880153207000035], [126.26799613700007, 36.871479925000074], [126.25405585300007, 36.858674708000024], [126.24269710300007, 36.85784849100003], [126.23495250100007, 36.86776250200006], [126.23288727300007, 36.87850122900005], [126.23701772800007, 36.88510892600004], [126.24682755700007, 36.895019400000024], [126.25199062600007, 36.90823136300003], [126.24579494400007, 36.906992839000054], [126.24940909100008, 36.91029552600003], [126.24011556900007, 36.91070835100004], [126.23443619400007, 36.909057035000046], [126.22772420500007, 36.90451573000007], [126.21688176200007, 36.90286427900003], [126.19426106900005, 36.887380190000044], [126.19103415200004, 36.877701040000034], [126.19184088100008, 36.85704808500003], [126.18780723400005, 36.84865622800004], [126.16925245800007, 36.83768087000004], [126.16037843400011, 36.84413715300008], [126.15231114000005, 36.84413715300008], [126.1539245990001, 36.82541243000003], [126.15231114000005, 36.81378788300003], [126.13940346900006, 36.78924137400003], [126.13214290500002, 36.77890364800004], [126.12488234000011, 36.77373426200006], [126.11681504600006, 36.770503219000034], [126.11842850500011, 36.76468699800006], [126.12407561100008, 36.75563866700003], [126.13052944600008, 36.751760484000044], [126.13294963400006, 36.74400353000004], [126.12649579900005, 36.73301316900006], [126.12730252800009, 36.72072796200007], [126.12004196400005, 36.70973427000007], [126.15069768100011, 36.73172008200004], [126.15553805800005, 36.73883179100005], [126.14666403400008, 36.750467713000035], [126.14666403400008, 36.75693135100005], [126.15553805800005, 36.75887033600003], [126.1636053520001, 36.75887033600003], [126.17893321000008, 36.75563866700003], [126.19506779900007, 36.73883179100005], [126.21362257500004, 36.738185299000065], [126.2152360340001, 36.73236662800008], [126.20474855100008, 36.72654751600004], [126.20313509300001, 36.721374601000036], [126.21362257500004, 36.72719410600007], [126.22007641000005, 36.72719410600007], [126.2249167870001, 36.72460771400006], [126.22330332800004, 36.717494687000055], [126.2184629510001, 36.711027727000044], [126.20797546900008, 36.706500531000074], [126.1861937750001, 36.70714729000008], [126.18135339900005, 36.71426127500007], [126.17167264600005, 36.71426127500007], [126.15795824600002, 36.70391344300003], [126.14908422200006, 36.70067945900007], [126.15069768100011, 36.69356421700007], [126.14989095200008, 36.68580138400006], [126.13859674000003, 36.68580138400006], [126.13456309300011, 36.67221453900004], [126.14585730500005, 36.673508628000036], [126.15957170500008, 36.67997874400004], [126.17409283400002, 36.67997874400004], [126.18296685700011, 36.67674375400003], [126.19345434000002, 36.67609674000005], [126.20152163400007, 36.68062572600007], [126.21281584600001, 36.69291734400008], [126.23056389300007, 36.698092175000056], [126.2378244570001, 36.70326665700003], [126.23863118700001, 36.70908753300006], [126.23540426900001, 36.71426127500007], [126.24669848100007, 36.71878801300005], [126.2571859630001, 36.71814135300008], [126.27090036300001, 36.72913384200007], [126.27896765700007, 36.73107353000006], [126.27735419800001, 36.72202123500006], [126.27009363400009, 36.714907968000034], [126.26767344500001, 36.70067945900007], [126.26202633900004, 36.69615165400006], [126.26525325700004, 36.68127270200006], [126.27090036300001, 36.67480269500004], [126.28461476300004, 36.67480269500004], [126.29429551600003, 36.65927245700004], [126.30074935100004, 36.64309179300005], [126.30074935100004, 36.626260297000044], [126.29106859800004, 36.613958033000074], [126.28864841000006, 36.59906319100003], [126.29187532800006, 36.58481326000003], [126.29994262200012, 36.58805211200007], [126.30800991600006, 36.59647249000005], [126.3152704800001, 36.59323399200008], [126.32253104500012, 36.59776785200006], [126.32898488, 36.61201539000007], [126.34431273900009, 36.61978566600004], [126.35473568300006, 36.621598617000075], [126.34957261500006, 36.629885853000076], [126.34647477400006, 36.65142849600005], [126.34079539900006, 36.65846997600005], [126.33705217400006, 36.68774216500003], [126.34269928000003, 36.70973427000007], [126.3521832376299, 36.72843114141374], [126.35084220500005, 36.73559675200005], [126.35675086800006, 36.76589622300003], [126.35202393800012, 36.79807629800007], [126.34729700800006, 36.81416126800008]]]]}}, {"type": "Feature", "properties": {"shapeName": "Yeonsu-gu", "shapeISO": "", "shapeID": "91817680B14745943099772", "shapeGroup": "KOR", "shapeType": "ADM2"}, "geometry": {"type": "Polygon", "coordinates": [[[126.63715551400003, 37.41966028600007], [126.61495432100003, 37.42089043800007], [126.61495432100003, 37.35032909300003], [126.60772602500003, 37.34909778200006], [126.60720971800004, 37.34253045300005], [126.62063369600003, 37.342940928000075], [126.62011738900003, 37.33801508100004], [126.67226437800002, 37.33760457900007], [126.69291665100002, 37.354022902000054], [126.70737324200002, 37.362641085000064], [126.72113900429079, 37.377227878297035], [126.72131352600002, 37.37741280900008], [126.71718307100002, 37.38274632800005], [126.70014494600002, 37.38520782400008], [126.68465574200002, 37.38561806600006], [126.66939772158312, 37.390871404122464], [126.66916653700002, 37.390951001000076], [126.67174807100002, 37.39464281100004], [126.67691113900003, 37.39874460900006], [126.68981881000002, 37.40653740600004], [126.69498187800002, 37.41432939300006], [126.69958352464361, 37.42326309534583], [126.69962863900003, 37.423350681000045], [126.69911233300002, 37.42704089500006], [126.69911233300002, 37.42909093500003], [126.69911233300002, 37.42950093600007], [126.69601449200002, 37.43196089700007], [126.69291665100002, 37.42704089500006], [126.66968284400002, 37.41555963300004], [126.65574256000002, 37.415969708000034], [126.63715551400003, 37.41966028600007]]]}}, {"type": "Feature", "properties": {"shapeName": "Namdong-gu", "shapeISO": "", "shapeID": "91817680B54049766777888", "shapeGroup": "KOR", "shapeType": "ADM2"}, "geometry": {"type": "Polygon", "coordinates": [[[126.69958352464361, 37.42326309534583], [126.69962863900003, 37.42294064600003], [126.69498187800002, 37.41391930900005], [126.68981881000002, 37.40612727900003], [126.67691113900003, 37.39833444000004], [126.67174807100002, 37.394232619000036], [126.66939772158312, 37.390871404122464], [126.68465574200002, 37.38561806600006], [126.70014494600002, 37.38520782400008], [126.71718307100002, 37.38274632800005], [126.72131352600002, 37.37741280900008], [126.72113900429079, 37.377227878297035], [126.72131352600002, 37.377002523000044], [126.72038417400006, 37.376017826000066], [126.73486876800007, 37.37728845000004], [126.73628642400001, 37.37741280900008], [126.74454733300001, 37.38438733400005], [126.74712886700001, 37.38931013800004], [126.74661256000002, 37.393412228000045], [126.77294420800001, 37.419250231000035], [126.77604204900001, 37.43606065200004], [126.78378665100001, 37.446309056000075], [126.78327034400002, 37.454506769000034], [126.78099859500003, 37.454998603000035], [126.77191159400002, 37.45696590700004], [126.75280824200001, 37.45614620300006], [126.74454733300001, 37.45778560200006], [126.72905812800002, 37.46516245200007], [126.72079721900002, 37.46639185600003], [126.70788954900001, 37.465982057000076], [126.71202000300002, 37.46147411800007], [126.71150369600002, 37.45737575600003], [126.70737324200002, 37.45573634800007], [126.69291665100002, 37.45860528800006], [126.69188403700002, 37.453277169000046], [126.69911233300002, 37.446309056000075], [126.70066125300002, 37.44098006100006], [126.69962863900003, 37.43606065200004], [126.69911233300002, 37.42909093500003], [126.69911233300002, 37.42704089500006], [126.69962863900003, 37.423350681000045], [126.69958352464361, 37.42326309534583]]]}}, {"type": "Feature", "properties": {"shapeName": "Siheung-si", "shapeISO": "", "shapeID": "91817680B37911583032119", "shapeGroup": "KOR", "shapeType": "ADM2"}, "geometry": {"type": "Polygon", "coordinates": [[[126.73486876800007, 37.37728845000004], [126.73628642400001, 37.368385990000036], [126.73370489000001, 37.36510324100004], [126.72492767400001, 37.35689574000003], [126.71615045800002, 37.35197080800003], [126.69085142300003, 37.33144678300005], [126.69859602600002, 37.32323560200007], [126.73060704900001, 37.30722121900004], [126.75332454900001, 37.325699050000026], [126.768297447, 37.328572972000075], [126.78998233300001, 37.33021516300005], [126.79617801500001, 37.33308891100006], [126.80134108300001, 37.340067557000054], [126.81992812900012, 37.35525413200003], [126.82818903800012, 37.35853731200007], [126.87000989000012, 37.35648534100005], [126.87930341300012, 37.35976846700004], [126.87975664200007, 37.36733322300006], [126.87981972000011, 37.368385990000036], [126.87981972000011, 37.37987448000007], [126.87672187900012, 37.38931013800004], [126.87620557100001, 37.389632454000036], [126.869493583, 37.39382242500005], [126.86174898100012, 37.39669373800007], [126.849873924, 37.40407661000006], [126.844194549, 37.41802005200003], [126.84574347000012, 37.43893034600006], [126.84367824200001, 37.44466940500007], [126.838515174, 37.44835856800006], [126.83535659100005, 37.44898546700006], [126.830254265, 37.44999813800007], [126.80340631000001, 37.449588249000044], [126.79617801500001, 37.453687038000055], [126.78327034400002, 37.454506769000034], [126.78378665100001, 37.446309056000075], [126.77604204900001, 37.43606065200004], [126.77294420800001, 37.419250231000035], [126.74661256000002, 37.393412228000045], [126.74712886700001, 37.38931013800004], [126.74454733300001, 37.38438733400005], [126.73628642400001, 37.37741280900008], [126.73486876800007, 37.37728845000004]]]}}, {"type": "Feature", "properties": {"shapeName": "Ansan-si", "shapeISO": "", "shapeID": "91817680B39459501575733", "shapeGroup": "KOR", "shapeType": "ADM2"}, "geometry": {"type": "MultiPolygon", "coordinates": [[[[126.39554457400004, 37.10302310800006], [126.39389239200011, 37.11198294500008], [126.38827497400007, 37.115144988000054], [126.38364886500005, 37.11435449000004], [126.37902275600004, 37.11145592500003], [126.38001406500007, 37.10776668300008], [126.3892662830001, 37.10117830400003], [126.39422282900011, 37.100387660000024], [126.39554457400004, 37.10302310800006]]], [[[126.58289882100007, 37.28571717500006], [126.58262812800001, 37.291101241000035], [126.57802633900008, 37.292178008000064], [126.60952964500007, 37.31053236200006], [126.60834559300008, 37.31303606600005], [126.57674761600003, 37.292435683000065], [126.57778023000003, 37.28750652600007], [126.57158454800003, 37.284631035000075], [126.56951932100003, 37.28052299900003], [126.56332363900003, 37.27764724200006], [126.55557903600004, 37.27764724200006], [126.55712795700003, 37.28175543400005], [126.53802460400004, 37.28627418600007], [126.55248119500004, 37.27559306100005], [126.55816057000004, 37.26860843000003], [126.55867687700004, 37.26285589400004], [126.56280733200003, 37.256281029000036], [126.56177471800004, 37.24436262300003], [126.56538886600003, 37.23778614400004], [126.54886704800003, 37.23408662200006], [126.54163875200004, 37.224631464000026], [126.55041596800004, 37.22380922100007], [126.55764426400003, 37.21846441800005], [126.55403011600004, 37.214352774000076], [126.54835074100004, 37.21558629100008], [126.54576920700003, 37.21394159700003], [126.54731812700004, 37.20818488800006], [126.54886704800003, 37.20612881400007], [126.55351380900004, 37.20530636800004], [126.56487255900004, 37.19379119200005], [126.57003562700004, 37.202838978000045], [126.57003562700004, 37.20612881400007], [126.57623130900004, 37.21394159700003], [126.57674761600003, 37.22093129700005], [126.58191068400004, 37.22257583800007], [126.58707375200004, 37.22134243600004], [126.59481835500003, 37.21517512100007], [126.59739988900003, 37.21681978700008], [126.60307926400003, 37.21681978700008], [126.60617710500003, 37.21311923700006], [126.61340540000003, 37.21147449000006], [126.60979125300003, 37.22010901300007], [126.60101403700003, 37.225864813000044], [126.60979125300003, 37.23285340800004], [126.61960108200003, 37.23079800600004], [126.62269892300003, 37.23696404400005], [126.62528045700003, 37.23449768900008], [126.62579676400003, 37.22175357200007], [126.63044352500003, 37.21640862400005], [126.64335119600003, 37.214352774000076], [126.64490011600003, 37.21065210300003], [126.64180227500003, 37.19872648300003], [126.64438381000002, 37.19050081900008], [126.65212841200002, 37.199960255000065], [126.65625886600003, 37.21394159700003], [126.65625886600003, 37.226687034000065], [126.64696534400002, 37.236552990000064], [126.63922074100003, 37.24682865500006], [126.63457398000003, 37.256691974000034], [126.63044352500003, 37.26039038700003], [126.62321523000003, 37.26367771100007], [126.61598693400003, 37.27107366800004], [126.58858338400012, 37.282809619000034], [126.58885407700006, 37.28593254500004], [126.58709457000009, 37.28711706900003], [126.58452298200007, 37.284963375000075], [126.58289882100007, 37.28571717500006]]], [[[126.94616864800003, 37.28878324800007], [126.9363054270001, 37.29276241300005], [126.93609716300011, 37.29284643200003], [126.92886886800011, 37.296953794000046], [126.9237058000001, 37.29736451800005], [126.91596119700012, 37.31050649900004], [126.9097655160001, 37.31297036400008], [126.88343386800011, 37.312149085000044], [126.88033602700011, 37.31707662800005], [126.88756432200012, 37.32734130500006], [126.88549909500011, 37.33226785100004], [126.89221108400011, 37.33596255000003], [126.89892307200012, 37.34663510100006], [126.89878847000011, 37.34834716800003], [126.89840676500012, 37.353202071000055], [126.89479261800011, 37.363461812000025], [126.88911324300011, 37.368385990000036], [126.87975664200007, 37.36733322300006], [126.87930341300012, 37.35976846700004], [126.87000989000012, 37.35648534100005], [126.82818903800012, 37.35853731200007], [126.81992812900012, 37.35525413200003], [126.80134108300001, 37.340067557000054], [126.79617801500001, 37.33308891100006], [126.78998233300001, 37.33021516300005], [126.768297447, 37.328572972000075], [126.75332454900001, 37.325699050000026], [126.73060704900001, 37.30722121900004], [126.73835165100002, 37.29490014100003], [126.74403102600002, 37.29325717800003], [126.762618072, 37.29161418000007], [126.77655835600001, 37.285452615000054], [126.80030846900002, 37.28668496800003], [126.81011829900001, 37.285452615000054], [126.81786290100001, 37.28216624000004], [126.82508496000003, 37.269895106000035], [126.832835799, 37.26655400300007], [126.844710856, 37.25874667000005], [126.85865114, 37.257102918000044], [126.88343386800011, 37.26573221700005], [126.88859693600011, 37.27107366800004], [126.90098830000011, 37.27805807100003], [126.93461807500012, 37.27915323700006], [126.94289020300005, 37.282914332000075], [126.94616864800003, 37.28878324800007]]]]}}, {"type": "Feature", "properties": {"shapeName": "Uiwang-si", "shapeISO": "", "shapeID": "91817680B44728384221537", "shapeGroup": "KOR", "shapeType": "ADM2"}, "geometry": {"type": "Polygon", "coordinates": [[[127.0344337250001, 37.360833670000034], [127.03033841000001, 37.37124595600005], [127.04570093300003, 37.39378206600003], [127.0468826660001, 37.404108853000025], [127.04761335, 37.40672075900005], [127.0099290390001, 37.40120558000007], [127.0042496640001, 37.39300202900006], [126.9939235270001, 37.39136121100006], [126.9919440760001, 37.389657449000026], [126.98772784500011, 37.386028305000025], [126.98514631100011, 37.38028475100003], [126.97120602700011, 37.36551359200007], [126.9686244930001, 37.35689574000003], [126.96844645600004, 37.354489923000074], [126.96810818600011, 37.349918658000036], [126.96759187900011, 37.34253045300005], [126.9634614250001, 37.33637306000003], [126.93971131100011, 37.31091714900003], [126.9363054270001, 37.29276241300005], [126.94616864800003, 37.28878324800007], [126.94761713300011, 37.291376110000044], [126.95588926100004, 37.29513659500003], [126.96770658600008, 37.297956835000036], [126.97125178400006, 37.316755734000026], [126.99134123700003, 37.31769555500006], [127.00079509700004, 37.33179146800006], [127.02088455000012, 37.342126791000055], [127.02088455000012, 37.35340006600006], [127.02915667800005, 37.35903606800008], [127.0344337250001, 37.360833670000034]]]}}, {"type": "Feature", "properties": {"shapeName": "Gunpo-si", "shapeISO": "", "shapeID": "91817680B51138241033746", "shapeGroup": "KOR", "shapeType": "ADM2"}, "geometry": {"type": "Polygon", "coordinates": [[[126.9363054270001, 37.29276241300005], [126.93971131100011, 37.31091714900003], [126.9634614250001, 37.33637306000003], [126.96759187900011, 37.34253045300005], [126.96810818600011, 37.349918658000036], [126.96844645600004, 37.354489923000074], [126.9495211410001, 37.35689574000003], [126.9464233000001, 37.358947699000055], [126.94487437900011, 37.36387217300006], [126.94177653800011, 37.366334288000076], [126.9350645500001, 37.367565316000025], [126.93041778800011, 37.367565316000025], [126.92009165200011, 37.363461812000025], [126.91596119700012, 37.36017884800003], [126.91286335600012, 37.357306136000034], [126.91183074300011, 37.35238123200003], [126.89878847000011, 37.34834716800003], [126.89892307200012, 37.34663510100006], [126.89221108400011, 37.33596255000003], [126.88549909500011, 37.33226785100004], [126.88756432200012, 37.32734130500006], [126.88033602700011, 37.31707662800005], [126.88343386800011, 37.312149085000044], [126.9097655160001, 37.31297036400008], [126.91596119700012, 37.31050649900004], [126.9237058000001, 37.29736451800005], [126.92886886800011, 37.296953794000046], [126.93609716300011, 37.29284643200003], [126.9363054270001, 37.29276241300005]]]}}, {"type": "Feature", "properties": {"shapeName": "Gwacheon-si", "shapeISO": "", "shapeID": "91817680B14096955932506", "shapeGroup": "KOR", "shapeType": "ADM2"}, "geometry": {"type": "Polygon", "coordinates": [[[127.04761335, 37.40672075900005], [127.04924613100002, 37.41255698400005], [127.05379663700012, 37.41496653400003], [127.0393585280001, 37.43196089700007], [127.0372933000001, 37.43852039700005], [127.0243856300001, 37.45040802400007], [127.0114779590001, 37.44220986300007], [126.9980539820001, 37.44425948700007], [126.9918583000001, 37.44876846400007], [126.98932627937539, 37.44642322748762], [126.9892767660001, 37.445899147000034], [126.9841136980001, 37.43852039700005], [126.97688540200011, 37.43565068600003], [126.96475706400008, 37.42674692200006], [126.96458187226388, 37.42699734530281], [126.9642407560001, 37.42674692200006], [126.96810818600011, 37.41227894900004], [126.9919440760001, 37.389657449000026], [126.9939235270001, 37.39136121100006], [127.0042496640001, 37.39300202900006], [127.0099290390001, 37.40120558000007], [127.04761335, 37.40672075900005]]]}}, {"type": "Feature", "properties": {"shapeName": "Gwangmyeong-si", "shapeISO": "", "shapeID": "91817680B3942656644244", "shapeGroup": "KOR", "shapeType": "ADM2"}, "geometry": {"type": "Polygon", "coordinates": [[[126.87620557100001, 37.389632454000036], [126.87930341300012, 37.399154776000046], [126.89272739000012, 37.40079542400008], [126.89737415200011, 37.405717150000044], [126.90150460600012, 37.41432939300006], [126.90924920900011, 37.417199921000076], [126.91455204100009, 37.42167788100005], [126.88859693600011, 37.45040802400007], [126.88601540200011, 37.45860528800006], [126.88085233400011, 37.46434283800005], [126.878270799, 37.477865320000035], [126.87684977100002, 37.48162426400006], [126.87672187900012, 37.48196255900007], [126.86846097000011, 37.483191687000044], [126.86484682200012, 37.48032369100008], [126.86020006100011, 37.47048972400006], [126.84884131100011, 37.46516245200007], [126.841613015, 37.46475264600008], [126.83535659100005, 37.44898546700006], [126.838515174, 37.44835856800006], [126.84367824200001, 37.44466940500007], [126.84574347000012, 37.43893034600006], [126.844194549, 37.41802005200003], [126.849873924, 37.40407661000006], [126.86174898100012, 37.39669373800007], [126.869493583, 37.39382242500005], [126.87620557100001, 37.389632454000036]]]}}, {"type": "Feature", "properties": {"shapeName": "Michuhol-gu [Nam-gu]", "shapeISO": "", "shapeID": "91817680B16033238555875", "shapeGroup": "KOR", "shapeType": "ADM2"}, "geometry": {"type": "Polygon", "coordinates": [[[126.63313546384089, 37.430125446000034], [126.63225920700006, 37.419931588000054], [126.63715551400003, 37.41966028600007], [126.65574256000002, 37.415969708000034], [126.66968284400002, 37.41555963300004], [126.69291665100002, 37.42704089500006], [126.69601449200002, 37.43196089700007], [126.69911233300002, 37.42950093600007], [126.69911233300002, 37.42909093500003], [126.69962863900003, 37.43606065200004], [126.70066125300002, 37.44098006100006], [126.69911233300002, 37.446309056000075], [126.69188403700002, 37.453277169000046], [126.69291665100002, 37.45860528800006], [126.68840144100011, 37.461933345000034], [126.68568835500002, 37.46393302700005], [126.67794375300002, 37.46680165300006], [126.67177732400012, 37.46910483200003], [126.66916653700002, 37.470079947000045], [126.66451977600002, 37.47376785700004], [126.64013357200008, 37.464208420000034], [126.63717286200006, 37.45480777100005], [126.63209735900011, 37.45279319300005], [126.63188588000003, 37.44725282200005], [126.62934812900005, 37.446413336000035], [126.63314065153155, 37.43018579654965], [126.63315475600007, 37.430125446000034], [126.63313546384089, 37.430125446000034]]]}}, {"type": "Feature", "properties": {"shapeName": "Dong-gu [East District]", "shapeISO": "", "shapeID": "91817680B43546326994356", "shapeGroup": "KOR", "shapeType": "ADM2"}, "geometry": {"type": "Polygon", "coordinates": [[[126.64013357200008, 37.464208420000034], [126.66451977600002, 37.47376785700004], [126.66916653700002, 37.470079947000045], [126.67177732400012, 37.46910483200003], [126.67381329800003, 37.47048972400006], [126.66761761600003, 37.47581661700008], [126.65780778700002, 37.47991396800006], [126.64644903700002, 37.48278198000003], [126.61421454300012, 37.48280617000006], [126.62321523000003, 37.471929498000065], [126.62575298100012, 37.47041891500004], [126.63146292200008, 37.47092244600003], [126.64013357200008, 37.464208420000034]]]}}, {"type": "Feature", "properties": {"shapeName": "Seo-gu [West District]", "shapeISO": "", "shapeID": "91817680B73279111808647", "shapeGroup": "KOR", "shapeType": "ADM2"}, "geometry": {"type": "Polygon", "coordinates": [[[126.57722960500007, 37.58309425500005], [126.57881284300004, 37.56836190800004], [126.59223682100003, 37.55649304800005], [126.59585096800004, 37.546669113000064], [126.60772602500003, 37.538890913000046], [126.60875863900003, 37.51841808800003], [126.61856846800003, 37.51186559800004], [126.61960108200003, 37.50817956900005], [126.61237278700003, 37.50080696500004], [126.61134017300003, 37.49425292900003], [126.61340540000003, 37.48728863400004], [126.62682937800002, 37.49015636400003], [126.62941091200003, 37.49712039000008], [126.63250875300002, 37.500397355000075], [126.64696534400002, 37.50080696500004], [126.65057949100003, 37.49875889100008], [126.65109579800003, 37.495891492000055], [126.64896373200008, 37.48214704500003], [126.65780778700002, 37.47991396800006], [126.66761761600003, 37.47581661700008], [126.67381329800003, 37.47048972400006], [126.67177732400012, 37.46910483200003], [126.67794375300002, 37.46680165300006], [126.68568835500002, 37.46393302700005], [126.68840144100011, 37.461933345000034], [126.69085142300003, 37.46926038700008], [126.69653079800003, 37.47499711900008], [126.69756341200002, 37.48032369100008], [126.69756341200002, 37.48892735000004], [126.68981881000002, 37.49793964500003], [126.68981881000002, 37.509817826000074], [126.69027792600002, 37.516373017000035], [126.69033511700002, 37.51718954000006], [126.70737324200002, 37.52824574500005], [126.71047108300002, 37.536843883000074], [126.70892216200002, 37.54707846900004], [126.70221017300003, 37.54789717600005], [126.69859602600002, 37.56304161800006], [126.68878619600002, 37.56386014900005], [126.69085142300003, 37.57163574300006], [126.70892216200002, 37.56836190800004], [126.71666676400002, 37.56836190800004], [126.72308795200001, 37.589747540000076], [126.70890716200006, 37.59723839000003], [126.68645424400006, 37.61877038500006], [126.67345518600007, 37.62813017800005], [126.65927439600011, 37.62345042900006], [126.62973108200003, 37.59723839000003], [126.61673202500003, 37.59068393700005], [126.59309737400008, 37.582255935000035], [126.57722960500007, 37.58309425500005]]]}}, {"type": "Feature", "properties": {"shapeName": "Gyeyang-gu", "shapeISO": "", "shapeID": "91817680B94833670639499", "shapeGroup": "KOR", "shapeType": "ADM2"}, "geometry": {"type": "Polygon", "coordinates": [[[126.72395136380796, 37.58971333143693], [126.71666676400002, 37.56836190800004], [126.70892216200002, 37.56836190800004], [126.69085142300003, 37.57163574300006], [126.68878619600002, 37.56386014900005], [126.69859602600002, 37.56304161800006], [126.70221017300003, 37.54789717600005], [126.70892216200002, 37.54707846900004], [126.71047108300002, 37.536843883000074], [126.70737324200002, 37.52824574500005], [126.69033511700002, 37.51718954000006], [126.69027792600002, 37.516373017000035], [126.74764517400001, 37.51514191500007], [126.76416699200001, 37.516370497000025], [126.76519960600001, 37.523741563000044], [126.76778114000001, 37.54707846900004], [126.770104521, 37.54892054600003], [126.77242790100001, 37.55076257600007], [126.782237731, 37.55567443600006], [126.78481926500001, 37.562223078000045], [126.78547225791341, 37.574589242422384], [126.78335631100003, 37.573826979000046], [126.75617646300009, 37.57757329900005], [126.74672260300008, 37.58881113000007], [126.72395136380796, 37.58971333143693]]]}}, {"type": "Feature", "properties": {"shapeName": "Bupyeong-gu", "shapeISO": "", "shapeID": "91817680B45509654992593", "shapeGroup": "KOR", "shapeType": "ADM2"}, "geometry": {"type": "Polygon", "coordinates": [[[126.78099859500003, 37.454998603000035], [126.74971040100002, 37.48196255900007], [126.74506364000001, 37.48810799700004], [126.74661256000002, 37.49425292900003], [126.76519960600001, 37.505722115000026], [126.76416699200001, 37.516370497000025], [126.74764517400001, 37.51514191500007], [126.69027792600002, 37.516373017000035], [126.68981881000002, 37.509817826000074], [126.68981881000002, 37.49793964500003], [126.69756341200002, 37.48892735000004], [126.69756341200002, 37.48032369100008], [126.69653079800003, 37.47499711900008], [126.69085142300003, 37.46926038700008], [126.68840144100011, 37.461933345000034], [126.69291665100002, 37.45860528800006], [126.70737324200002, 37.45573634800007], [126.71150369600002, 37.45737575600003], [126.71202000300002, 37.46147411800007], [126.70788954900001, 37.465982057000076], [126.72079721900002, 37.46639185600003], [126.72905812800002, 37.46516245200007], [126.74454733300001, 37.45778560200006], [126.75280824200001, 37.45614620300006], [126.77191159400002, 37.45696590700004], [126.78099859500003, 37.454998603000035]]]}}, {"type": "Feature", "properties": {"shapeName": "Bucheon-si", "shapeISO": "", "shapeID": "91817680B41928523553758", "shapeGroup": "KOR", "shapeType": "ADM2"}, "geometry": {"type": "Polygon", "coordinates": [[[126.83535659100005, 37.44898546700006], [126.841613015, 37.46475264600008], [126.835417333, 37.46803103000008], [126.82818903800012, 37.46967016800005], [126.82457489, 37.47417761300005], [126.82302597000012, 37.48646926300006], [126.813732447, 37.48810799700004], [126.813732447, 37.490566030000025], [126.82405858300001, 37.49753001900007], [126.82612381100012, 37.51350377400007], [126.82922165100001, 37.519646616000045], [126.833352106, 37.52292259200004], [126.8319026580001, 37.526754399000026], [126.83180318600012, 37.52701735900007], [126.82870534500012, 37.52906465800004], [126.81683028800012, 37.531521343000065], [126.80702045800001, 37.531521343000065], [126.80702045800001, 37.52619842400003], [126.80289000400012, 37.52660789200007], [126.80134108300001, 37.53274965600008], [126.794112788, 37.53397794700004], [126.782754038, 37.538890913000046], [126.770104521, 37.54892054600003], [126.76778114000001, 37.54707846900004], [126.76519960600001, 37.523741563000044], [126.76519960600001, 37.505722115000026], [126.74661256000002, 37.49425292900003], [126.74506364000001, 37.48810799700004], [126.74971040100002, 37.48196255900007], [126.78099859500003, 37.454998603000035], [126.78327034400002, 37.454506769000034], [126.79617801500001, 37.453687038000055], [126.80340631000001, 37.449588249000044], [126.830254265, 37.44999813800007], [126.83535659100005, 37.44898546700006]]]}}, {"type": "Feature", "properties": {"shapeName": "Gangseo-gu", "shapeISO": "", "shapeID": "91817680B75936691302089", "shapeGroup": "KOR", "shapeType": "ADM2"}, "geometry": {"type": "Polygon", "coordinates": [[[126.78547225791341, 37.574589242422384], [126.78481926500001, 37.562223078000045], [126.782237731, 37.55567443600006], [126.77242790100001, 37.55076257600007], [126.770104521, 37.54892054600003], [126.782754038, 37.538890913000046], [126.794112788, 37.53397794700004], [126.80134108300001, 37.53274965600008], [126.80289000400012, 37.52660789200007], [126.80702045800001, 37.52619842400003], [126.80702045800001, 37.531521343000065], [126.81683028800012, 37.531521343000065], [126.82870534500012, 37.52906465800004], [126.83180318600012, 37.52701735900007], [126.8319026580001, 37.526754399000026], [126.83799886700001, 37.53479679800006], [126.84212932200012, 37.518827600000066], [126.86639574300011, 37.51759905800003], [126.86742835600012, 37.54380355500007], [126.88756432200012, 37.544622297000046], [126.85898719300008, 37.56539706800004], [126.80287086800001, 37.59248077500007], [126.80462749700007, 37.584128907000036], [126.79635536900003, 37.578509850000046], [126.78547225791341, 37.574589242422384]]]}}, {"type": "Feature", "properties": {"shapeName": "Hanam-si", "shapeISO": "", "shapeID": "91817680B2886775060222", "shapeGroup": "KOR", "shapeType": "ADM2"}, "geometry": {"type": "Polygon", "coordinates": [[[127.2858534610001, 37.49875017800008], [127.28374913400012, 37.51344778200007], [127.24669000200004, 37.53324225400007], [127.23837060500011, 37.539239542000075], [127.23005120800008, 37.55363106500005], [127.21416872300006, 37.56622136800007], [127.20358039900009, 37.57880954400008], [127.1960173110001, 37.58000830700007], [127.18467267900007, 37.57880954400008], [127.1818386860001, 37.578248046000056], [127.18495705100008, 37.55485581500005], [127.18340813100008, 37.536434471000064], [127.16637000600008, 37.531521343000065], [127.15914171000009, 37.52456052600007], [127.15604386900009, 37.51718954000006], [127.15517542200007, 37.508578718000024], [127.15501125500009, 37.506950852000045], [127.15036449400009, 37.50367417500007], [127.14881557400008, 37.49834926900007], [127.16430477800009, 37.485649883000065], [127.15075271400008, 37.47041880900008], [127.15205686100012, 37.470729326000026], [127.17907308400004, 37.46593867400003], [127.17923670900007, 37.46697763700007], [127.19341750000001, 37.472605101000056], [127.21232522000003, 37.472605101000056], [127.23123294100003, 37.46697763700007], [127.24659546400005, 37.46885350500003], [127.2548675910001, 37.47354297000004], [127.25841278900009, 37.48479648500006], [127.26550318400007, 37.495110718000035], [127.28148020800006, 37.49844847400004], [127.2858534610001, 37.49875017800008]]]}}, {"type": "Feature", "properties": {"shapeName": "Guri-si", "shapeISO": "", "shapeID": "91817680B5684950588758", "shapeGroup": "KOR", "shapeType": "ADM2"}, "geometry": {"type": "Polygon", "coordinates": [[[127.11887381200006, 37.63333371300007], [127.12248392600009, 37.618681224000056], [127.11422301700009, 37.612546544000054], [127.11319040300009, 37.60641135800006], [127.11732085800008, 37.60150284400004], [127.11835347100009, 37.583502191000036], [127.11577193700009, 37.580228877000025], [127.1090599480001, 37.57777379700008], [127.1038968800001, 37.57163574300006], [127.1038968800001, 37.56672493600007], [127.1038968800001, 37.564678671000024], [127.10234796000009, 37.55526512700004], [127.1090599480001, 37.54625975400006], [127.11155942900007, 37.546557015000076], [127.11938608500009, 37.54748782400003], [127.13797313000009, 37.56140452900007], [127.15604386900009, 37.564678671000024], [127.18074531371181, 37.57803141019522], [127.1755969730001, 37.577011363000054], [127.16576495800007, 37.581806415000074], [127.16198341400002, 37.59079630400004], [127.1521514000001, 37.596788960000026], [127.14534462000006, 37.605177869000045], [127.14458831200011, 37.614164935000076], [127.1506387820001, 37.62255188300003], [127.14988247300005, 37.63153685000003], [127.14307569400012, 37.63513053200006], [127.11887381200006, 37.63333371300007]]]}}, {"type": "Feature", "properties": {"shapeName": "Gangdong-gu", "shapeISO": "", "shapeID": "91817680B8309013283439", "shapeGroup": "KOR", "shapeType": "ADM2"}, "geometry": {"type": "Polygon", "coordinates": [[[127.18074531371181, 37.57803141019522], [127.15604386900009, 37.564678671000024], [127.13797313000009, 37.56140452900007], [127.11938608500009, 37.54748782400003], [127.11155942900007, 37.546557015000076], [127.1121577890001, 37.536434471000064], [127.10957625500009, 37.52660789200007], [127.1235165390001, 37.52415104600004], [127.12145131200009, 37.51800857400008], [127.15517542200007, 37.508578718000024], [127.15604386900009, 37.51718954000006], [127.15914171000009, 37.52456052600007], [127.16637000600008, 37.531521343000065], [127.18340813100008, 37.536434471000064], [127.18495705100008, 37.55485581500005], [127.1818386860001, 37.578248046000056], [127.18074531371181, 37.57803141019522]]]}}, {"type": "Feature", "properties": {"shapeName": "Songpa-gu", "shapeISO": "", "shapeID": "91817680B10131618900015", "shapeGroup": "KOR", "shapeType": "ADM2"}, "geometry": {"type": "Polygon", "coordinates": [[[127.15517542200007, 37.508578718000024], [127.12145131200009, 37.51800857400008], [127.1235165390001, 37.52415104600004], [127.10957625500009, 37.52660789200007], [127.09408705100009, 37.51186559800004], [127.0858261410001, 37.50776999900006], [127.07601631200009, 37.50940826500005], [127.07085324400009, 37.51268469000007], [127.07033693700009, 37.49834926900007], [127.07395108500009, 37.49261432900005], [127.0858261410001, 37.485240189000024], [127.0946033570001, 37.48483049300006], [127.10699472100009, 37.48646926300006], [127.11680455100009, 37.46967016800005], [127.1341291970001, 37.46098705600008], [127.14023953600008, 37.46791557700004], [127.15075271400008, 37.47041880900008], [127.16430477800009, 37.485649883000065], [127.14881557400008, 37.49834926900007], [127.15036449400009, 37.50367417500007], [127.15501125500009, 37.506950852000045], [127.15517542200007, 37.508578718000024]]]}}, {"type": "Feature", "properties": {"shapeName": "Seocho-gu", "shapeISO": "", "shapeID": "91817680B5725333816693", "shapeGroup": "KOR", "shapeType": "ADM2"}, "geometry": {"type": "Polygon", "coordinates": [[[127.10170248600002, 37.44831783600006], [127.08272830100009, 37.46516245200007], [127.07704892600009, 37.465982057000076], [127.07085324400009, 37.46434283800005], [127.0574292660001, 37.45819544600005], [127.0502009710001, 37.45983480000007], [127.0440052890001, 37.465982057000076], [127.0414237550001, 37.47540686900004], [127.0295486980001, 37.47663610500007], [127.0238693230001, 37.49138535700007], [127.0233530160001, 37.49712039000008], [127.02129444600007, 37.51140984500006], [127.0212877890001, 37.51145604800007], [127.0016681300001, 37.50490294600007], [126.9913419930001, 37.50490294600007], [126.99128532500004, 37.50449835300003], [126.99082568600011, 37.50121657300008], [126.99082568600011, 37.49671076000004], [126.9939235270001, 37.49261432900005], [126.9913419930001, 37.49261432900005], [126.9882441520001, 37.485649883000065], [126.9882441520001, 37.46926038700008], [126.9903093800001, 37.46229376300005], [126.99020026771399, 37.46113897438253], [126.9887604590001, 37.445899147000034], [126.98932627937539, 37.44642322748762], [126.9918583000001, 37.44876846400007], [126.9980539820001, 37.44425948700007], [127.0114779590001, 37.44220986300007], [127.0243856300001, 37.45040802400007], [127.0372933000001, 37.43852039700005], [127.0393585280001, 37.43196089700007], [127.05379663700012, 37.41496653400003], [127.05988172400009, 37.41818854200005], [127.07878944400011, 37.42663508500004], [127.09297023500005, 37.43789566000004], [127.10124236200011, 37.448216365000064], [127.10170248600002, 37.44831783600006]]]}}, {"type": "Feature", "properties": {"shapeName": "Gangnam-gu", "shapeISO": "", "shapeID": "91817680B53321453404308", "shapeGroup": "KOR", "shapeType": "ADM2"}, "geometry": {"type": "Polygon", "coordinates": [[[127.1341291970001, 37.46098705600008], [127.11680455100009, 37.46967016800005], [127.10699472100009, 37.48646926300006], [127.0946033570001, 37.48483049300006], [127.0858261410001, 37.485240189000024], [127.07395108500009, 37.49261432900005], [127.07033693700009, 37.49834926900007], [127.07085324400009, 37.51268469000007], [127.0646575620001, 37.518827600000066], [127.061353198, 37.520138022000026], [127.0532988120001, 37.523332079000056], [127.0326465390001, 37.52701735900007], [127.03021408400002, 37.52367335400004], [127.02129444600007, 37.51140984500006], [127.0233530160001, 37.49712039000008], [127.0238693230001, 37.49138535700007], [127.0295486980001, 37.47663610500007], [127.0414237550001, 37.47540686900004], [127.0440052890001, 37.465982057000076], [127.0502009710001, 37.45983480000007], [127.0574292660001, 37.45819544600005], [127.07085324400009, 37.46434283800005], [127.07704892600009, 37.465982057000076], [127.08272830100009, 37.46516245200007], [127.10170248600002, 37.44831783600006], [127.12251354800003, 37.452907124000035], [127.13196740800004, 37.458535647000076], [127.1341291970001, 37.46098705600008]]]}}, {"type": "Feature", "properties": {"shapeName": "Nowon-gu", "shapeISO": "", "shapeID": "91817680B6950995223857", "shapeGroup": "KOR", "shapeType": "ADM2"}, "geometry": {"type": "Polygon", "coordinates": [[[127.05515479400003, 37.68145848800003], [127.0558803460001, 37.64812064400007], [127.05381511900009, 37.62604217300003], [127.04813574400009, 37.630540171000064], [127.0455542090001, 37.61827226100007], [127.04991856532043, 37.61516089860683], [127.05071727800009, 37.614591494000024], [127.0672390960001, 37.60395714200007], [127.07161251887239, 37.60482334299749], [127.07343477800009, 37.605184260000044], [127.0775652320001, 37.60763843600006], [127.0863424480001, 37.609274508000055], [127.10131534600009, 37.60641135800006], [127.11319040300009, 37.60641135800006], [127.11422301700009, 37.612546544000054], [127.12248392600009, 37.618681224000056], [127.11887381200006, 37.63333371300007], [127.10979810600008, 37.63513053200006], [127.1052602530001, 37.64111961700007], [127.09920978200012, 37.66626849900007], [127.09136307800009, 37.68789271800006], [127.07760771200003, 37.68426418000007], [127.06815385100003, 37.68145848800003], [127.05515479400003, 37.68145848800003]]]}}, {"type": "Feature", "properties": {"shapeName": "Dobong-gu", "shapeISO": "", "shapeID": "91817680B55050579859044", "shapeGroup": "KOR", "shapeType": "ADM2"}, "geometry": {"type": "Polygon", "coordinates": [[[127.01024003600003, 37.68116919200003], [127.0192225620001, 37.66610565800005], [127.0238693230001, 37.657931192000035], [127.0223204020001, 37.64076188200005], [127.0202551750001, 37.637082228000054], [127.0233530160001, 37.63381127200006], [127.0316139250001, 37.63258462600004], [127.0372933000001, 37.628495660000056], [127.0455542090001, 37.61827226100007], [127.04813574400009, 37.630540171000064], [127.05381511900009, 37.62604217300003], [127.0558803460001, 37.64812064400007], [127.05515479400003, 37.68145848800003], [127.03979227100001, 37.68519938800006], [127.01781204600002, 37.69062335600006], [127.01733935300001, 37.68987524600004], [127.01379415500003, 37.68519938800006], [127.01024003600003, 37.68116919200003]]]}}, {"type": "Feature", "properties": {"shapeName": "Gangbuk-gu", "shapeISO": "", "shapeID": "91817680B92844029998138", "shapeGroup": "KOR", "shapeType": "ADM2"}, "geometry": {"type": "Polygon", "coordinates": [[[126.99134123700003, 37.62906609200007], [127.0042496640001, 37.61949914400003], [127.0145758000001, 37.60559329500006], [127.0192225620001, 37.60191190000006], [127.0264508570001, 37.601093787000025], [127.0419400620001, 37.60477522300005], [127.04991856532043, 37.61516089860683], [127.0455542090001, 37.61827226100007], [127.0372933000001, 37.628495660000056], [127.0316139250001, 37.63258462600004], [127.0233530160001, 37.63381127200006], [127.0202551750001, 37.637082228000054], [127.0223204020001, 37.64076188200005], [127.0238693230001, 37.657931192000035], [127.0192225620001, 37.66610565800005], [127.01024003600003, 37.68116919200003], [126.99795893900011, 37.66724135100003], [126.99961336500007, 37.66462210700007], [126.99015950400008, 37.65900913100006], [126.99134123700003, 37.62906609200007]]]}}, {"type": "Feature", "properties": {"shapeName": "Jungnang-gu", "shapeISO": "", "shapeID": "91817680B66829558888986", "shapeGroup": "KOR", "shapeType": "ADM2"}, "geometry": {"type": "Polygon", "coordinates": [[[127.11319040300009, 37.60641135800006], [127.10131534600009, 37.60641135800006], [127.0863424480001, 37.609274508000055], [127.0775652320001, 37.60763843600006], [127.07343477800009, 37.605184260000044], [127.07161251887239, 37.60482334299749], [127.07108339100012, 37.59652281500007], [127.07085324400009, 37.592912166000076], [127.0718858570001, 37.57654622700005], [127.07704892600009, 37.57286339500007], [127.08206013849254, 37.57048028765177], [127.08221199400009, 37.57040807200008], [127.08737506200009, 37.56795266800003], [127.1038968800001, 37.56672493600007], [127.1038968800001, 37.57163574300006], [127.1090599480001, 37.57777379700008], [127.11577193700009, 37.580228877000025], [127.11835347100009, 37.583502191000036], [127.11732085800008, 37.60150284400004], [127.11319040300009, 37.60641135800006]]]}}, {"type": "Feature", "properties": {"shapeName": "Eunpyeong-gu", "shapeISO": "", "shapeID": "91817680B53616587081026", "shapeGroup": "KOR", "shapeType": "ADM2"}, "geometry": {"type": "Polygon", "coordinates": [[[126.8887638430001, 37.58061406400003], [126.90253722000011, 37.56958961300006], [126.91286335600012, 37.57654622700005], [126.91495214999468, 37.576104768438526], [126.92060795900011, 37.57490943500005], [126.92473841300011, 37.57490943500005], [126.92835256100011, 37.57695541900006], [126.93712977700011, 37.586775361000036], [126.9490048340001, 37.59618492300007], [126.95442605500011, 37.600480197000024], [126.9552005160001, 37.601093787000025], [126.9582983570001, 37.612546544000054], [126.9660429590001, 37.61990810000003], [126.98148338500005, 37.62427222000008], [126.98188737700002, 37.62438640200003], [126.96888831900003, 37.63561716300006], [126.9606161910001, 37.647781906000034], [126.953525796, 37.646846227000026], [126.94289020300005, 37.63842458800008], [126.92043728500005, 37.63842458800008], [126.90980169200009, 37.63561716300006], [126.90861996000001, 37.61221782900003], [126.90980169200009, 37.59911098500004], [126.90507476200003, 37.58787470900006], [126.8932574370001, 37.585065375000056], [126.8887638430001, 37.58061406400003]]]}}, {"type": "Feature", "properties": {"shapeName": "Jongno-gu", "shapeISO": "", "shapeID": "91817680B55576639555152", "shapeGroup": "KOR", "shapeType": "ADM2"}, "geometry": {"type": "Polygon", "coordinates": [[[126.95442605500011, 37.600480197000024], [126.96501034500011, 37.58554793900004], [126.9665592660001, 37.57450023100006], [126.96501034500011, 37.569998844000054], [126.9613961980001, 37.56877114500003], [126.97120602700011, 37.556083743000045], [126.9717223340001, 37.55614221500008], [126.9784343230001, 37.55690235000003], [126.9996029020001, 37.55853953800005], [127.0119942660001, 37.556083743000045], [127.0197388680001, 37.55813024400004], [127.0207714820001, 37.56181380500004], [127.01985576800007, 37.564354352000066], [127.0197388680001, 37.564678671000024], [127.0109616520001, 37.56672493600007], [127.0068311980001, 37.57490943500005], [126.9928909140001, 37.580228877000025], [126.9825647770001, 37.57941052600006], [126.9810158570001, 37.58391134500005], [126.9882441520001, 37.58800276200003], [126.9903093800001, 37.59168484600008], [126.9872115390001, 37.60763843600006], [126.98148338500005, 37.62427222000008], [126.9660429590001, 37.61990810000003], [126.9582983570001, 37.612546544000054], [126.9552005160001, 37.601093787000025], [126.95442605500011, 37.600480197000024]]]}}, {"type": "Feature", "properties": {"shapeName": "Seongbuk-gu", "shapeISO": "", "shapeID": "91817680B19736947579274", "shapeGroup": "KOR", "shapeType": "ADM2"}, "geometry": {"type": "Polygon", "coordinates": [[[126.98188737700002, 37.62438640200003], [126.98148338500005, 37.62427222000008], [126.9872115390001, 37.60763843600006], [126.9903093800001, 37.59168484600008], [126.9882441520001, 37.58800276200003], [126.9810158570001, 37.58391134500005], [126.9825647770001, 37.57941052600006], [126.9928909140001, 37.580228877000025], [127.0068311980001, 37.57490943500005], [127.0109616520001, 37.56672493600007], [127.0197388680001, 37.564678671000024], [127.01985576800007, 37.564354352000066], [127.0429726750001, 37.58554793900004], [127.0502009710001, 37.58759363100006], [127.0558803460001, 37.59250306200005], [127.07108339100012, 37.59652281500007], [127.07161251887239, 37.60482334299749], [127.0672390960001, 37.60395714200007], [127.05071727800009, 37.614591494000024], [127.04991856532043, 37.61516089860683], [127.0419400620001, 37.60477522300005], [127.0264508570001, 37.601093787000025], [127.0192225620001, 37.60191190000006], [127.0145758000001, 37.60559329500006], [127.0042496640001, 37.61949914400003], [126.99134123700003, 37.62906609200007], [126.98188737700002, 37.62438640200003]]]}}, {"type": "Feature", "properties": {"shapeName": "Dongdaemun-gu", "shapeISO": "", "shapeID": "91817680B25965069984368", "shapeGroup": "KOR", "shapeType": "ADM2"}, "geometry": {"type": "Polygon", "coordinates": [[[127.07108339100012, 37.59652281500007], [127.0558803460001, 37.59250306200005], [127.0502009710001, 37.58759363100006], [127.0429726750001, 37.58554793900004], [127.01985576800007, 37.564354352000066], [127.0207714820001, 37.56181380500004], [127.0197388680001, 37.55813024400004], [127.02493248700011, 37.55982552800003], [127.0372933000001, 37.56386014900005], [127.0414237550001, 37.564678671000024], [127.0460705160001, 37.56304161800006], [127.0548477320001, 37.55035324000005], [127.0656901750001, 37.54625975400006], [127.07085324400009, 37.54625975400006], [127.07240216231449, 37.54707846384481], [127.07395108500009, 37.54789717600005], [127.0755000050001, 37.55280922400004], [127.0775652320001, 37.55853953800005], [127.08206013849254, 37.57048028765177], [127.07704892600009, 37.57286339500007], [127.0718858570001, 37.57654622700005], [127.07085324400009, 37.592912166000076], [127.07108339100012, 37.59652281500007]]]}}, {"type": "Feature", "properties": {"shapeName": "Gwangjin-gu", "shapeISO": "", "shapeID": "91817680B49246193334347", "shapeGroup": "KOR", "shapeType": "ADM2"}, "geometry": {"type": "Polygon", "coordinates": [[[127.1038968800001, 37.56672493600007], [127.08737506200009, 37.56795266800003], [127.08221199400009, 37.57040807200008], [127.08206013849254, 37.57048028765177], [127.0775652320001, 37.55853953800005], [127.0755000050001, 37.55280922400004], [127.07395108500009, 37.54789717600005], [127.07240216231449, 37.54707846384481], [127.0687880160001, 37.53602505600003], [127.061353198, 37.520138022000026], [127.0646575620001, 37.518827600000066], [127.07085324400009, 37.51268469000007], [127.07601631200009, 37.50940826500005], [127.0858261410001, 37.50776999900006], [127.09408705100009, 37.51186559800004], [127.10957625500009, 37.52660789200007], [127.1121577890001, 37.536434471000064], [127.11155942900007, 37.546557015000076], [127.1090599480001, 37.54625975400006], [127.10234796000009, 37.55526512700004], [127.1038968800001, 37.564678671000024], [127.1038968800001, 37.56672493600007]]]}}, {"type": "Feature", "properties": {"shapeName": "Seongdong-gu", "shapeISO": "", "shapeID": "91817680B63185877293812", "shapeGroup": "KOR", "shapeType": "ADM2"}, "geometry": {"type": "Polygon", "coordinates": [[[127.061353198, 37.520138022000026], [127.0687880160001, 37.53602505600003], [127.07240216231449, 37.54707846384481], [127.07085324400009, 37.54625975400006], [127.0656901750001, 37.54625975400006], [127.0548477320001, 37.55035324000005], [127.0460705160001, 37.56304161800006], [127.0414237550001, 37.564678671000024], [127.0372933000001, 37.56386014900005], [127.02493248700011, 37.55982552800003], [127.0254182430001, 37.54789717600005], [127.0156084140001, 37.53234022000004], [127.01693208875407, 37.531554763959996], [127.03021408400002, 37.52367335400004], [127.0326465390001, 37.52701735900007], [127.0532988120001, 37.523332079000056], [127.061353198, 37.520138022000026]]]}}, {"type": "Feature", "properties": {"shapeName": "Jung-gu [Central District]", "shapeISO": "", "shapeID": "91817680B29418542168397", "shapeGroup": "KOR", "shapeType": "ADM2"}, "geometry": {"type": "Polygon", "coordinates": [[[126.9717223340001, 37.55614221500008], [126.97688540200011, 37.55035324000005], [126.9727549480001, 37.54298480400007], [126.9743038680001, 37.53970970900008], [126.9954724480001, 37.540528496000036], [127.0037333570001, 37.537662702000034], [127.01693208875407, 37.531554763959996], [127.0156084140001, 37.53234022000004], [127.0254182430001, 37.54789717600005], [127.02493248700011, 37.55982552800003], [127.0197388680001, 37.55813024400004], [127.0119942660001, 37.556083743000045], [126.9996029020001, 37.55853953800005], [126.9784343230001, 37.55690235000003], [126.9717223340001, 37.55614221500008]]]}}, {"type": "Feature", "properties": {"shapeName": "Yongsan-gu", "shapeISO": "", "shapeID": "91817680B50347392057391", "shapeGroup": "KOR", "shapeType": "ADM2"}, "geometry": {"type": "Polygon", "coordinates": [[[127.02129444600007, 37.51140984500006], [127.03021408400002, 37.52367335400004], [127.01693208875407, 37.531554763959996], [127.0037333570001, 37.537662702000034], [126.9954724480001, 37.540528496000036], [126.9743038680001, 37.53970970900008], [126.9613961980001, 37.52906465800004], [126.95365159500011, 37.52537947900004], [126.9508119080001, 37.52312733600007], [126.95055375400011, 37.52292259200004], [126.9490048340001, 37.50940826500005], [126.96242881100011, 37.50736042700004], [126.9804995500001, 37.50776999900006], [126.99128532500004, 37.50449835300003], [126.9913419930001, 37.50490294600007], [127.0016681300001, 37.50490294600007], [127.0212877890001, 37.51145604800007], [127.02129444600007, 37.51140984500006]]]}}, {"type": "Feature", "properties": {"shapeName": "Dongjak-gu", "shapeISO": "", "shapeID": "91817680B72690271662871", "shapeGroup": "KOR", "shapeType": "ADM2"}, "geometry": {"type": "Polygon", "coordinates": [[[126.99128532500004, 37.50449835300003], [126.9804995500001, 37.50776999900006], [126.96242881100011, 37.50736042700004], [126.9490048340001, 37.50940826500005], [126.93093409500011, 37.50449335800005], [126.93093409500011, 37.495891492000055], [126.92215687900011, 37.49220467400005], [126.92267318600011, 37.48892735000004], [126.91079812900011, 37.483191687000044], [126.92628733400011, 37.48483049300006], [126.94590699300011, 37.485240189000024], [126.94604241589285, 37.485179741577646], [126.9464233000001, 37.485240189000024], [126.9546842090001, 37.481552846000056], [126.96552665200011, 37.481552846000056], [126.9660429590001, 37.481552846000056], [126.9660429590001, 37.47048972400006], [126.9691408000001, 37.465982057000076], [126.9784343230001, 37.462703583000064], [126.99020026771399, 37.46113897438253], [126.9903093800001, 37.46229376300005], [126.9882441520001, 37.46926038700008], [126.9882441520001, 37.485649883000065], [126.9913419930001, 37.49261432900005], [126.9939235270001, 37.49261432900005], [126.99082568600011, 37.49671076000004], [126.99082568600011, 37.50121657300008], [126.99128532500004, 37.50449835300003]]]}}, {"type": "Feature", "properties": {"shapeName": "Seodaemun-gu", "shapeISO": "", "shapeID": "91817680B65126245655882", "shapeGroup": "KOR", "shapeType": "ADM2"}, "geometry": {"type": "Polygon", "coordinates": [[[126.91495214999468, 37.576104768438526], [126.91492858400011, 37.56058597200007], [126.93299932200011, 37.55485581500005], [126.9324830160001, 37.54912521800003], [126.9412602320001, 37.54707846900004], [126.9608798910001, 37.54748782400003], [126.97688540200011, 37.55035324000005], [126.9717223340001, 37.55614221500008], [126.97120602700011, 37.556083743000045], [126.9613961980001, 37.56877114500003], [126.96501034500011, 37.569998844000054], [126.9665592660001, 37.57450023100006], [126.96501034500011, 37.58554793900004], [126.95442605500011, 37.600480197000024], [126.9490048340001, 37.59618492300007], [126.93712977700011, 37.586775361000036], [126.92835256100011, 37.57695541900006], [126.92473841300011, 37.57490943500005], [126.92060795900011, 37.57490943500005], [126.91495214999468, 37.576104768438526]]]}}, {"type": "Feature", "properties": {"shapeName": "Mapo-gu", "shapeISO": "", "shapeID": "91817680B14643286354390", "shapeGroup": "KOR", "shapeType": "ADM2"}, "geometry": {"type": "Polygon", "coordinates": [[[126.85898719300008, 37.56539706800004], [126.88756432200012, 37.544622297000046], [126.89892307200012, 37.54011910400004], [126.90242975043412, 37.53880197382773], [126.90873290200011, 37.536434471000064], [126.91751011800011, 37.53397794700004], [126.9268036410001, 37.52906465800004], [126.9508119080001, 37.52312733600007], [126.95365159500011, 37.52537947900004], [126.9613961980001, 37.52906465800004], [126.9743038680001, 37.53970970900008], [126.9727549480001, 37.54298480400007], [126.97688540200011, 37.55035324000005], [126.9608798910001, 37.54748782400003], [126.9412602320001, 37.54707846900004], [126.9324830160001, 37.54912521800003], [126.93299932200011, 37.55485581500005], [126.91492858400011, 37.56058597200007], [126.91495214999468, 37.576104768438526], [126.91286335600012, 37.57654622700005], [126.90253722000011, 37.56958961300006], [126.8887638430001, 37.58061406400003], [126.8838035770001, 37.57570016300008], [126.87198625100007, 37.56820714400004], [126.85898719300008, 37.56539706800004]]]}}, {"type": "Feature", "properties": {"shapeName": "Yeongdeungpo-gu", "shapeISO": "", "shapeID": "91817680B5490200958143", "shapeGroup": "KOR", "shapeType": "ADM2"}, "geometry": {"type": "Polygon", "coordinates": [[[126.9508119080001, 37.52312733600007], [126.9268036410001, 37.52906465800004], [126.91751011800011, 37.53397794700004], [126.90873290200011, 37.536434471000064], [126.90242975043412, 37.53880197382773], [126.90150460600012, 37.53356851900003], [126.89272739000012, 37.52906465800004], [126.89582523100012, 37.52415104600004], [126.88756432200012, 37.516780019000066], [126.88704801500012, 37.50613169600007], [126.8878446600766, 37.50555716290001], [126.89272739000012, 37.50203578300005], [126.90202091300011, 37.49261432900005], [126.90460244700012, 37.48442079500006], [126.91079812900011, 37.483191687000044], [126.92267318600011, 37.48892735000004], [126.92215687900011, 37.49220467400005], [126.93093409500011, 37.495891492000055], [126.93093409500011, 37.50449335800005], [126.9490048340001, 37.50940826500005], [126.95055375400011, 37.52292259200004], [126.9508119080001, 37.52312733600007]]]}}, {"type": "Feature", "properties": {"shapeName": "Gwanak-gu", "shapeISO": "", "shapeID": "91817680B99536699865294", "shapeGroup": "KOR", "shapeType": "ADM2"}, "geometry": {"type": "Polygon", "coordinates": [[[126.96458187226388, 37.42699734530281], [126.96475706400008, 37.42674692200006], [126.97688540200011, 37.43565068600003], [126.9841136980001, 37.43852039700005], [126.9892767660001, 37.445899147000034], [126.98932627937539, 37.44642322748762], [126.9887604590001, 37.445899147000034], [126.99020026771399, 37.46113897438253], [126.9784343230001, 37.462703583000064], [126.9691408000001, 37.465982057000076], [126.9660429590001, 37.47048972400006], [126.9660429590001, 37.481552846000056], [126.96552665200011, 37.481552846000056], [126.9546842090001, 37.481552846000056], [126.9464233000001, 37.485240189000024], [126.94604241589285, 37.485179741577646], [126.9412602320001, 37.48442079500006], [126.9268036410001, 37.48483049300006], [126.91131443600011, 37.483191687000044], [126.90253722000011, 37.47827505400005], [126.91389597000011, 37.47909451600003], [126.91699381100011, 37.477865320000035], [126.91699381100011, 37.47540686900004], [126.91183074300011, 37.47376785700004], [126.91234705000011, 37.463523215000066], [126.91492858400011, 37.46188394200004], [126.92060795900011, 37.45040802400007], [126.9268036410001, 37.44343964400008], [126.93050151400007, 37.43238196300007], [126.93971131100011, 37.427450908000026], [126.94619956800011, 37.42705456200008], [126.9464233000001, 37.42704089500006], [126.9639777320001, 37.42786091800008], [126.96458187226388, 37.42699734530281]]]}}, {"type": "Feature", "properties": {"shapeName": "Guro-gu", "shapeISO": "", "shapeID": "91817680B1968034056748", "shapeGroup": "KOR", "shapeType": "ADM2"}, "geometry": {"type": "Polygon", "coordinates": [[[126.87684977100002, 37.48162426400006], [126.883950174, 37.481552846000056], [126.89324369700012, 37.47663610500007], [126.90253722000011, 37.47827505400005], [126.91131443600011, 37.483191687000044], [126.92628733400011, 37.48483049300006], [126.91079812900011, 37.483191687000044], [126.90460244700012, 37.48442079500006], [126.90202091300011, 37.49261432900005], [126.89272739000012, 37.50203578300005], [126.8878446600766, 37.50555716290001], [126.878270799, 37.49793964500003], [126.87310773100012, 37.49548185400005], [126.86742835600012, 37.495891492000055], [126.85658591300012, 37.49916851000006], [126.849873924, 37.49671076000004], [126.844194549, 37.49916851000006], [126.83438472000012, 37.49302398300006], [126.82405858300001, 37.49753001900007], [126.813732447, 37.490566030000025], [126.813732447, 37.48810799700004], [126.82302597000012, 37.48646926300006], [126.82457489, 37.47417761300005], [126.82818903800012, 37.46967016800005], [126.835417333, 37.46803103000008], [126.841613015, 37.46475264600008], [126.84884131100011, 37.46516245200007], [126.86020006100011, 37.47048972400006], [126.86484682200012, 37.48032369100008], [126.86846097000011, 37.483191687000044], [126.87672187900012, 37.48196255900007], [126.87684977100002, 37.48162426400006]]]}}, {"type": "Feature", "properties": {"shapeName": "Yangcheon-gu", "shapeISO": "", "shapeID": "91817680B8017156108400", "shapeGroup": "KOR", "shapeType": "ADM2"}, "geometry": {"type": "Polygon", "coordinates": [[[126.8878446600766, 37.50555716290001], [126.88704801500012, 37.50613169600007], [126.88756432200012, 37.516780019000066], [126.89582523100012, 37.52415104600004], [126.89272739000012, 37.52906465800004], [126.90150460600012, 37.53356851900003], [126.90242975043412, 37.53880197382773], [126.89892307200012, 37.54011910400004], [126.88756432200012, 37.544622297000046], [126.86742835600012, 37.54380355500007], [126.86639574300011, 37.51759905800003], [126.84212932200012, 37.518827600000066], [126.83799886700001, 37.53479679800006], [126.8319026580001, 37.526754399000026], [126.833352106, 37.52292259200004], [126.82922165100001, 37.519646616000045], [126.82612381100012, 37.51350377400007], [126.82405858300001, 37.49753001900007], [126.83438472000012, 37.49302398300006], [126.844194549, 37.49916851000006], [126.849873924, 37.49671076000004], [126.85658591300012, 37.49916851000006], [126.86742835600012, 37.495891492000055], [126.87310773100012, 37.49548185400005], [126.878270799, 37.49793964500003], [126.8878446600766, 37.50555716290001]]]}}, {"type": "Feature", "properties": {"shapeName": "Geumcheon-gu", "shapeISO": "", "shapeID": "91817680B69479464976516", "shapeGroup": "KOR", "shapeType": "ADM2"}, "geometry": {"type": "Polygon", "coordinates": [[[126.91455204100009, 37.42167788100005], [126.91699381100011, 37.42827092600004], [126.92215687900011, 37.43196089700007], [126.92783625400011, 37.43360082600003], [126.93919500400011, 37.427450908000026], [126.94619956800011, 37.42705456200008], [126.93971131100011, 37.427450908000026], [126.93050151400007, 37.43238196300007], [126.9268036410001, 37.44343964400008], [126.92060795900011, 37.45040802400007], [126.91492858400011, 37.46188394200004], [126.91234705000011, 37.463523215000066], [126.91183074300011, 37.47376785700004], [126.91699381100011, 37.47540686900004], [126.91699381100011, 37.477865320000035], [126.91389597000011, 37.47909451600003], [126.90253722000011, 37.47827505400005], [126.89324369700012, 37.47663610500007], [126.883950174, 37.481552846000056], [126.87684977100002, 37.48162426400006], [126.878270799, 37.477865320000035], [126.88085233400011, 37.46434283800005], [126.88601540200011, 37.45860528800006], [126.88859693600011, 37.45040802400007], [126.91455204100009, 37.42167788100005]]]}}, {"type": "Feature", "properties": {"shapeName": "Gunsan-si", "shapeISO": "", "shapeID": "91817680B51344731064077", "shapeGroup": "KOR", "shapeType": "ADM2"}, "geometry": {"type": "MultiPolygon", "coordinates": [[[[126.46240690800005, 35.71850382900004], [126.46861720800007, 35.71962429100006], [126.47068730800004, 35.727467079000064], [126.47689760800006, 35.73082803800003], [126.47827767400008, 35.743710399000065], [126.45274644100004, 35.745950597000046], [126.45067634100008, 35.739229814000055], [126.45067634100008, 35.722985580000056], [126.45274644100004, 35.71738335200007], [126.46240690800005, 35.71850382900004]]], [[[126.33224564600005, 35.76094844100004], [126.3232012420001, 35.76370059100003], [126.31500475000007, 35.768745952000074], [126.31670057600002, 35.75704939900004], [126.3305498200001, 35.74626870000003], [126.33563729800005, 35.74580991400006], [126.34044213800007, 35.742598341000075], [126.34581225400007, 35.743745346000026], [126.34213796400002, 35.75590258500006], [126.34439906500006, 35.75727876000008], [126.34722544200008, 35.75590258500006], [126.3520302820001, 35.74282774300008], [126.35429138300003, 35.74236893800003], [126.3554219340001, 35.759801684000024], [126.33224564600005, 35.76094844100004]]], [[[126.41852078900001, 35.82608576000007], [126.40571377000003, 35.82322118500008], [126.3911402660001, 35.81784982800008], [126.37259217100006, 35.81713361900006], [126.37170892800009, 35.80137540000004], [126.37921649100008, 35.799942679000026], [126.39378999400003, 35.803166264000026], [126.41101322600002, 35.791704036000056], [126.42558673000008, 35.78812175000007], [126.44325158300012, 35.79313690500004], [126.46886562000009, 35.802808094000056], [126.48962182200012, 35.80388259800003], [126.48697209400007, 35.812119979000045], [126.47195696900008, 35.814268721000076], [126.45959157200002, 35.82572769300003], [126.44236834000003, 35.814268721000076], [126.43000294300009, 35.81068745300007], [126.41852078900001, 35.82608576000007]]], [[[126.50640343300006, 35.833962808000024], [126.50640343300006, 35.84112308300007], [126.47637318200009, 35.84613489100008], [126.47460669700001, 35.83790103900003], [126.48388074500008, 35.83754302600005], [126.49315479300003, 35.827876067000034], [126.50596181100002, 35.82715994900008], [126.50640343300006, 35.833962808000024]]], [[[126.42867807900006, 35.85687341200003], [126.36552623000011, 35.85150433300004], [126.34918624000011, 35.85472582400007], [126.32136409700001, 35.85436788700008], [126.32578031000003, 35.844344996000075], [126.35801866700001, 35.84398701200007], [126.36508460800007, 35.84004908300005], [126.37347541300005, 35.83861706000005], [126.3880489170001, 35.83933307500007], [126.39776458600011, 35.85007251700006], [126.40836349800009, 35.85043047400006], [126.41542943900004, 35.84470297800004], [126.43044456400003, 35.840765084000054], [126.44236834000003, 35.84255506000005], [126.42867807900006, 35.85687341200003]]], [[[126.54728100700004, 36.02547832400006], [126.56177170600006, 36.027152511000054], [126.55901157300002, 36.037754869000025], [126.55418134000001, 36.03998676300006], [126.54935110600002, 36.033848903000035], [126.5251999400001, 36.03273287700006], [126.5251999400001, 36.02659445300003], [126.54728100700004, 36.02547832400006]]], [[[126.86852274196191, 36.065992292257846], [126.85567834200003, 36.05433362500003], [126.84660263700005, 36.04638444100004], [126.83374538700002, 36.045772932000034], [126.82240075400011, 36.04149223600007], [126.81937551900012, 36.03231853300008], [126.80878719600003, 36.02497880100003], [126.79290471000002, 36.025590471000044], [126.77475329900005, 36.02375544600005], [126.76794651900002, 36.01947355300007], [126.7581145050001, 36.01702665300007], [126.74979510800006, 36.00907370300007], [126.74374463700008, 35.999896224000054], [126.7316436960001, 35.992553473000044], [126.69231563700009, 35.99683682700004], [126.67416422600002, 35.977253878000056], [126.66206328500004, 35.97174529700004], [126.5531548140001, 35.968684809000024], [126.54029756500006, 35.964399926000056], [126.53046555000003, 35.95827826100003], [126.52895293200004, 35.92888766300007], [126.53500340300002, 35.92398816800005], [126.54332280000006, 35.931949694000025], [126.55693635900002, 35.933174473000065], [126.59777703500004, 35.94174739500005], [126.61441582900011, 35.94174739500005], [126.61668475500005, 35.933174473000065], [126.6189536820001, 35.90193668200004], [126.61819737300004, 35.88723227700007], [126.62878569600002, 35.87926625000006], [126.66055066700005, 35.878653446000044], [126.68172731400011, 35.889070477000075], [126.69534087300008, 35.89029592000003], [126.71954275500002, 35.881717421000076], [126.7535766520001, 35.878653446000044], [126.76794651900002, 35.881717421000076], [126.7815600780001, 35.88784501500004], [126.78761054900008, 35.89581017800003], [126.79971149000005, 35.89948613700005], [126.8254259900001, 35.900098780000064], [126.83236510100427, 35.902703880681685], [126.85086064200004, 35.90964752900004], [126.85529427900008, 35.918026068000074], [126.87191239300012, 35.931483220000075], [126.88299113500011, 35.943443211000044], [126.8903769640001, 35.96287433600003], [126.90699507800002, 35.97482957600005], [126.91807382000002, 35.98827705600007], [126.91253444900008, 35.997240770000076], [126.89960924900004, 36.00321601400003], [126.86929190100011, 36.03904602000006], [126.86852274196191, 36.065992292257846]]], [[[126.45067634100008, 36.07122663000007], [126.449986308, 36.077361575000054], [126.44515607500011, 36.08182305300005], [126.43273547500007, 36.082938383000055], [126.43204544200012, 36.077361575000054], [126.43756570800008, 36.07457302300003], [126.43825574200002, 36.07066888400004], [126.44653614200001, 36.06788009500008], [126.45067634100008, 36.07122663000007]]]]}}, {"type": "Feature", "properties": {"shapeName": "Sasang-gu", "shapeISO": "", "shapeID": "91817680B50207003035", "shapeGroup": "KOR", "shapeType": "ADM2"}, "geometry": {"type": "Polygon", "coordinates": [[[128.99142238280947, 35.19796745744767], [128.98257661000002, 35.19463119100004], [128.96625600200002, 35.184627688000035], [128.9613598190001, 35.17729100300005], [128.95884211100008, 35.121837783000046], [128.9694055860001, 35.11876918400003], [128.977613624, 35.114876999000046], [128.981992742946, 35.11439292740409], [128.9923117950001, 35.11448777100003], [128.99909235000007, 35.116141980000066], [129.003017934, 35.11662850600004], [129.00303961439485, 35.116595198786456], [129.00330835700004, 35.11662850600004], [129.0114489010001, 35.14062389700007], [129.00963376100003, 35.14767409700005], [129.00963376100003, 35.14841311851337], [129.00963376100003, 35.148447058000045], [129.00963376100003, 35.15509470000006], [129.00963376100003, 35.16325658100004], [129.01281025800006, 35.16956292900005], [129.01870946500003, 35.172901386000035], [129.02267712359873, 35.17650489469259], [129.02279353400002, 35.176610621000066], [129.0227741846932, 35.1766497210967], [129.02272938700003, 35.176740246000065], [129.01944250300005, 35.18338191700008], [129.01926174866765, 35.183160315809054], [129.01825568100003, 35.18192689700004], [129.01798340995532, 35.181949150353965], [129.01796525800012, 35.18192689700004], [129.01040217000002, 35.18254504600003], [128.9945196850001, 35.18439946500007], [128.99073814100007, 35.19181671700005], [128.99142238280947, 35.19796745744767]]]}}, {"type": "Feature", "properties": {"shapeName": "Yeosu-si", "shapeISO": "", "shapeID": "91817680B8944082307158", "shapeGroup": "KOR", "shapeType": "ADM2"}, "geometry": {"type": "MultiPolygon", "coordinates": [[[[127.37724086000003, 34.00178466700004], [127.37851590800005, 34.02397960700006], [127.37214067100001, 34.02397960700006], [127.37469076500008, 34.01869562400003], [127.37341571800005, 33.998613488000046], [127.37724086000003, 34.00178466700004]]], [[[127.33261419900009, 34.00918362500005], [127.31221344000005, 34.02080925700005], [127.305838203, 34.03031995300006], [127.29691287100002, 34.051451016000044], [127.28798753800004, 34.058845645000076], [127.28416239600006, 34.047225225000034], [127.28416239600006, 34.02926326100004], [127.28671249100012, 34.01658193800006], [127.305838203, 34.00495572800003], [127.3185886770001, 34.00178466700004], [127.33261419900009, 34.00918362500005]]], [[[127.3377143890001, 34.03137663100006], [127.34026448400004, 34.04299922300004], [127.33516429400004, 34.051451016000044], [127.32751401000007, 34.05778930900004], [127.31348848800008, 34.060958277000054], [127.305838203, 34.060958277000054], [127.31221344000005, 34.051451016000044], [127.31986372500012, 34.046168744000056], [127.32241382000007, 34.04194268900005], [127.32241382000007, 34.03137663100006], [127.33261419900009, 34.02714983900006], [127.3377143890001, 34.03137663100006]]], [[[127.26168968500008, 34.21945320300006], [127.26368194600002, 34.237572441000054], [127.25571290000005, 34.25074761900004], [127.24176706800006, 34.24086642900005], [127.22782123700006, 34.22768970300007], [127.22184445200003, 34.211215897000045], [127.24176706800006, 34.20792075000003], [127.26168968500008, 34.21945320300006]]], [[[127.46394408700007, 34.23190648000008], [127.46266904000004, 34.24666353400005], [127.45884389800005, 34.25298719500006], [127.4511936130001, 34.24877147400008], [127.44099323300009, 34.24666353400005], [127.45246866000002, 34.236123045000056], [127.45374370800005, 34.22874391700003], [127.4703193250001, 34.22136414300007], [127.46394408700007, 34.23190648000008]]], [[[127.54427207700007, 34.25614884600003], [127.5455471250001, 34.26247179400008], [127.53789684000003, 34.268794265000054], [127.52514636500007, 34.269847965000054], [127.5264214130001, 34.250879361000045], [127.53662179200012, 34.24877147400008], [127.54427207700007, 34.25614884600003]]], [[[127.36576543300009, 34.27722348900005], [127.36831552800004, 34.28775882900004], [127.36704048100012, 34.29513278200005], [127.3568401010001, 34.29302600400007], [127.34536467400005, 34.283544851000045], [127.34536467400005, 34.278277082000045], [127.35811514900001, 34.269847965000054], [127.36576543300009, 34.27722348900005]]], [[[127.40274181000007, 34.27616988200003], [127.4040168570001, 34.28670535400005], [127.39764162000006, 34.294079399000054], [127.37851590800005, 34.299346178000064], [127.37724086000003, 34.288812291000056], [127.38871628700008, 34.27933066200006], [127.39254143000005, 34.27090165000004], [127.40274181000007, 34.27616988200003]]], [[[127.80597734900005, 34.45140565400004], [127.80278270100007, 34.45188462100003], [127.80162101000008, 34.45380046200006], [127.80684861700001, 34.45691361100006], [127.8065581940001, 34.46026610200005], [127.80365396900004, 34.46146338800003], [127.79668382600005, 34.45858987300005], [127.7949412910001, 34.45380046200006], [127.7972646720001, 34.450926684000024], [127.7984263620001, 34.44254426500004], [127.79203706500005, 34.435119135000036], [127.7891328390001, 34.43559819500007], [127.78651903600007, 34.433202865000055], [127.78709988100002, 34.429849287000025], [127.79523171300002, 34.43080746600003], [127.79784551700004, 34.42841199800006], [127.7949412910001, 34.42649557400006], [127.79087537500004, 34.42625601800006], [127.78826157100002, 34.42386042000004], [127.78622861300005, 34.41667321400007], [127.78768072600008, 34.41475652100007], [127.79697424900007, 34.416194045000054], [127.7984263620001, 34.41092300400004], [127.80133058800004, 34.40948539000004], [127.80336354600001, 34.416194045000054], [127.80626777200007, 34.41643363000003], [127.80801030700002, 34.419787746000054], [127.80859115200008, 34.42577690400003], [127.8053965040001, 34.428172447000065], [127.80510608100008, 34.43128655100003], [127.80975284300007, 34.43368193600003], [127.8100432650001, 34.44493932800003], [127.8170134070001, 34.45308202700005], [127.8100432650001, 34.449250267000025], [127.80626777200007, 34.44901077600008], [127.80597734900005, 34.45140565400004]]], [[[127.8259003390001, 34.49691441900006], [127.82255467000005, 34.49982491000003], [127.81865139100012, 34.49614848400006], [127.81344701800003, 34.498599452000065], [127.80749916400009, 34.49385676300005], [127.80642855000008, 34.49042519200003], [127.80048069500003, 34.48983690800003], [127.79822051000008, 34.49140565500005], [127.79917216700005, 34.486601274000066], [127.79679302500006, 34.483855790000064], [127.79810155300004, 34.477383933000056], [127.79370014100004, 34.47826648800003], [127.79170017500007, 34.48159437400005], [127.7890979880001, 34.478070366000054], [127.79021321100004, 34.47546556800006], [127.79225778600005, 34.475005889000045], [127.7935588790001, 34.47730425700007], [127.7957893250001, 34.47669136500008], [127.79653280700006, 34.47316715000005], [127.80248066100012, 34.471021902000075], [127.80359588400006, 34.47301392000003], [127.80117956800007, 34.47669136500008], [127.80341001400006, 34.48082829800006], [127.80712742300011, 34.48297329300004], [127.81065896100006, 34.48082829800006], [127.81028722000008, 34.47531234200005], [127.81251766600008, 34.475005889000045], [127.81586333400003, 34.47914290600005], [127.81995248400005, 34.47561879400007], [127.82181118900007, 34.47653814200004], [127.82218293000005, 34.48128794400003], [127.82534272700002, 34.48404577000008], [127.8192090020001, 34.48864194400005], [127.81344701800003, 34.48986754800006], [127.81288940700006, 34.49109313300005], [127.81586333400003, 34.49354425100006], [127.82552859800012, 34.49568891900003], [127.8259003390001, 34.49691441900006]]], [[[127.76733299400007, 34.53053264600004], [127.76188757000011, 34.53576623200007], [127.76007242900005, 34.54137328100006], [127.76234135600009, 34.54697995200007], [127.74736644100005, 34.55071752300006], [127.72694610300005, 34.54810124100004], [127.70788712100011, 34.53763529100007], [127.69926520000001, 34.536887672000034], [127.69971898500012, 34.532401822000054], [127.71287875900009, 34.52941112100007], [127.72286203500005, 34.52305552400003], [127.7292150290001, 34.528289580000035], [127.73239152600001, 34.52679416900003], [127.72603853200008, 34.516325540000025], [127.72739988800004, 34.51296034500007], [127.73738316400011, 34.51183858300004], [127.73874452000007, 34.508847143000025], [127.73375288200009, 34.50323790500005], [127.74373615900004, 34.50062013100006], [127.75145050900005, 34.50248997800003], [127.7541732200001, 34.49987218000007], [127.76551785300012, 34.49501033900003], [127.76778677900006, 34.48977419200003], [127.79095669300011, 34.48818233800006], [127.7935588790001, 34.49247189600004], [127.79728282300005, 34.49351433000004], [127.78866090200006, 34.50136807400003], [127.78548440500003, 34.50660349300006], [127.77413977300012, 34.50622954500005], [127.77096327600009, 34.51034287600004], [127.7827616940001, 34.51146465800008], [127.78412305000006, 34.51445600400007], [127.77550112900008, 34.525672593000024], [127.76733299400007, 34.53053264600004]]], [[[127.66840780000007, 34.58173288000006], [127.65751695300003, 34.58434810400007], [127.65524802700008, 34.57986481200004], [127.64526475000002, 34.58098565800003], [127.6425420380001, 34.57426035700007], [127.63936554100007, 34.57127116000004], [127.64390339400006, 34.568655525000054], [127.65252531500005, 34.55482865600004], [127.65797073800002, 34.55258624500004], [127.66250859100012, 34.557444727000075], [127.66886158500006, 34.560434421000025], [127.67430700900002, 34.55482865600004], [127.67702972100005, 34.56118182700004], [127.67702972100005, 34.570897503000026], [127.6711305120001, 34.57426035700007], [127.66840780000007, 34.58173288000006]]], [[[127.55042362400002, 34.61908541200006], [127.54452441500007, 34.61609782800008], [127.54361684500009, 34.613110136000046], [127.534087354, 34.61236319600005], [127.53045707100011, 34.617591633000075], [127.5227427210001, 34.61609782800008], [127.52228893600011, 34.61198972400007], [127.5263730040001, 34.603772906000074], [127.53272599800005, 34.60601393700006], [127.53635628000006, 34.609001884000065], [127.53953277700009, 34.609001884000065], [127.53998656300007, 34.600784770000075], [127.53771763600002, 34.59555527400005], [127.54679334200011, 34.596675908000066], [127.54996983900003, 34.59480817700006], [127.55223876500008, 34.59742298900005], [127.5517849800001, 34.60190533300005], [127.554961477, 34.60414641500006], [127.5635833980001, 34.60414641500006], [127.56449096800009, 34.61049581700007], [127.55949933000011, 34.61684473400004], [127.55269255100006, 34.61385706900006], [127.55042362400002, 34.61908541200006]]], [[[127.73965209100004, 34.70344022300003], [127.73965209100004, 34.70679770700008], [127.73103017000005, 34.70903595400006], [127.72603853200008, 34.713885282000035], [127.72966881500008, 34.714258295000036], [127.73239152600001, 34.719480307000026], [127.72013932300001, 34.71649634100004], [127.7205931090001, 34.70455940000005], [127.73556802300004, 34.698963366000044], [127.73965209100004, 34.70344022300003]]], [[[127.74326233400006, 34.732835624000074], [127.73909883600004, 34.73332442800006], [127.73707656500005, 34.73029379800005], [127.74242963400002, 34.726578681000035], [127.74159693500008, 34.722863397000026], [127.74457086200005, 34.721103467000034], [127.74754478900002, 34.71435672300004], [127.75135141600003, 34.71465007100005], [127.75682344300003, 34.70751163700004], [127.75396847200011, 34.69802536800006], [127.75825092800005, 34.69362415200004], [127.75682344300003, 34.690298634000044], [127.76300921100005, 34.68746205600007], [127.7476500570001, 34.675176], [127.74197774100003, 34.66701209300004], [127.72708791100001, 34.65651446000004], [127.72141559500005, 34.64484886300005], [127.72496079200005, 34.638432085000034], [127.72354271300003, 34.63143139700003], [127.71503423900003, 34.62734739000007], [127.71503423900003, 34.61801176100005], [127.71999751500005, 34.612760009000056], [127.7292150290001, 34.61392709300003], [127.74055966200001, 34.61042579000008], [127.7426867800001, 34.60458995500005], [127.7476500570001, 34.59875371000004], [127.76750316300001, 34.59116597900004], [127.7745935580001, 34.59116597900004], [127.78735627000003, 34.587663716000066], [127.7979918630001, 34.587663716000066], [127.80295513900012, 34.59116597900004], [127.8015370600001, 34.60167188400004], [127.79161050700009, 34.60225550600006], [127.789483388, 34.60809150500006], [127.79231954600004, 34.61509416200005], [127.79019242800007, 34.62443011900007], [127.7979918630001, 34.62793083200006], [127.7979918630001, 34.637848717000054], [127.79515570400008, 34.64893200800003], [127.79728282300005, 34.65943060200004], [127.79373762500006, 34.66526258000005], [127.77627292700004, 34.68084096000007], [127.77534357500008, 34.68405069900007], [127.78147730000012, 34.68863582400007], [127.77942529000006, 34.692939497000054], [127.77990111800011, 34.70105718000008], [127.78418357400005, 34.702817537000044], [127.78632480100009, 34.69939458700003], [127.78834707200008, 34.69978578900003], [127.78846602900012, 34.70115497900008], [127.79262952700003, 34.70144837400005], [127.78691958700006, 34.70985858800003], [127.78608688700001, 34.71650791900004], [127.77086037900006, 34.725209912000025], [127.765269396, 34.725503221000054], [127.75551491500005, 34.731271433000074], [127.74326233400006, 34.732835624000074]]], [[[127.63389615800008, 34.87061246400003], [127.61400801900004, 34.85795427800008], [127.62311567200004, 34.84727718500005], [127.62980700800006, 34.84849749400007], [127.63798530800011, 34.84742972500004], [127.63854291900009, 34.845141600000034], [127.635383122, 34.83736150100003], [127.62813417400002, 34.837208943000064], [127.62813417400002, 34.83537822100004], [127.63668421500006, 34.830343526000036], [127.65843105800002, 34.844531423000035], [127.63389615800008, 34.87061246400003]]], [[[127.54084686400006, 34.836733140000035], [127.53687178000007, 34.82897037400005], [127.5244184600001, 34.81996803200008], [127.52386084800003, 34.81172773900005], [127.53445546400008, 34.80653898300005], [127.54281963500011, 34.806081136000046], [127.54281963500011, 34.80821773400004], [127.54486421000001, 34.80913340200004], [127.55694578900011, 34.80760728300004], [127.55973384600009, 34.80562328600007], [127.56066319900003, 34.80348662100005], [127.55806101200005, 34.79753419000008], [127.56661105300009, 34.792191899000045], [127.5733023900001, 34.779521654000064], [127.56363712600012, 34.77967431900004], [127.56010558700007, 34.77784231900006], [127.57200129600005, 34.77509424200008], [127.57478935300003, 34.77036122800007], [127.57348826000009, 34.76364293700004], [127.57196412200005, 34.76264736200005], [127.5673247960001, 34.76811982300006], [127.56351816900008, 34.767044904000045], [127.5625665120001, 34.77056276900004], [127.55959258500002, 34.770758201000035], [127.561257984, 34.76733806500005], [127.55899779900005, 34.765676805000055], [127.55959258500002, 34.764113235000025], [127.56470774000002, 34.76157237100006], [127.56673001000001, 34.76333143900007], [127.57374847900007, 34.76059509500004], [127.57707927700005, 34.761181462000025], [127.58076694700003, 34.764992747000065], [127.58124277500008, 34.768803855000044], [127.5833840030001, 34.76890157300005], [127.58671480200007, 34.765481360000024], [127.5901645570001, 34.756392676000075], [127.58493044500005, 34.75140813400003], [127.58552523100002, 34.74955107100004], [127.59004560000005, 34.75101717700005], [127.59313848500005, 34.74955107100004], [127.59206787100004, 34.74417512700006], [127.58730958700005, 34.74495710400004], [127.58635793000008, 34.746325547000026], [127.58267026100009, 34.745445836000044], [127.58469253100009, 34.739385354000035], [127.57898259100011, 34.73879883300003], [127.579339462, 34.73391098900004], [127.57267786500006, 34.729413917000045], [127.56827645200008, 34.72784966100005], [127.56102007000004, 34.731858008000074], [127.56161485500002, 34.72902285600003], [127.55994945600003, 34.72843626100007], [127.56090111300011, 34.72726305700007], [127.56399399700001, 34.72755636000005], [127.56375608300004, 34.72325448700008], [127.55554804400003, 34.718561280000074], [127.55186037400006, 34.71973460700008], [127.55138454500002, 34.715921234000064], [127.54864853200002, 34.71337888800008], [127.54864853200002, 34.71132539800004], [127.55102767400001, 34.71103203800004], [127.55673761500009, 34.71465007100005], [127.55495325800007, 34.71152097000004], [127.55638074300009, 34.70927185600004], [127.55519117200004, 34.704088882000065], [127.5540016010001, 34.70438226700003], [127.55304994500011, 34.700959382000065], [127.55507221500011, 34.70047038700005], [127.55804614300007, 34.70242635000005], [127.55780822800011, 34.70712047200004], [127.56304234000004, 34.70868512100003], [127.56423191100009, 34.701546172000064], [127.56601626800011, 34.70105718000008], [127.5720830790001, 34.70399108700008], [127.57731719100002, 34.70076378400006], [127.58112381800004, 34.69362415200004], [127.57434326400005, 34.699101185000075], [127.56268546900003, 34.69841657600006], [127.55959258500002, 34.700079189000064], [127.55649970000002, 34.696264910000025], [127.55875988500009, 34.69450441400005], [127.5543584730001, 34.69352634400008], [127.5519793310001, 34.690885499000046], [127.55281203100003, 34.68217989500005], [127.55138454500002, 34.68286463900006], [127.55269307300011, 34.679832160000046], [127.55649970000002, 34.67748435800007], [127.55578595800011, 34.67856044200005], [127.5574513570001, 34.67895174200004], [127.56113902700008, 34.67758218400007], [127.56339921200004, 34.67533214800005], [127.56066319900003, 34.670929725000065], [127.5570944860001, 34.67161456200006], [127.55269307300011, 34.66916869100004], [127.5547153440001, 34.66730978000004], [127.55150350300005, 34.66554866900003], [127.55352577300005, 34.658895243000075], [127.5554290870001, 34.65752535400003], [127.55828405700004, 34.65918878800005], [127.56456647800007, 34.65500567700008], [127.57627631700007, 34.634668103000024], [127.58296765300008, 34.63099763400004], [127.57497522400001, 34.64521979800003], [127.57720566900002, 34.64904254500004], [127.58519809900008, 34.65179481300004], [127.59449162100009, 34.650265786000034], [127.60657320100006, 34.64476105700004], [127.61698194700011, 34.642620230000034], [127.62553198800003, 34.63451517000004], [127.6264613400001, 34.63283288900004], [127.62441676500009, 34.63099763400004], [127.62720482200007, 34.62946822400005], [127.62813417400002, 34.63115057300007], [127.63519725100002, 34.632374079000044], [127.63501138100003, 34.628397620000044], [127.63705595600004, 34.626562267000054], [127.6452342560001, 34.62809173000005], [127.64021575400011, 34.63650327700003], [127.63259506500003, 34.635891557000036], [127.63092223100011, 34.638338410000074], [127.6335244170001, 34.63787963100003], [127.63556899200012, 34.642008555000075], [127.64021575400011, 34.644149397000035], [127.63426789900006, 34.64552562400007], [127.63482551000004, 34.647054738000065], [127.63854291900009, 34.646290185000055], [127.64002988300001, 34.64751346700007], [127.64133097600006, 34.652559316000065], [127.63798530800011, 34.649348357000065], [127.63556899200012, 34.649348357000065], [127.63463964000005, 34.65118320600004], [127.63110810100011, 34.64873673100004], [127.6290635260001, 34.65118320600004], [127.62962113800006, 34.65546436200003], [127.63222332400005, 34.65622883100008], [127.63333854700011, 34.65898086000004], [127.63185158300007, 34.66142703200006], [127.63501138100003, 34.66112126500008], [127.63240919400005, 34.66479040100006], [127.63408202900007, 34.66861224500008], [127.62553198800003, 34.67824250900003], [127.62237219000008, 34.67701968100005], [127.61846891000005, 34.68267511200003], [127.61884065100003, 34.684662064000065], [127.621442838, 34.68405069900007], [127.62162870800012, 34.68191088700007], [127.62385915300001, 34.68053526500006], [127.62516024700005, 34.68252226800007], [127.62980700800006, 34.67946532000008], [127.63203745400006, 34.68175804100008], [127.6381711790001, 34.68191088700007], [127.63910053100005, 34.68359217300008], [127.63482551000004, 34.68557910200008], [127.63240919400005, 34.68359217300008], [127.62330154200004, 34.68833015700005], [127.62385915300001, 34.69474892900007], [127.62683308100009, 34.69490175100003], [127.62776243300004, 34.69642995400005], [127.62367328300002, 34.70238967600005], [127.62274393100006, 34.699944714000026], [127.6173536880001, 34.70315371200007], [127.61679607600001, 34.708043374000056], [127.61772542800009, 34.70896015300008], [127.62032761500006, 34.70789057600007], [127.6221863190001, 34.70957133400003], [127.62181457800011, 34.714766188000056], [127.6266472100001, 34.718585725000025], [127.62813417400002, 34.71751627200007], [127.6266472100001, 34.712168802000065], [127.63482551000004, 34.710640890000036], [127.63872879000007, 34.706209784000066], [127.64133097600006, 34.706820986000025], [127.64244619900012, 34.70896015300008], [127.63556899200012, 34.71950238800002], [127.63854291900009, 34.718585725000025], [127.63984401300002, 34.71996071500007], [127.6404016240001, 34.72607150600004], [127.64672122000002, 34.73095981300003], [127.65060126500009, 34.740916936000076], [127.65815225300003, 34.747360263000076], [127.65670014000011, 34.75189415600005], [127.65844267500006, 34.75499614900008], [127.66163732400003, 34.754280315000074], [127.66250859100012, 34.75046242700006], [127.66976915600003, 34.74568981900006], [127.68022436900003, 34.73351842100004], [127.69590718900008, 34.72707401400004], [127.69997310500003, 34.724687069000026], [127.69939226000008, 34.72325486900007], [127.70200606300011, 34.72086781400003], [127.7333717030001, 34.73041562100008], [127.73184988800006, 34.733098357000074], [127.7353814270001, 34.73874995600005], [127.73854122500006, 34.73752802100006], [127.7448608200001, 34.73859721500003], [127.75155215600012, 34.73661155800005], [127.75471195400007, 34.73752802100006], [127.7541543430001, 34.74363751300007], [127.75062280400005, 34.745164816000056], [127.7493217110001, 34.74776116500004], [127.75248150900006, 34.752800904000026], [127.75582717700001, 34.751731894000045], [127.75731414100005, 34.75310633300006], [127.75285325000004, 34.75677139100003], [127.75434021300009, 34.761657882000065], [127.75322499100002, 34.76486448500003], [127.7450466900001, 34.77723164300005], [127.74579017200006, 34.779521654000064], [127.75210976800008, 34.78074296700004], [127.7541543430001, 34.785322731000065], [127.75619891800011, 34.785933346000036], [127.75526956600004, 34.79264982300003], [127.75694240000007, 34.79783945300005], [127.76307612500011, 34.80119727500005], [127.76660766300006, 34.799976265000055], [127.76846636800008, 34.80134990000005], [127.7680946270001, 34.807302056000026], [127.76642179300006, 34.80913340200004], [127.77069681300009, 34.812338159000035], [127.76716527500002, 34.81645837800005], [127.76679353400004, 34.819357669000055], [127.773299, 34.820425802000045], [127.773299, 34.82286719900003], [127.7680946270001, 34.82271461400006], [127.76920985000004, 34.82851265100004], [127.7680946270001, 34.832326927000054], [127.77571531600006, 34.83751405900006], [127.77608705700004, 34.85490382100005], [127.77069681300009, 34.861614677000034], [127.76381960700007, 34.86405485200004], [127.7519238970001, 34.86100462100006], [127.73928470600003, 34.86176719000008], [127.74374559700004, 34.85170072000005], [127.73909883600004, 34.85444624300004], [127.73463794500003, 34.85505634700007], [127.72943357200006, 34.86100462100006], [127.72553029300002, 34.86176719000008], [127.7216270130001, 34.85871687400004], [127.70991717400011, 34.858564356000045], [127.7008095220001, 34.85978449800007], [127.69541927900002, 34.864359869000054], [127.68017790200008, 34.845751773000075], [127.66995502600003, 34.83858195700003], [127.66047563300003, 34.844531423000035], [127.63928640100005, 34.82836007700007], [127.63036461900003, 34.82851265100004], [127.62632751300009, 34.83883825100003], [127.62727917000007, 34.840595671000074], [127.62894456900005, 34.83903352200008], [127.63477346700006, 34.83874061500006], [127.63679573700006, 34.845867705000046], [127.63108579700008, 34.84508668400008], [127.6297772690001, 34.846258213000056], [127.62442420000002, 34.844696171000066], [127.61502658900008, 34.85328703400006], [127.6113389200001, 34.853677506000054], [127.61003039200011, 34.84967507600004], [127.60693750700011, 34.85074891800008], [127.60301192300005, 34.85904631400007], [127.59003073100007, 34.87396731900003], [127.59021660100007, 34.877322037000056], [127.60062534700012, 34.88296375500005], [127.59746872200003, 34.88615782800008], [127.59047963000012, 34.88424677900008], [127.58220750200007, 34.881338570000025], [127.55030072400007, 34.88424677900008], [127.54202859600002, 34.877460797000026], [127.55620938700008, 34.86582638100003], [127.55620938700008, 34.85709948900006], [127.55148245700002, 34.84546219200007], [127.54084686400006, 34.836733140000035]]], [[[127.72441507000008, 34.89607544000006], [127.72218462400008, 34.89820970200003], [127.71642264000002, 34.89897192500007], [127.69913668800007, 34.89226411900006], [127.69263122200005, 34.884031063000066], [127.69263122200005, 34.881896433000065], [127.70173887400006, 34.87579718200004], [127.6983932060001, 34.87457727800006], [127.70285409700011, 34.87244240200005], [127.70341170800009, 34.87061246400003], [127.70657150600005, 34.871984921000035], [127.71679438100011, 34.872289909000074], [127.7169802520001, 34.868324984000026], [127.72069766100003, 34.867867481000076], [127.723485718, 34.86893498500007], [127.72311397700003, 34.871527438000044], [127.72980531300004, 34.873814829000025], [127.74746300600009, 34.87320486400006], [127.7519238970001, 34.87808445400003], [127.74393146800003, 34.89241657500003], [127.7353814270001, 34.89500828800004], [127.73240750000002, 34.89470338500007], [127.73315098100011, 34.89226411900006], [127.72924770200007, 34.89180674900007], [127.72441507000008, 34.89607544000006]]]]}}, {"type": "Feature", "properties": {"shapeName": "Anyang-si", "shapeISO": "", "shapeID": "91817680B30491742711894", "shapeGroup": "KOR", "shapeType": "ADM2"}, "geometry": {"type": "Polygon", "coordinates": [[[126.87975664200007, 37.36733322300006], [126.88911324300011, 37.368385990000036], [126.89479261800011, 37.363461812000025], [126.89840676500012, 37.353202071000055], [126.89878847000011, 37.34834716800003], [126.91183074300011, 37.35238123200003], [126.91286335600012, 37.357306136000034], [126.91596119700012, 37.36017884800003], [126.92009165200011, 37.363461812000025], [126.93041778800011, 37.367565316000025], [126.9350645500001, 37.367565316000025], [126.94177653800011, 37.366334288000076], [126.94487437900011, 37.36387217300006], [126.9464233000001, 37.358947699000055], [126.9495211410001, 37.35689574000003], [126.96844645600004, 37.354489923000074], [126.9686244930001, 37.35689574000003], [126.97120602700011, 37.36551359200007], [126.98514631100011, 37.38028475100003], [126.98772784500011, 37.386028305000025], [126.9919440760001, 37.389657449000026], [126.96810818600011, 37.41227894900004], [126.9642407560001, 37.42674692200006], [126.9639777320001, 37.42786091800008], [126.9464233000001, 37.42704089500006], [126.94619956800011, 37.42705456200008], [126.93919500400011, 37.427450908000026], [126.92783625400011, 37.43360082600003], [126.92215687900011, 37.43196089700007], [126.91699381100011, 37.42827092600004], [126.91455204100009, 37.42167788100005], [126.90924920900011, 37.417199921000076], [126.90150460600012, 37.41432939300006], [126.89737415200011, 37.405717150000044], [126.89272739000012, 37.40079542400008], [126.87930341300012, 37.399154776000046], [126.87620557100001, 37.389632454000036], [126.87672187900012, 37.38931013800004], [126.87981972000011, 37.37987448000007], [126.87981972000011, 37.368385990000036], [126.87975664200007, 37.36733322300006]]]}}, {"type": "Feature", "properties": {"shapeName": "Jindo-gun", "shapeISO": "", "shapeID": "91817680B56099735913612", "shapeGroup": "KOR", "shapeType": "ADM2"}, "geometry": {"type": "MultiPolygon", "coordinates": [[[[125.8604721590001, 34.21362986500003], [125.85225886800004, 34.219742403000055], [125.84199225500004, 34.22110068400008], [125.83993893200011, 34.216346603000034], [125.85308019800004, 34.20378095500007], [125.8604721590001, 34.20174310500005], [125.8604721590001, 34.21362986500003]]], [[[126.17270863200008, 34.21432264200007], [126.17323428300006, 34.21823468500003], [126.17113168000003, 34.22084261300006], [126.16324692100011, 34.22214654600003], [126.1561506380001, 34.220625288000065], [126.15509933600003, 34.21736535700006], [126.15746476400011, 34.21388795900003], [126.16955472900008, 34.21258389700006], [126.17270863200008, 34.21432264200007]]], [[[126.08439932700003, 34.24083404400005], [126.0854506280001, 34.24691745000007], [126.06021939800007, 34.25147971700005], [126.06337330200006, 34.239313123000045], [126.05916809700011, 34.23779217600003], [126.03709077000008, 34.23822673500007], [126.03525099300009, 34.23518477300007], [126.03761642100005, 34.22366777700006], [126.04418705400008, 34.21801735400004], [126.05890527100007, 34.21780002200006], [126.06416177800008, 34.22540629200006], [126.07572609200008, 34.22823130300003], [126.08177107400002, 34.231273517000034], [126.08439932700003, 34.24083404400005]]], [[[126.18690119900009, 34.23344645900005], [126.19242053100004, 34.244962118000046], [126.19136923000008, 34.250827979000064], [126.18742685000007, 34.260169064000024], [126.18111904200009, 34.260820728000056], [126.18243316900009, 34.249089989000026], [126.17901644000005, 34.238661292000074], [126.17244580700003, 34.231708110000056], [126.17270863200008, 34.229752424000026], [126.18269599400003, 34.22953512200007], [126.18690119900009, 34.23344645900005]]], [[[125.95040769700006, 34.230268512000066], [125.95451434200004, 34.23807735500003], [125.95492500700004, 34.24249072900005], [125.92248250700004, 34.261499541000035], [125.91303722200007, 34.25301399500006], [125.91344788700007, 34.24554600600004], [125.931517127, 34.23536131800006], [125.9413730760001, 34.22789176300006], [125.95040769700006, 34.230268512000066]]], [[[126.0111860500001, 34.25471117200004], [126.01365003800004, 34.261499541000035], [126.00502608200009, 34.27405657800006], [125.99845544900006, 34.27812872700002], [125.9840821900001, 34.27507463300003], [125.98161820300004, 34.26387534000003], [125.98531418400012, 34.259802500000035], [125.99763412000004, 34.25403230500007], [126.0111860500001, 34.25471117200004]]], [[[126.04691386600007, 34.312394837000056], [126.03746858200009, 34.31748267100005], [126.03089794900006, 34.31205563700007], [126.0272019680001, 34.30187900300007], [126.02966595500004, 34.29136185200008], [126.03377260100001, 34.28729034300005], [126.06185113700008, 34.274719222000044], [126.07333716500011, 34.27241436700007], [126.08044117700001, 34.27498481900005], [126.08763475700005, 34.280282758000055], [126.09173850900004, 34.27950836300005], [126.10017949300004, 34.27249493200003], [126.10682447200008, 34.26108481000006], [126.1142627270001, 34.26125926900005], [126.10062569500008, 34.27350858800003], [126.09672347000003, 34.28042017300004], [126.09623575500007, 34.303287761000036], [126.0921767860001, 34.305425300000024], [126.05430582800011, 34.30832434800004], [126.04691386600007, 34.312394837000056]]], [[[126.04773519600008, 34.33579632000004], [126.03952190500002, 34.33918729800007], [126.02063133500008, 34.356140131000075], [126.0165246900001, 34.35580110800004], [126.02063133500008, 34.34766414300003], [126.01981000600006, 34.34257813900007], [126.01529269600007, 34.33850911300004], [126.0058474110001, 34.33579632000004], [125.99968744300008, 34.33613542400008], [125.99763412000004, 34.32969221500008], [125.99886611400007, 34.32223103800004], [126.01857801200003, 34.316804311000055], [126.02638063900008, 34.31782184900004], [126.04527120800003, 34.323926818000075], [126.04978851800001, 34.323926818000075], [126.05594848700002, 34.32019605700003], [126.06210845500004, 34.319178547000035], [126.06251912000005, 34.32223103800004], [126.0592338030001, 34.32799655100007], [126.04773519600008, 34.33579632000004]]], [[[126.05225250600006, 34.45880093100004], [126.0596444680001, 34.47234409600003], [126.065804436, 34.476745151000046], [126.07319639800005, 34.48013042100007], [126.10481756800004, 34.48554656600004], [126.10317491, 34.48994692500003], [126.08551633400009, 34.494347051000034], [126.060465797, 34.49299319100004], [126.04650320200005, 34.490285404000076], [126.04403921500011, 34.48317704600004], [126.04198589200007, 34.46015534700007], [126.04486054400002, 34.45710788100007], [126.05225250600006, 34.45880093100004]]], [[[126.35053453300009, 34.53068416900004], [126.33950594400005, 34.536465716000066], [126.30842537500007, 34.53894339800007], [126.30441497900006, 34.56123922300003], [126.29539158800003, 34.56949542000007], [126.28035260200011, 34.57444874500004], [126.24526163700011, 34.57857629000006], [126.248269434, 34.56619304000003], [126.25328242900002, 34.56123922300003], [126.26130322100005, 34.55711081800007], [126.26631621600006, 34.548027604000026], [126.26531361700006, 34.53729161800004], [126.25629022600003, 34.529858201000025], [126.23022265200007, 34.531510129000026], [126.21718886500003, 34.510858677000044], [126.20214988000009, 34.49433383000007], [126.18711089500005, 34.49020210700007], [126.16004072200008, 34.47615271500007], [126.13397314800011, 34.459620990000076], [126.11692896400007, 34.453007384000045], [126.13497574700011, 34.44473963900003], [126.10991077100005, 34.44391281900005], [126.10790557300004, 34.43564417400006], [126.10088738000002, 34.429855635000024], [126.09386918700011, 34.419931494000025], [126.10289257800002, 34.410006174000046], [126.10890817200004, 34.400079677000065], [126.12093936000008, 34.39428867600003], [126.12394715700009, 34.38436031400005], [126.1309653510001, 34.38436031400005], [126.13898614300001, 34.38187804000006], [126.1319679500001, 34.36698284800008], [126.1299627520001, 34.35787892700006], [126.1319679500001, 34.34960177600004], [126.15001473200005, 34.36450005800003], [126.1690641130001, 34.354568165000046], [126.17708490500002, 34.354568165000046], [126.18310049900003, 34.34960177600004], [126.18610829600004, 34.34215164200003], [126.19613428600007, 34.34215164200003], [126.19813948400008, 34.35787892700006], [126.20816547400011, 34.36367244500008], [126.21518366700002, 34.35787892700006], [126.21919406300003, 34.347118472000034], [126.22320445900004, 34.368638], [126.23423304800008, 34.36946556400005], [126.2432564390001, 34.37194820600007], [126.25227983000002, 34.376913270000045], [126.23323044900008, 34.36946556400005], [126.28235780000011, 34.39180669600006], [126.29138119100003, 34.390979353000034], [126.28837339400002, 34.36201719500008], [126.30642017700006, 34.36532766300007], [126.3184513650001, 34.37277573700004], [126.30742277600007, 34.38436031400005], [126.30341238000005, 34.396770583000034], [126.32145916200011, 34.39759786900004], [126.33248775100003, 34.38766989900006], [126.34652413700007, 34.38849727500008], [126.34652413700007, 34.39759786900004], [126.36457091900002, 34.400079677000065], [126.36557351800002, 34.407524660000036], [126.35253973100009, 34.41414186700007], [126.361563122, 34.429855635000024], [126.36757871600003, 34.44970038400004], [126.36457091900002, 34.47697921500003], [126.37359431000004, 34.479458667000074], [126.38161510200007, 34.48441735000006], [126.37760470600006, 34.50259666300008], [126.37359431000004, 34.510858677000044], [126.36356832000001, 34.51581549300005], [126.35053453300009, 34.53068416900004]]]]}}, {"type": "Feature", "properties": {"shapeName": "Sinan-gun", "shapeISO": "", "shapeID": "91817680B46467557111645", "shapeGroup": "KOR", "shapeType": "ADM2"}, "geometry": {"type": "MultiPolygon", "coordinates": [[[[125.14617250300012, 34.042341445000034], [125.15387246300008, 34.04446820900006], [125.15194747300006, 34.05616445900006], [125.1448891760001, 34.05829087700005], [125.13911420600004, 34.06254355200008], [125.12628093900003, 34.08646087200003], [125.12050596800009, 34.090180737000026], [125.10574771100005, 34.09336906300007], [125.09740608700008, 34.092306301000065], [125.101256067, 34.08592945000004], [125.101256067, 34.072111290000066], [125.10446438400004, 34.066796013000044], [125.11408933500002, 34.061480403000076], [125.12114763200009, 34.04818991800005], [125.12820592900005, 34.04446820900006], [125.13847254300003, 34.042341445000034], [125.14617250300012, 34.042341445000034]]], [[[125.19493891900004, 34.07264280000004], [125.19365559200003, 34.092306301000065], [125.19044727500011, 34.09655726900007], [125.18274731500003, 34.09815132600005], [125.18146398800002, 34.078489182000055], [125.18852228500009, 34.07051674200005], [125.19493891900004, 34.07264280000004]]], [[[125.10959769100009, 34.10930889000008], [125.09612276000007, 34.11568398000003], [125.08778113700009, 34.114621499000066], [125.08778113700009, 34.109840166000026], [125.10446438400004, 34.10771504300004], [125.10959769100009, 34.10930889000008]]], [[[125.31685495800002, 34.37876681900008], [125.30594668000003, 34.387769185000025], [125.29760505700006, 34.39782950700004], [125.29183008600012, 34.39888841800007], [125.29503840300004, 34.38459199000005], [125.30402169000001, 34.37294124300007], [125.31107998700008, 34.37188200300005], [125.31685495800002, 34.37876681900008]]], [[[125.29375507700001, 34.41635851500007], [125.29118842300011, 34.42535683700004], [125.29375507700001, 34.43276649300003], [125.3130049770001, 34.45499152100007], [125.31492996800011, 34.462398549000056], [125.30594668000003, 34.46345664200004], [125.29503840300004, 34.45022951200008], [125.28926343300009, 34.445996388000026], [125.28669678000006, 34.43911710400005], [125.28541345300005, 34.42323967200008], [125.28862177000008, 34.415299825000034], [125.29375507700001, 34.41635851500007]]], [[[125.87936272900004, 34.615428490000056], [125.87443475400005, 34.616780359000074], [125.87279209600001, 34.61475254700008], [125.87361342500003, 34.60528876700005], [125.87895206400003, 34.59413364100004], [125.87977339300005, 34.59582390800006], [125.87484541900005, 34.611372749000054], [125.88634402600007, 34.60900680900005], [125.90112795000005, 34.60190858400006], [125.89373598800012, 34.607992814000056], [125.87936272900004, 34.615428490000056]]], [[[125.867042792, 34.60021844100004], [125.8662214630001, 34.62590490200006], [125.85390152700006, 34.62590490200006], [125.83829627400007, 34.621173783000074], [125.81447773000002, 34.616780359000074], [125.81570972300005, 34.612048720000075], [125.82515500800002, 34.606640801000026], [125.82761899500008, 34.60157055800005], [125.82515500800002, 34.59886630200003], [125.82104836200006, 34.60055647200005], [125.81160307800008, 34.600894502000074], [125.80872842600002, 34.595485858000075], [125.81283507100011, 34.59007686100006], [125.82145902700006, 34.59007686100006], [125.83829627400007, 34.593457525000076], [125.84733089400004, 34.592443340000045], [125.85102687500012, 34.59514780600006], [125.85595484900011, 34.59616195700005], [125.8662214630001, 34.59616195700005], [125.867042792, 34.60021844100004]]], [[[126.01775668300002, 34.60224660800003], [126.01611402500009, 34.608330814000055], [126.01282870900002, 34.61069677300003], [126.00666874, 34.62387731300004], [126.00338342400005, 34.62658075400003], [125.99763412000004, 34.623201438000024], [125.99763412000004, 34.616780359000074], [126.00215143000003, 34.60900680900005], [125.995991462, 34.606978807000075], [125.99147415200002, 34.59886630200003], [125.98901016500008, 34.58737223000003], [125.99188481600004, 34.583315119000076], [126.0005087720001, 34.59582390800006], [126.0058474110001, 34.597176097000045], [126.00995405700007, 34.587034145000075], [126.01365003800004, 34.58568179100007], [126.02309532200002, 34.58804839600003], [126.01775668300002, 34.60224660800003]]], [[[126.10160925200012, 34.56127225000006], [126.10353424200002, 34.56655630800003], [126.11315919200001, 34.578708368000036], [126.11380085600001, 34.58504786800006], [126.0996842620001, 34.599838154000054], [126.09134263800001, 34.60406346600007], [126.08556766800007, 34.60987292000004], [126.08364267700006, 34.62518680300008], [126.07786770700011, 34.62782684200005], [126.06952608300003, 34.62835484000004], [126.05925947000003, 34.62677083700004], [126.05797614300002, 34.614097722000054], [126.0656761030001, 34.61304154100003], [126.06310945000007, 34.605119761000026], [126.08043436100002, 34.588217437000026], [126.08556766800007, 34.57923667800003], [126.08556766800007, 34.57606676700004], [126.07401772700007, 34.559158532000026], [126.03808457900004, 34.55493093700005], [126.03423459800001, 34.55334553300003], [126.03359293500012, 34.54858914000005], [126.03615958900002, 34.54436100700008], [126.04642620200002, 34.54700361600004], [126.05284283600008, 34.551760099000035], [126.06182612300006, 34.551760099000035], [126.0663177670001, 34.545946582000056], [126.0663177670001, 34.541718315000026], [126.0425762220001, 34.53801840500006], [126.03936790500006, 34.53590409700007], [126.03808457900004, 34.53008947300003], [126.04129289500008, 34.52691768900007], [126.04899285600004, 34.526389047000066], [126.06246778600007, 34.52903222500004], [126.08107602400003, 34.53748983300005], [126.08941764800011, 34.54541806100008], [126.09711760800008, 34.549117642000056], [126.10160925200012, 34.56127225000006]]], [[[125.97742942400009, 34.62647261800004], [125.96691641200005, 34.63923169100008], [125.96165990500003, 34.64182651600004], [125.95850600200004, 34.64204274800005], [125.95771752600001, 34.63771800500007], [125.9556149230001, 34.63620429200006], [125.94799298900011, 34.63447430000008], [125.94773016400006, 34.63166298600004], [125.95876882700009, 34.62063306600004], [125.95982012800005, 34.625823800000035], [125.96533946000011, 34.61868645800007], [125.96954466500006, 34.61609090800005], [125.98110897900006, 34.61479310300007], [125.98294875600004, 34.61976791300003], [125.97742942400009, 34.62647261800004]]], [[[125.48142877700002, 34.63739364000003], [125.48799941000004, 34.64347526900008], [125.48841007500005, 34.64888078700005], [125.48307143500006, 34.65124559100008], [125.47362615100008, 34.65124559100008], [125.46582352400003, 34.64111024400006], [125.46459153100011, 34.63705575900008], [125.46869817600009, 34.63502844200008], [125.48142877700002, 34.63739364000003]]], [[[126.06125546900012, 34.570957505000024], [126.0642330280001, 34.58280277000006], [126.0509274960001, 34.604370936000066], [126.04814586000009, 34.61711832300006], [126.0485565250001, 34.62421524800004], [126.05676981600004, 34.63705575900008], [126.06416177800008, 34.653610326000035], [126.06416177800008, 34.66002855500005], [126.0538951640001, 34.665770759000054], [126.04937785400011, 34.66273081800006], [126.04233681500011, 34.646982379000065], [126.03826851100007, 34.64273807300003], [126.03301782100004, 34.639823696000065], [126.01652733000003, 34.635372473000075], [126.0145052370001, 34.63407400500006], [126.01405162000003, 34.630452511000044], [126.02317768400007, 34.62442830700007], [126.02592372600009, 34.62044500500008], [126.02298475400005, 34.61124251600006], [126.02321649900011, 34.59969926100007], [126.03555669100001, 34.59430054000006], [126.0342778380001, 34.58903647300008], [126.02578890300003, 34.58384355000004], [126.02358834900008, 34.57034134000003], [126.02671565700007, 34.565032065000025], [126.03108323300012, 34.562349496000024], [126.03514671300002, 34.56626806300005], [126.04198517400005, 34.568179617000055], [126.0543735980001, 34.56607741600004], [126.05920443600007, 34.56767899000005], [126.06125546900012, 34.570957505000024]]], [[[126.20255573200006, 34.62658075400003], [126.194753106, 34.63097365900006], [126.19064646000004, 34.638069399000074], [126.18859313700011, 34.64786728000007], [126.18571848500005, 34.65158341400007], [126.16929190300004, 34.664419688000066], [126.16066794800008, 34.66678404800007], [126.14383070100007, 34.66678404800007], [126.12740411900006, 34.66171748000005], [126.12206548000006, 34.65867739000004], [126.11795883400009, 34.647529441000074], [126.11878016300011, 34.641448109000066], [126.12740411900006, 34.62759452200004], [126.12781478300008, 34.619821985000044], [126.13151076400004, 34.61441457300003], [126.14958000500008, 34.612724685000046], [126.16066794800008, 34.61441457300003], [126.17257722000011, 34.614076598000054], [126.18202250400009, 34.612048720000075], [126.18941446600002, 34.61813220700003], [126.20132373800004, 34.618470165000076], [126.21775032000005, 34.616780359000074], [126.2259636120001, 34.621173783000074], [126.21775032000005, 34.624891114000036], [126.20748370700005, 34.62455318100007], [126.20255573200006, 34.62658075400003]]], [[[126.09290829600002, 34.62759452200004], [126.0859269990001, 34.64009664200006], [126.08880165100004, 34.64888078700005], [126.09003364500006, 34.664419688000066], [126.08839098600004, 34.67151256600005], [126.08346301200004, 34.682319592000056], [126.07689237900001, 34.68738490000004], [126.07401772700007, 34.683332679000046], [126.07237506900003, 34.67151256600005], [126.07401772700007, 34.64955645200007], [126.0863376640001, 34.627256601000056], [126.09290829600002, 34.62759452200004]]], [[[125.4702125020001, 34.69116257400003], [125.47213749200012, 34.69591080200007], [125.46187087800001, 34.683248255000024], [125.45481258100006, 34.68272060700008], [125.4362043430001, 34.691690169000026], [125.42850438300002, 34.69274534700003], [125.41823776900003, 34.68905216300004], [125.41695444200002, 34.679026976000046], [125.4028378480001, 34.66002855500005], [125.39834620500005, 34.65052771100005], [125.39834620500005, 34.63099477800006], [125.4021961850001, 34.616210042000034], [125.40925448200005, 34.61462580700004], [125.41759610600002, 34.622018645000026], [125.42272941300007, 34.64102577800003], [125.438770997, 34.655806092000034], [125.45160426400003, 34.66055634800006], [125.45609590800007, 34.67427777900008], [125.46636252100006, 34.68008231600004], [125.4702125020001, 34.69116257400003]]], [[[126.19680642800006, 34.67522764000006], [126.20543038400001, 34.68063108700005], [126.20871570000008, 34.68873559700006], [126.2095370290001, 34.69650167400005], [126.20830503600007, 34.700215627000034], [126.20173440300005, 34.701228495000066], [126.18161184000007, 34.69650167400005], [126.17134522600008, 34.69177458300004], [126.167649245, 34.687722577000045], [126.16888123900003, 34.682319592000056], [126.17257722000011, 34.67759169200008], [126.18859313700011, 34.66948609100007], [126.19680642800006, 34.67522764000006]]], [[[125.19301392800003, 34.66213970600006], [125.20713052200006, 34.66952831000003], [125.21547214600002, 34.678499301000045], [125.22060545300008, 34.68852455200005], [125.21996379000007, 34.70804392600007], [125.21675547300003, 34.71437354500006], [125.20841384900007, 34.714900991000036], [125.19943056200009, 34.706988942000066], [125.19622224500006, 34.68905216300004], [125.18210565100003, 34.67586087500007], [125.180180661, 34.67216693800003], [125.18531396800006, 34.661611923000066], [125.19301392800003, 34.66213970600006]]], [[[125.99558079700012, 34.70798062700004], [125.98859950000008, 34.71236921800005], [125.97258358200008, 34.72857122700003], [125.96478095600003, 34.73160875100007], [125.95492500700004, 34.712031642000056], [125.93726643100001, 34.710006159000045], [125.92905314000006, 34.70764303400006], [125.92576782300011, 34.70291657900003], [125.92453583000008, 34.67556536600006], [125.92576782300011, 34.67218804600003], [125.92864247500006, 34.670499335000045], [125.9364451020001, 34.67252578400007], [125.94096241200009, 34.67083708000007], [125.93973041800007, 34.66779732500004], [125.94178374100011, 34.66543299400007], [125.95081836100007, 34.665770759000054], [125.94753304500011, 34.663406371000065], [125.9569783290001, 34.66306859500003], [125.95903165200002, 34.65698840300007], [125.96724494300008, 34.654623764000064], [125.97627956300005, 34.654623764000064], [125.9840821900001, 34.65732620400007], [125.98859950000008, 34.66881058900003], [125.99311681000006, 34.67252578400007], [125.99763412000004, 34.67556536600006], [126.01611402500009, 34.67759169200008], [126.01898867700004, 34.680968791000055], [126.01693535400011, 34.69548874900005], [126.01159671500011, 34.70460463000006], [126.0111860500001, 34.715744898000025], [126.00625807600011, 34.72452102300008], [126.001330101, 34.72418349700007], [126.00379408800006, 34.71777024000005], [126.00625807600011, 34.71608245900006], [126.0058474110001, 34.708318219000034], [126.00256209500003, 34.70325419200003], [125.99558079700012, 34.70798062700004]]], [[[125.4641808660001, 34.729921252000054], [125.43666634100009, 34.74409517400005], [125.44118365100007, 34.73700851700005], [125.45021827100004, 34.72857122700003], [125.45637823900006, 34.71608245900006], [125.46623418900003, 34.70696784200004], [125.46828751200007, 34.71034374300007], [125.46787684700007, 34.71810779300006], [125.47198349200005, 34.720470619000025], [125.48389276500006, 34.720470619000025], [125.48841007500005, 34.723845969000024], [125.47157282800003, 34.735321128000066], [125.46541286000001, 34.73667104200007], [125.46664485300005, 34.73329621500005], [125.47609013800002, 34.72789620700007], [125.47116216300003, 34.72755869500003], [125.4641808660001, 34.729921252000054]]], [[[126.04116456300005, 34.72114570000008], [126.03171927800008, 34.74105810900005], [126.03007662000005, 34.74881927400003], [126.03089794900006, 34.75725449600003], [126.02309532200002, 34.75894143700003], [126.0214526640001, 34.75219346600005], [126.0214526640001, 34.73835840300006], [126.02432731600004, 34.72418349700007], [126.0276126330001, 34.721483239000065], [126.03705791700008, 34.719457988000045], [126.04116456300005, 34.72114570000008]]], [[[126.0756603850001, 34.744432618000076], [126.07730304300003, 34.74848184700005], [126.0703217460001, 34.758266664000075], [126.07319639800005, 34.76805032200008], [126.06826842300006, 34.76805032200008], [126.05800180900007, 34.76467677800008], [126.05225250600006, 34.75894143700003], [126.06334044900007, 34.753205697000055], [126.07319639800005, 34.74409517400005], [126.0756603850001, 34.744432618000076]]], [[[126.13643873900003, 34.753205697000055], [126.13233209300006, 34.75860405100008], [126.13233209300006, 34.76636356700004], [126.12740411900006, 34.770074382000075], [126.10481756800004, 34.76872501400004], [126.0916763030001, 34.75995358500006], [126.09003364500006, 34.750843806000034], [126.07771370800003, 34.73565860800005], [126.07524972100009, 34.729246242000045], [126.07483905600009, 34.70798062700004], [126.07812437300004, 34.70392941400007], [126.10358557500001, 34.700215627000034], [126.1130308600001, 34.69346286100006], [126.11672684000007, 34.68434575300006], [126.12083348600004, 34.680968791000055], [126.14259870700005, 34.68130649300008], [126.15409731500006, 34.68502112800007], [126.17791585900011, 34.70291657900003], [126.18982513100002, 34.70730543900004], [126.19557443500003, 34.71439464300005], [126.194753106, 34.72722118100006], [126.19228911800008, 34.73059625500008], [126.1828438330001, 34.73565860800005], [126.17257722000011, 34.74814441900003], [126.1668279160001, 34.75185605300004], [126.13643873900003, 34.753205697000055]]], [[[126.00625807600011, 34.78963773900006], [126.00502608200009, 34.79806878900007], [126.00256209500003, 34.799754896000024], [125.99640212600002, 34.80042932900005], [125.97545823400003, 34.78896321800005], [125.96724494300008, 34.782217701000036], [125.95328234800002, 34.77749551200003], [125.94753304500011, 34.77648357900006], [125.91755453200005, 34.77682089100006], [125.90893057700009, 34.77513431600005], [125.90235994400007, 34.75421791500003], [125.90318127300009, 34.747469559000024], [125.89907462700012, 34.74105810900005], [125.89702130500007, 34.73329621500005], [125.91385855100009, 34.70730543900004], [125.9467117160001, 34.716420018000065], [125.95287168400012, 34.72857122700003], [125.9520503550001, 34.73802093300003], [125.94794370900001, 34.74477006200004], [125.96478095600003, 34.744432618000076], [125.98572484800002, 34.75151863900004], [126.00379408800006, 34.75523012100007], [126.00666874, 34.759616203000064], [126.00625807600011, 34.78963773900006]]], [[[126.17586253600007, 34.77513431600005], [126.17545187200005, 34.78862595500004], [126.17257722000011, 34.79671987900008], [126.1721665550001, 34.81863693400004], [126.14629468800001, 34.807510542000045], [126.14342003600007, 34.799417677000065], [126.12658279000004, 34.78896321800005], [126.11467351800002, 34.78559052800006], [126.09003364500006, 34.78390413200003], [126.10030025800006, 34.773785031000045], [126.1294574420001, 34.77479699700007], [126.13931339100009, 34.759616203000064], [126.14383070100007, 34.75657971000004], [126.14999066900009, 34.755904918000056], [126.17463054200005, 34.75489272100003], [126.17586253600007, 34.77513431600005]]], [[[126.08492497800012, 34.78592780400004], [126.08781605600007, 34.788086332000034], [126.08807888100011, 34.79132401800007], [126.08203389900007, 34.803841875000046], [126.06941828400011, 34.81182641200007], [126.06205917500006, 34.82045747300003], [126.05417441600002, 34.823262373000034], [126.04839225900002, 34.81894710300003], [126.06416177800008, 34.80492091200006], [126.07677739300004, 34.787654631000066], [126.0809825980001, 34.78484851800005], [126.08492497800012, 34.78592780400004]]], [[[126.16805991000001, 34.85975781900004], [126.15943595400006, 34.86784475600007], [126.14383070100007, 34.87626780200003], [126.13068943500002, 34.87694160900003], [126.11878016300011, 34.875257082000076], [126.11508418200003, 34.87020329600006], [126.11549484700004, 34.862116591000074], [126.12452946700012, 34.854029092000076], [126.1237081380001, 34.84931101700005], [126.10687089100009, 34.84796294500006], [126.09783627100012, 34.84998504400005], [126.08223101800002, 34.84796294500006], [126.06539377100012, 34.83785170700003], [126.07730304300003, 34.82470524100006], [126.08346301200004, 34.82167114300006], [126.09414029000004, 34.80953363400005], [126.09865760000002, 34.79671987900008], [126.1023535810001, 34.79132401800007], [126.108513549, 34.79132401800007], [126.124940132, 34.79604541600003], [126.12740411900006, 34.802452595000034], [126.12699345400006, 34.82234539700005], [126.13068943500002, 34.83111019200004], [126.13726006800005, 34.83212145500005], [126.14300937200005, 34.82369388800004], [126.14793734600005, 34.823356767000064], [126.15697196700012, 34.834481019000066], [126.15820396000004, 34.840548159000036], [126.14054538500011, 34.847625924000056], [126.13808139700006, 34.853355098000065], [126.14793734600005, 34.85706199700007], [126.16025728300008, 34.858072941000046], [126.16723858000012, 34.85605104100006], [126.16805991000001, 34.85975781900004]]], [[[126.1877718080001, 34.874583262000044], [126.1881824730001, 34.88940603100008], [126.19228911800008, 34.892100793000054], [126.19228911800008, 34.89378497400003], [126.19023579500004, 34.89782686800004], [126.18571848500005, 34.90085815800006], [126.18161184000007, 34.89816368400005], [126.18407582700002, 34.89445863700007], [126.17257722000011, 34.88839547300006], [126.17586253600007, 34.878626100000076], [126.18120117500007, 34.874583262000044], [126.1877718080001, 34.874583262000044]]], [[[126.31343516100003, 34.90557327600004], [126.31014984500007, 34.90793073300006], [126.30481120600007, 34.917023149000045], [126.28920595300008, 34.91028812300004], [126.28427797800009, 34.90624684200003], [126.28386731300009, 34.902205362000075], [126.28838462400006, 34.89715323300004], [126.30522187000008, 34.894121806000044], [126.30686452800012, 34.89041657700005], [126.30440054100006, 34.88367936900005], [126.29865123700006, 34.879636779000066], [126.29125927500002, 34.879636779000066], [126.28345664900007, 34.87492017300008], [126.27893933900009, 34.86043176100003], [126.2690833900001, 34.85605104100006], [126.2579954470001, 34.85537706400004], [126.23787288400001, 34.85874689600007], [126.23294490900003, 34.85065906600005], [126.22719560500002, 34.84526673700003], [126.23540889600008, 34.84189635200005], [126.26004876900004, 34.83717758100005], [126.269494054, 34.83717758100005], [126.28509930700011, 34.84661485200007], [126.29331259800006, 34.84728890100007], [126.301936554, 34.84459267100004], [126.30686452800012, 34.83886288700006], [126.31384582600003, 34.835492240000065], [126.32041645900006, 34.83919994400003], [126.339307028, 34.840548159000036], [126.34300300900009, 34.83717758100005], [126.33725370500008, 34.823019645000045], [126.34259234500007, 34.81661406500007], [126.3491629770001, 34.814253989000065], [126.35573361000002, 34.814253989000065], [126.3651788950001, 34.82133401500005], [126.37216019200002, 34.83279562300004], [126.37257085700003, 34.83919994400003], [126.36969620500008, 34.84964803100007], [126.36353623700006, 34.85537706400004], [126.35655493900003, 34.85739898000003], [126.33561104700004, 34.85773596100006], [126.32575509800006, 34.859420847000024], [126.32246978100011, 34.86346443100007], [126.3220591170001, 34.867170875000056], [126.33355772400012, 34.88233186100007], [126.32698709200008, 34.90456291600003], [126.31877380000003, 34.90422612700007], [126.31343516100003, 34.90557327600004]]], [[[126.08962298000006, 34.91230868900004], [126.08223101800002, 34.92981817500004], [126.0756603850001, 34.93183826000006], [126.06744709400004, 34.931501583000056], [126.0645724420001, 34.91432920500006], [126.05718048000006, 34.91197193100004], [126.04650320200005, 34.91197193100004], [126.03418326500002, 34.90961459000005], [126.02514864500006, 34.917023149000045], [126.01734601900012, 34.90287895600005], [126.00995405700007, 34.894121806000044], [125.9947594680001, 34.87997366900004], [125.98736750600006, 34.875930897000046], [125.97997554400001, 34.874583262000044], [125.97504757000002, 34.86919250100004], [125.97669022800005, 34.86582309600004], [125.98901016500008, 34.86447529600008], [125.995991462, 34.85840991900005], [126.01159671500011, 34.856388028000026], [126.02638063900008, 34.85672501300007], [126.03171927800008, 34.854703080000036], [126.03582592400005, 34.84526673700003], [126.04157522700007, 34.84189635200005], [126.04691386600007, 34.84122225800007], [126.06703643000003, 34.84526673700003], [126.08058836000009, 34.853018098000064], [126.0916763030001, 34.855040073000055], [126.10646022700007, 34.86818169400004], [126.10933487900002, 34.90085815800006], [126.08962298000006, 34.91230868900004]]], [[[126.25512079500004, 34.91399245500003], [126.25635278800007, 34.91870681900008], [126.24937149100003, 34.92409433100005], [126.24485418100005, 34.93251161100005], [126.24074753500008, 34.93318495600005], [126.23540889600008, 34.92981817500004], [126.23007025700008, 34.92948149000006], [126.22760627000002, 34.917023149000045], [126.23048092200008, 34.91264544500007], [126.23540889600008, 34.91197193100004], [126.24239019400011, 34.91399245500003], [126.25512079500004, 34.91399245500003]]], [[[126.28756329400005, 34.95540224300004], [126.27606468700003, 34.964825940000026], [126.27072604800003, 34.96684516200003], [126.26785139600008, 34.96549901900005], [126.27031538300002, 34.95809483800008], [126.26415541500012, 34.95775826900007], [126.269494054, 34.952036374000045], [126.27647535200003, 34.95405591200006], [126.28304598400007, 34.95068998800008], [126.27852867400009, 34.94463097700003], [126.28633130100002, 34.943957726000065], [126.28592063600001, 34.94160130300003], [126.28058199700001, 34.93857151800006], [126.28222465500005, 34.93486829500006], [126.28879528800007, 34.93587828100004], [126.29618725000012, 34.93049154300007], [126.29865123700006, 34.93318495600005], [126.29166994000002, 34.95068998800008], [126.28756329400005, 34.95540224300004]]], [[[126.21282234600005, 34.92140061900005], [126.21816098500005, 34.92914480300004], [126.21980364300009, 34.948670367000034], [126.2255529470001, 34.96146045800003], [126.23048092200008, 34.96684516200003], [126.2313022510001, 34.97256602300007], [126.2308915860001, 34.97828648400008], [126.22678494100012, 34.98131480100005], [126.21733965600004, 34.98232421600005], [126.20214506700006, 34.96650862900003], [126.19803842200008, 34.93352162700006], [126.19762775700008, 34.926451256000064], [126.200091745, 34.91668641000007], [126.20584104800002, 34.91567618800008], [126.21282234600005, 34.92140061900005]]], [[[126.26785139600008, 34.97323903900008], [126.27113671200004, 34.97323903900008], [126.274832693, 34.97626754300006], [126.274832693, 34.98838044000007], [126.2682620600001, 34.99712752900007], [126.25429946600002, 34.996454709000034], [126.25922744000002, 34.987034651000045], [126.26004876900004, 34.973575545000074], [126.26785139600008, 34.97323903900008]]], [[[126.18325449800011, 34.99241767400002], [126.17339854900001, 35.004191803000026], [126.16805991000001, 35.01596423700005], [126.16354260000003, 35.02000011000007], [126.15738263100002, 35.021681665000074], [126.14588402400011, 35.02201797200007], [126.13767073300005, 35.02033642400005], [126.11508418200003, 35.00520093500006], [126.09824693600001, 34.999145955000074], [126.0970149420001, 34.99140838400007], [126.10112158700008, 34.98905332600003], [126.13356408700008, 34.989389767000034], [126.13520674500012, 34.985015926000074], [126.13931339100009, 34.98097832700006], [126.1397240550001, 34.97222951300006], [126.13849206200007, 34.96617209400006], [126.13274275800006, 34.96078734500003], [126.13110010000003, 34.95641197700007], [126.1290467770001, 34.948333759000036], [126.13068943500002, 34.94160130300003], [126.1504013340001, 34.939918103000025], [126.15738263100002, 34.93520495800004], [126.16436392900005, 34.93318495600005], [126.17134522600008, 34.93352162700006], [126.17586253600007, 34.93823486800005], [126.1775051940001, 34.94463097700003], [126.18325449800011, 34.948670367000034], [126.18489715600003, 34.953719326000055], [126.18530782100004, 34.986361748000036], [126.18325449800011, 34.99241767400002]]], [[[126.15245465700002, 35.049926619000075], [126.14259870700005, 35.05093518600006], [126.13643873900003, 35.03681410400003], [126.13643873900003, 35.033451582000055], [126.15779329600002, 35.028407540000046], [126.18859313700011, 35.01394622600003], [126.19680642800006, 35.012937202000046], [126.20296639700007, 35.01630056800008], [126.2041983900001, 35.02706240900005], [126.19557443500003, 35.04017648800004], [126.1877718080001, 35.045556014000056], [126.16723858000012, 35.049590426000066], [126.15245465700002, 35.049926619000075]]], [[[126.03089794900006, 35.071776131000036], [126.03212994300009, 35.081186427000034], [126.03418326500002, 35.084210934000055], [126.02966595500004, 35.08622721000006], [126.02309532200002, 35.096307842000044], [126.01857801200003, 35.09731583700005], [126.01241804400001, 35.09328378400005], [126.01406070200005, 35.082194608000066], [126.01734601900012, 35.07580924800004], [126.02309532200002, 35.07144002900003], [126.03089794900006, 35.071776131000036]]], [[[126.25512187000004, 35.09568772600005], [126.23992620600006, 35.09462782400004], [126.23294490900003, 35.09597184100005], [126.21528633300011, 35.10537934600006], [126.20214506700006, 35.10873890600004], [126.1931104470001, 35.10907485400003], [126.1775051940001, 35.10101171100007], [126.16559592200008, 35.08555512400005], [126.16477459300006, 35.077825732000065], [126.16929190300004, 35.07043171500004], [126.18366516300011, 35.06202861000003], [126.1931104470001, 35.05933943300005], [126.21405434000008, 35.049590426000066], [126.23705155400012, 35.047573245000024], [126.23869421300003, 35.03984025600005], [126.2362302250001, 35.035805362000076], [126.22719560500002, 35.03412409800006], [126.22308896000004, 35.028407540000046], [126.23376623800004, 35.032106535000025], [126.23869421300003, 35.03008892200006], [126.24033687100007, 35.02605354700006], [126.23869421300003, 35.01327354400007], [126.24239019400011, 35.01024640900005], [126.25101414900007, 35.01596423700005], [126.25471013000003, 35.00789189300008], [126.26210209200008, 35.006210055000054], [126.26744073100008, 35.00923733900004], [126.269494054, 35.01663689700007], [126.26415541500012, 35.04152140300005], [126.27297452600104, 35.053143992094], [126.26504842300005, 35.05855087900005], [126.26504842300005, 35.06609566900005], [126.26221226500002, 35.07305947200007], [126.25512187000004, 35.07770167700005], [126.25370379100002, 35.08930603400006], [126.25512187000004, 35.09568772600005]]], [[[126.13233209300006, 35.10302757200003], [126.13643873900003, 35.111426454000025], [126.15409731500006, 35.127214010000046], [126.17093456100008, 35.13695374100007], [126.17463054200005, 35.14131944900004], [126.15532930800009, 35.143670118000045], [126.12576146100002, 35.142326887000024], [126.11919082800011, 35.13829706100006], [126.11138820100007, 35.12452698200008], [126.09783627100012, 35.10873890600004], [126.09331896100002, 35.10470741700004], [126.08551633400009, 35.10168367000006], [126.071143075, 35.09865981100006], [126.06826842300006, 35.09966777600005], [126.06826842300006, 35.109410801000024], [126.065804436, 35.11209832700007], [126.06251912000005, 35.102691598000035], [126.05635915100004, 35.10000376200003], [126.05348449900009, 35.10201964700008], [126.04732453100007, 35.11243426200008], [126.04609253700005, 35.105043382000076], [126.05060984700003, 35.09832381900003], [126.04486054400002, 35.090931660000024], [126.04239655600009, 35.08085036400007], [126.05225250600006, 35.058667125000056], [126.06210845500004, 35.05732249300007], [126.06539377100012, 35.05396081500004], [126.07442839200007, 35.05261610500003], [126.09003364500006, 35.04589222300007], [126.09906826500003, 35.04387495000003], [126.10810288500011, 35.04387495000003], [126.12822544800008, 35.05665016800003], [126.1401347200001, 35.06975949800005], [126.1401347200001, 35.07278442900002], [126.130278771, 35.09462782400004], [126.13233209300006, 35.10302757200003]]]]}}, {"type": "Feature", "properties": {"shapeName": "Ulleung-gun", "shapeISO": "", "shapeID": "91817680B98862203953263", "shapeGroup": "KOR", "shapeType": "ADM2"}, "geometry": {"type": "Polygon", "coordinates": [[[130.84230340500005, 37.53205431500004], [130.83290403900003, 37.52335769000007], [130.79687313700003, 37.51838773500003], [130.789040332, 37.51341744800004], [130.787473771, 37.50223309300003], [130.79687313700003, 37.48856105100003], [130.80627250300006, 37.46991332300007], [130.8156718680001, 37.463696379000055], [130.83290403900003, 37.46120945700005], [130.8595355750001, 37.44877360600003], [130.87206806300003, 37.45126094200003], [130.88616711100008, 37.463696379000055], [130.91436520800005, 37.47612974900005], [130.91436520800005, 37.48856105100003], [130.91123208600004, 37.50968951600004], [130.90496584200002, 37.51714519400008], [130.90966552500004, 37.527084939000076], [130.90496584200002, 37.537023360000035], [130.87363462400003, 37.53578113000003], [130.84230340500005, 37.53205431500004]]]}}]}